transactionId,fanId,matchId,numberOfTickets,totalAmount,status,mechanism,createdAt,durationMs
TXN00000061,FAN_SIM_60,MATCH003,1,0,FAILED,FILE_LOCK,2026-07-13 04:30:04,291
TXN00000016,FAN_SIM_17,MATCH003,1,0,FAILED,FILE_LOCK,2026-07-13 04:30:04,295
TXN00000049,FAN_SIM_48,MATCH003,1,0,FAILED,FILE_LOCK,2026-07-13 04:30:04,293
TXN00000066,FAN_SIM_65,MATCH003,1,0,FAILED,FILE_LOCK,2026-07-13 04:30:04,1
TXN00000029,FAN_SIM_28,MATCH003,1,0,FAILED,FILE_LOCK,2026-07-13 04:30:04,309
TXN00000054,FAN_SIM_53,MATCH003,1,0,FAILED,FILE_LOCK,2026-07-13 04:30:04,323
TXN00000070,FAN_SIM_69,MATCH003,1,0,FAILED,FILE_LOCK,2026-07-13 04:30:04,1
TXN00000019,FAN_SIM_15,MATCH003,1,0,FAILED,FILE_LOCK,2026-07-13 04:30:04,335
TXN00000015,FAN_SIM_14,MATCH003,1,0,FAILED,FILE_LOCK,2026-07-13 04:30:04,335
TXN00000002,FAN_SIM_0,MATCH003,1,0,FAILED,FILE_LOCK,2026-07-13 04:30:04,340
TXN00000032,FAN_SIM_31,MATCH003,1,0,FAILED,FILE_LOCK,2026-07-13 04:30:04,335
TXN00000069,FAN_SIM_68,MATCH003,1,0,FAILED,FILE_LOCK,2026-07-13 04:30:04,7
TXN00000026,FAN_SIM_26,MATCH003,1,0,FAILED,FILE_LOCK,2026-07-13 04:30:04,336
TXN00000012,FAN_SIM_11,MATCH003,1,0,FAILED,FILE_LOCK,2026-07-13 04:30:04,336
TXN00000025,FAN_SIM_27,MATCH003,1,0,FAILED,FILE_LOCK,2026-07-13 04:30:04,336
TXN00000035,FAN_SIM_29,MATCH003,1,0,FAILED,FILE_LOCK,2026-07-13 04:30:04,365
TXN00000071,FAN_SIM_70,MATCH003,1,0,FAILED,FILE_LOCK,2026-07-13 04:30:04,1
TXN00000064,FAN_SIM_63,MATCH003,1,0,FAILED,FILE_LOCK,2026-07-13 04:30:04,331
TXN00000053,FAN_SIM_52,MATCH003,1,0,FAILED,FILE_LOCK,2026-07-13 04:30:04,333
TXN00000031,FAN_SIM_30,MATCH003,1,0,FAILED,FILE_LOCK,2026-07-13 04:30:04,336
TXN00000046,FAN_SIM_45,MATCH003,1,0,FAILED,FILE_LOCK,2026-07-13 04:30:04,333
TXN00000050,FAN_SIM_49,MATCH003,1,0,FAILED,FILE_LOCK,2026-07-13 04:30:04,333
TXN00000013,FAN_SIM_12,MATCH003,1,0,FAILED,FILE_LOCK,2026-07-13 04:30:04,336
TXN00000062,FAN_SIM_61,MATCH003,1,0,FAILED,FILE_LOCK,2026-07-13 04:30:04,333
TXN00000044,FAN_SIM_46,MATCH003,1,0,FAILED,FILE_LOCK,2026-07-13 04:30:04,339
TXN00000060,FAN_SIM_59,MATCH003,1,0,FAILED,FILE_LOCK,2026-07-13 04:30:04,332
TXN00000039,FAN_SIM_37,MATCH003,1,0,FAILED,FILE_LOCK,2026-07-13 04:30:04,333
TXN00000045,FAN_SIM_44,MATCH003,1,0,FAILED,FILE_LOCK,2026-07-13 04:30:04,335
TXN00000014,FAN_SIM_13,MATCH003,1,0,FAILED,FILE_LOCK,2026-07-13 04:30:04,337
TXN00000033,FAN_SIM_32,MATCH003,1,0,FAILED,FILE_LOCK,2026-07-13 04:30:04,336
TXN00000059,FAN_SIM_58,MATCH003,1,0,FAILED,FILE_LOCK,2026-07-13 04:30:04,362
TXN00000030,FAN_SIM_34,MATCH003,1,0,FAILED,FILE_LOCK,2026-07-13 04:30:04,334
TXN00000024,FAN_SIM_23,MATCH003,1,0,FAILED,FILE_LOCK,2026-07-13 04:30:04,366
TXN00000020,FAN_SIM_16,MATCH003,1,0,FAILED,FILE_LOCK,2026-07-13 04:30:04,337
TXN00000017,FAN_SIM_19,MATCH003,1,0,FAILED,FILE_LOCK,2026-07-13 04:30:04,337
TXN00000055,FAN_SIM_54,MATCH003,1,0,FAILED,FILE_LOCK,2026-07-13 04:30:04,369
TXN00000022,FAN_SIM_21,MATCH003,1,0,FAILED,FILE_LOCK,2026-07-13 04:30:04,373
TXN00000006,FAN_SIM_2,MATCH003,1,0,FAILED,FILE_LOCK,2026-07-13 04:30:04,376
TXN00000043,FAN_SIM_41,MATCH003,1,0,FAILED,FILE_LOCK,2026-07-13 04:30:04,371
TXN00000009,FAN_SIM_8,MATCH003,1,0,FAILED,FILE_LOCK,2026-07-13 04:30:04,375
TXN00000040,FAN_SIM_39,MATCH003,1,0,FAILED,FILE_LOCK,2026-07-13 04:30:04,371
TXN00000038,FAN_SIM_35,MATCH003,1,0,FAILED,FILE_LOCK,2026-07-13 04:30:04,333
TXN00000003,FAN_SIM_5,MATCH003,1,0,FAILED,FILE_LOCK,2026-07-13 04:30:04,345
TXN00000018,FAN_SIM_20,MATCH003,1,0,FAILED,FILE_LOCK,2026-07-13 04:30:04,337
TXN00000023,FAN_SIM_22,MATCH003,1,0,FAILED,FILE_LOCK,2026-07-13 04:30:04,337
TXN00000108,FAN_SIM_107,MATCH003,1,0,FAILED,FILE_LOCK,2026-07-13 04:30:04,62
TXN00000048,FAN_SIM_47,MATCH003,1,500000,FAILED,FILE_LOCK,2026-07-13 04:30:04,482
TXN00000089,FAN_SIM_88,MATCH003,1,0,FAILED,FILE_LOCK,2026-07-13 04:30:04,109
TXN00000086,FAN_SIM_85,MATCH003,1,0,FAILED,FILE_LOCK,2026-07-13 04:30:04,109
TXN00000105,FAN_SIM_104,MATCH003,1,0,FAILED,FILE_LOCK,2026-07-13 04:30:04,107
TXN00000027,FAN_SIM_24,MATCH003,1,0,FAILED,FILE_LOCK,2026-07-13 04:30:04,485
TXN00000104,FAN_SIM_102,MATCH003,1,0,FAILED,FILE_LOCK,2026-07-13 04:30:04,107
TXN00000072,FAN_SIM_71,MATCH003,1,0,FAILED,FILE_LOCK,2026-07-13 04:30:04,148
TXN00000094,FAN_SIM_93,MATCH003,1,0,FAILED,FILE_LOCK,2026-07-13 04:30:04,141
TXN00000081,FAN_SIM_79,MATCH003,1,0,FAILED,FILE_LOCK,2026-07-13 04:30:04,109
TXN00000068,FAN_SIM_67,MATCH003,1,0,FAILED,FILE_LOCK,2026-07-13 04:30:04,174
TXN00000037,FAN_SIM_36,MATCH003,1,0,FAILED,FILE_LOCK,2026-07-13 04:30:04,495
TXN00000099,FAN_SIM_98,MATCH003,1,0,FAILED,FILE_LOCK,2026-07-13 04:30:04,108
TXN00000110,FAN_SIM_109,MATCH003,1,0,FAILED,FILE_LOCK,2026-07-13 04:30:04,14
TXN00000092,FAN_SIM_91,MATCH003,1,0,FAILED,FILE_LOCK,2026-07-13 04:30:04,108
TXN00000065,FAN_SIM_64,MATCH003,1,0,FAILED,FILE_LOCK,2026-07-13 04:30:04,187
TXN00000080,FAN_SIM_80,MATCH003,1,0,FAILED,FILE_LOCK,2026-07-13 04:30:04,109
TXN00000095,FAN_SIM_94,MATCH003,1,0,FAILED,FILE_LOCK,2026-07-13 04:30:04,108
TXN00000076,FAN_SIM_75,MATCH003,1,0,FAILED,FILE_LOCK,2026-07-13 04:30:04,143
TXN00000007,FAN_SIM_6,MATCH003,1,0,FAILED,FILE_LOCK,2026-07-13 04:30:04,487
TXN00000084,FAN_SIM_83,MATCH003,1,0,FAILED,FILE_LOCK,2026-07-13 04:30:04,142
TXN00000074,FAN_SIM_73,MATCH003,1,0,FAILED,FILE_LOCK,2026-07-13 04:30:04,143
TXN00000073,FAN_SIM_72,MATCH003,1,0,FAILED,FILE_LOCK,2026-07-13 04:30:04,110
TXN00000107,FAN_SIM_106,MATCH003,1,0,FAILED,FILE_LOCK,2026-07-13 04:30:04,65
TXN00000096,FAN_SIM_95,MATCH003,1,0,FAILED,FILE_LOCK,2026-07-13 04:30:04,108
TXN00000109,FAN_SIM_108,MATCH003,1,0,FAILED,FILE_LOCK,2026-07-13 04:30:04,64
TXN00000097,FAN_SIM_96,MATCH003,1,0,FAILED,FILE_LOCK,2026-07-13 04:30:04,108
TXN00000057,FAN_SIM_56,MATCH003,1,0,FAILED,FILE_LOCK,2026-07-13 04:30:04,481
TXN00000106,FAN_SIM_105,MATCH003,1,0,FAILED,FILE_LOCK,2026-07-13 04:30:04,66
TXN00000088,FAN_SIM_87,MATCH003,1,0,FAILED,FILE_LOCK,2026-07-13 04:30:04,142
TXN00000085,FAN_SIM_84,MATCH003,1,0,FAILED,FILE_LOCK,2026-07-13 04:30:04,164
TXN00000111,FAN_SIM_110,MATCH003,1,0,FAILED,FILE_LOCK,2026-07-13 04:30:04,13
TXN00000103,FAN_SIM_103,MATCH003,1,0,FAILED,FILE_LOCK,2026-07-13 04:30:04,140
TXN00000101,FAN_SIM_100,MATCH003,1,0,FAILED,FILE_LOCK,2026-07-13 04:30:04,163
TXN00000005,FAN_SIM_1,MATCH003,1,0,FAILED,FILE_LOCK,2026-07-13 04:30:04,544
TXN00000079,FAN_SIM_78,MATCH003,1,0,FAILED,FILE_LOCK,2026-07-13 04:30:04,165
TXN00000102,FAN_SIM_101,MATCH003,1,0,FAILED,FILE_LOCK,2026-07-13 04:30:04,163
TXN00000051,FAN_SIM_50,MATCH003,1,0,FAILED,FILE_LOCK,2026-07-13 04:30:04,538
TXN00000067,FAN_SIM_66,MATCH003,1,0,FAILED,FILE_LOCK,2026-07-13 04:30:04,230
TXN00000011,FAN_SIM_10,MATCH003,1,0,FAILED,FILE_LOCK,2026-07-13 04:30:04,543
TXN00000100,FAN_SIM_99,MATCH003,1,0,FAILED,FILE_LOCK,2026-07-13 04:30:04,164
TXN00000090,FAN_SIM_89,MATCH003,1,0,FAILED,FILE_LOCK,2026-07-13 04:30:04,164
TXN00000091,FAN_SIM_90,MATCH003,1,0,FAILED,FILE_LOCK,2026-07-13 04:30:04,164
TXN00000008,FAN_SIM_3,MATCH003,1,0,FAILED,FILE_LOCK,2026-07-13 04:30:04,543
TXN00000028,FAN_SIM_25,MATCH003,1,0,FAILED,FILE_LOCK,2026-07-13 04:30:04,541
TXN00000036,FAN_SIM_38,MATCH003,1,0,FAILED,FILE_LOCK,2026-07-13 04:30:04,540
TXN00000098,FAN_SIM_97,MATCH003,1,0,FAILED,FILE_LOCK,2026-07-13 04:30:04,164
TXN00000004,FAN_SIM_7,MATCH003,1,0,FAILED,FILE_LOCK,2026-07-13 04:30:04,544
TXN00000093,FAN_SIM_92,MATCH003,1,0,FAILED,FILE_LOCK,2026-07-13 04:30:04,141
TXN00000041,FAN_SIM_40,MATCH003,1,500000,FAILED,FILE_LOCK,2026-07-13 04:30:04,541
TXN00000021,FAN_SIM_18,MATCH003,1,500000,FAILED,FILE_LOCK,2026-07-13 04:30:04,543
TXN00000042,FAN_SIM_42,MATCH003,1,500000,FAILED,FILE_LOCK,2026-07-13 04:30:04,542
TXN00000063,FAN_SIM_62,MATCH003,1,500000,FAILED,FILE_LOCK,2026-07-13 04:30:04,540
TXN00000047,FAN_SIM_43,MATCH003,1,500000,FAILED,FILE_LOCK,2026-07-13 04:30:04,541
TXN00000034,FAN_SIM_33,MATCH003,1,500000,FAILED,FILE_LOCK,2026-07-13 04:30:04,544
TXN00000082,FAN_SIM_82,MATCH003,1,500000,FAILED,FILE_LOCK,2026-07-13 04:30:04,209
TXN00000075,FAN_SIM_74,MATCH003,1,500000,FAILED,FILE_LOCK,2026-07-13 04:30:04,234
TXN00000165,FAN_SIM_164,MATCH003,1,0,FAILED,FILE_LOCK,2026-07-13 04:30:04,25
TXN00000126,FAN_SIM_126,MATCH003,1,0,FAILED,FILE_LOCK,2026-07-13 04:30:04,64
TXN00000133,FAN_SIM_134,MATCH003,1,0,FAILED,FILE_LOCK,2026-07-13 04:30:04,63
TXN00000119,FAN_SIM_118,MATCH003,1,0,FAILED,FILE_LOCK,2026-07-13 04:30:04,64
TXN00000127,FAN_SIM_129,MATCH003,1,0,FAILED,FILE_LOCK,2026-07-13 04:30:04,64
TXN00000163,FAN_SIM_162,MATCH003,1,0,FAILED,FILE_LOCK,2026-07-13 04:30:04,62
TXN00000010,FAN_SIM_9,MATCH003,1,0,FAILED,FILE_LOCK,2026-07-13 04:30:04,612
TXN00000052,FAN_SIM_51,MATCH003,1,0,FAILED,FILE_LOCK,2026-07-13 04:30:04,608
TXN00000117,FAN_SIM_116,MATCH003,1,0,FAILED,FILE_LOCK,2026-07-13 04:30:04,66
TXN00000056,FAN_SIM_55,MATCH003,1,0,FAILED,FILE_LOCK,2026-07-13 04:30:04,607
TXN00000150,FAN_SIM_150,MATCH003,1,0,FAILED,FILE_LOCK,2026-07-13 04:30:04,63
TXN00000147,FAN_SIM_147,MATCH003,1,0,FAILED,FILE_LOCK,2026-07-13 04:30:04,63
TXN00000161,FAN_SIM_160,MATCH003,1,0,FAILED,FILE_LOCK,2026-07-13 04:30:04,62
TXN00000158,FAN_SIM_158,MATCH003,1,0,FAILED,FILE_LOCK,2026-07-13 04:30:04,62
TXN00000149,FAN_SIM_149,MATCH003,1,0,FAILED,FILE_LOCK,2026-07-13 04:30:04,64
TXN00000121,FAN_SIM_120,MATCH003,1,0,FAILED,FILE_LOCK,2026-07-13 04:30:04,65
TXN00000083,FAN_SIM_81,MATCH003,1,500000,FAILED,FILE_LOCK,2026-07-13 04:30:04,235
TXN00000112,FAN_SIM_111,MATCH003,1,0,FAILED,FILE_LOCK,2026-07-13 04:30:04,72
TXN00000118,FAN_SIM_117,MATCH003,1,0,FAILED,FILE_LOCK,2026-07-13 04:30:04,71
TXN00000138,FAN_SIM_138,MATCH003,1,0,FAILED,FILE_LOCK,2026-07-13 04:30:04,69
TXN00000136,FAN_SIM_137,MATCH003,1,0,FAILED,FILE_LOCK,2026-07-13 04:30:04,69
TXN00000078,FAN_SIM_77,MATCH003,1,500000,FAILED,FILE_LOCK,2026-07-13 04:30:04,240
TXN00000077,FAN_SIM_76,MATCH003,1,500000,FAILED,FILE_LOCK,2026-07-13 04:30:04,242
TXN00000139,FAN_SIM_139,MATCH003,1,0,FAILED,FILE_LOCK,2026-07-13 04:30:04,69
TXN00000143,FAN_SIM_143,MATCH003,1,0,FAILED,FILE_LOCK,2026-07-13 04:30:04,70
TXN00000058,FAN_SIM_57,MATCH003,1,500000,FAILED,FILE_LOCK,2026-07-13 04:30:04,613
TXN00000144,FAN_SIM_144,MATCH003,1,0,FAILED,FILE_LOCK,2026-07-13 04:30:04,64
TXN00000164,FAN_SIM_163,MATCH003,1,0,FAILED,FILE_LOCK,2026-07-13 04:30:04,62
TXN00000159,FAN_SIM_159,MATCH003,1,0,FAILED,FILE_LOCK,2026-07-13 04:30:04,62
TXN00000146,FAN_SIM_146,MATCH003,1,0,FAILED,FILE_LOCK,2026-07-13 04:30:04,69
TXN00000145,FAN_SIM_145,MATCH003,1,0,FAILED,FILE_LOCK,2026-07-13 04:30:04,69
TXN00000153,FAN_SIM_153,MATCH003,1,0,FAILED,FILE_LOCK,2026-07-13 04:30:04,63
TXN00000151,FAN_SIM_151,MATCH003,1,0,FAILED,FILE_LOCK,2026-07-13 04:30:04,63
TXN00000162,FAN_SIM_161,MATCH003,1,0,FAILED,FILE_LOCK,2026-07-13 04:30:04,69
TXN00000166,FAN_SIM_165,MATCH003,1,0,FAILED,FILE_LOCK,2026-07-13 04:30:04,5
TXN00000114,FAN_SIM_113,MATCH003,1,0,FAILED,FILE_LOCK,2026-07-13 04:30:04,71
TXN00000087,FAN_SIM_86,MATCH003,1,500000,FAILED,FILE_LOCK,2026-07-13 04:30:04,242
TXN00000113,FAN_SIM_112,MATCH003,1,500000,FAILED,FILE_LOCK,2026-07-13 04:30:04,95
TXN00000115,FAN_SIM_114,MATCH003,1,500000,FAILED,FILE_LOCK,2026-07-13 04:30:04,133
TXN00000148,FAN_SIM_148,MATCH003,1,0,FAILED,FILE_LOCK,2026-07-13 04:30:04,69
TXN00000128,FAN_SIM_130,MATCH003,1,0,FAILED,FILE_LOCK,2026-07-13 04:30:04,133
TXN00000169,FAN_SIM_168,MATCH003,1,0,FAILED,FILE_LOCK,2026-07-13 04:30:04,90
TXN00000168,FAN_SIM_167,MATCH003,1,0,FAILED,FILE_LOCK,2026-07-13 04:30:04,43
TXN00000124,FAN_SIM_124,MATCH003,1,0,FAILED,FILE_LOCK,2026-07-13 04:30:04,135
TXN00000120,FAN_SIM_119,MATCH003,1,500000,FAILED,FILE_LOCK,2026-07-13 04:30:04,188
TXN00000134,FAN_SIM_135,MATCH003,1,0,FAILED,FILE_LOCK,2026-07-13 04:30:04,134
TXN00000001,FAN_SIM_4,MATCH003,1,0,FAILED,FILE_LOCK,2026-07-13 04:30:04,760
TXN00000142,FAN_SIM_142,MATCH003,1,0,FAILED,FILE_LOCK,2026-07-13 04:30:04,276
TXN00000152,FAN_SIM_152,MATCH003,1,0,FAILED,FILE_LOCK,2026-07-13 04:30:04,276
TXN00000178,FAN_SIM_178,MATCH003,1,0,FAILED,FILE_LOCK,2026-07-13 04:30:04,145
TXN00000167,FAN_SIM_166,MATCH003,1,0,FAILED,FILE_LOCK,2026-07-13 04:30:04,207
TXN00000172,FAN_SIM_170,MATCH003,1,0,FAILED,FILE_LOCK,2026-07-13 04:30:04,145
TXN00000175,FAN_SIM_174,MATCH003,1,0,FAILED,FILE_LOCK,2026-07-13 04:30:04,146
TXN00000170,FAN_SIM_169,MATCH003,1,0,FAILED,FILE_LOCK,2026-07-13 04:30:04,145
TXN00000154,FAN_SIM_154,MATCH003,1,0,FAILED,FILE_LOCK,2026-07-13 04:30:04,276
TXN00000206,FAN_SIM_205,MATCH003,1,0,FAILED,FILE_LOCK,2026-07-13 04:30:04,84
TXN00000130,FAN_SIM_131,MATCH003,1,0,FAILED,FILE_LOCK,2026-07-13 04:30:04,276
TXN00000141,FAN_SIM_141,MATCH003,1,0,FAILED,FILE_LOCK,2026-07-13 04:30:04,277
TXN00000171,FAN_SIM_171,MATCH003,1,0,FAILED,FILE_LOCK,2026-07-13 04:30:04,146
TXN00000132,FAN_SIM_133,MATCH003,1,0,FAILED,FILE_LOCK,2026-07-13 04:30:04,193
TXN00000137,FAN_SIM_121,MATCH003,1,0,FAILED,FILE_LOCK,2026-07-13 04:30:04,193
TXN00000157,FAN_SIM_157,MATCH003,1,0,FAILED,FILE_LOCK,2026-07-13 04:30:04,277
TXN00000212,FAN_SIM_211,MATCH003,1,0,FAILED,FILE_LOCK,2026-07-13 04:30:04,34
TXN00000176,FAN_SIM_175,MATCH003,1,0,FAILED,FILE_LOCK,2026-07-13 04:30:04,147
TXN00000140,FAN_SIM_140,MATCH003,1,500000,FAILED,FILE_LOCK,2026-07-13 04:30:04,416
TXN00000197,FAN_SIM_196,MATCH003,1,0,FAILED,FILE_LOCK,2026-07-13 04:30:05,304
TXN00000207,FAN_SIM_206,MATCH003,1,0,FAILED,FILE_LOCK,2026-07-13 04:30:05,296
TXN00000201,FAN_SIM_200,MATCH003,1,0,FAILED,FILE_LOCK,2026-07-13 04:30:05,301
TXN00000204,FAN_SIM_203,MATCH003,1,0,FAILED,FILE_LOCK,2026-07-13 04:30:05,299
TXN00000199,FAN_SIM_198,MATCH003,1,0,FAILED,FILE_LOCK,2026-07-13 04:30:05,301
TXN00000195,FAN_SIM_194,MATCH003,1,0,FAILED,FILE_LOCK,2026-07-13 04:30:05,304
TXN00000202,FAN_SIM_201,MATCH003,1,0,FAILED,FILE_LOCK,2026-07-13 04:30:05,301
TXN00000200,FAN_SIM_199,MATCH003,1,0,FAILED,FILE_LOCK,2026-07-13 04:30:05,301
TXN00000231,FAN_SIM_230,MATCH003,1,0,FAILED,FILE_LOCK,2026-07-13 04:30:05,6
TXN00000225,FAN_SIM_224,MATCH003,1,0,FAILED,FILE_LOCK,2026-07-13 04:30:05,212
TXN00000205,FAN_SIM_204,MATCH003,1,0,FAILED,FILE_LOCK,2026-07-13 04:30:05,299
TXN00000229,FAN_SIM_228,MATCH003,1,0,FAILED,FILE_LOCK,2026-07-13 04:30:05,7
TXN00000173,FAN_SIM_172,MATCH003,1,0,FAILED,FILE_LOCK,2026-07-13 04:30:05,357
TXN00000209,FAN_SIM_208,MATCH003,1,0,FAILED,FILE_LOCK,2026-07-13 04:30:05,281
TXN00000180,FAN_SIM_179,MATCH003,1,0,FAILED,FILE_LOCK,2026-07-13 04:30:05,357
TXN00000177,FAN_SIM_176,MATCH003,1,0,FAILED,FILE_LOCK,2026-07-13 04:30:05,358
TXN00000185,FAN_SIM_182,MATCH003,1,0,FAILED,FILE_LOCK,2026-07-13 04:30:05,357
TXN00000228,FAN_SIM_227,MATCH003,1,0,FAILED,FILE_LOCK,2026-07-13 04:30:05,73
TXN00000135,FAN_SIM_136,MATCH003,1,0,FAILED,FILE_LOCK,2026-07-13 04:30:05,489
TXN00000183,FAN_SIM_183,MATCH003,1,0,FAILED,FILE_LOCK,2026-07-13 04:30:05,357
TXN00000181,FAN_SIM_180,MATCH003,1,0,FAILED,FILE_LOCK,2026-07-13 04:30:05,357
TXN00000129,FAN_SIM_128,MATCH003,1,0,FAILED,FILE_LOCK,2026-07-13 04:30:05,490
TXN00000190,FAN_SIM_189,MATCH003,1,0,FAILED,FILE_LOCK,2026-07-13 04:30:05,318
TXN00000131,FAN_SIM_132,MATCH003,1,0,FAILED,FILE_LOCK,2026-07-13 04:30:05,489
TXN00000193,FAN_SIM_192,MATCH003,1,0,FAILED,FILE_LOCK,2026-07-13 04:30:05,315
TXN00000230,FAN_SIM_229,MATCH003,1,0,FAILED,FILE_LOCK,2026-07-13 04:30:05,8
TXN00000160,FAN_SIM_127,MATCH003,1,0,FAILED,FILE_LOCK,2026-07-13 04:30:05,488
TXN00000179,FAN_SIM_177,MATCH003,1,0,FAILED,FILE_LOCK,2026-07-13 04:30:05,359
TXN00000226,FAN_SIM_226,MATCH003,1,0,FAILED,FILE_LOCK,2026-07-13 04:30:05,96
TXN00000203,FAN_SIM_202,MATCH003,1,500000,FAILED,FILE_LOCK,2026-07-13 04:30:05,304
TXN00000234,FAN_SIM_233,MATCH003,1,0,FAILED,FILE_LOCK,2026-07-13 04:30:05,1
TXN00000223,FAN_SIM_222,MATCH003,1,0,FAILED,FILE_LOCK,2026-07-13 04:30:05,212
TXN00000227,FAN_SIM_225,MATCH003,1,0,FAILED,FILE_LOCK,2026-07-13 04:30:05,97
TXN00000233,FAN_SIM_232,MATCH003,1,0,FAILED,FILE_LOCK,2026-07-13 04:30:05,1
TXN00000237,FAN_SIM_236,MATCH003,1,0,FAILED,FILE_LOCK,2026-07-13 04:30:05,1
TXN00000236,FAN_SIM_235,MATCH003,1,0,FAILED,FILE_LOCK,2026-07-13 04:30:05,3
TXN00000235,FAN_SIM_234,MATCH003,1,0,FAILED,FILE_LOCK,2026-07-13 04:30:05,3
TXN00000187,FAN_SIM_186,MATCH003,1,500000,FAILED,FILE_LOCK,2026-07-13 04:30:05,359
TXN00000232,FAN_SIM_231,MATCH003,1,0,FAILED,FILE_LOCK,2026-07-13 04:30:05,2
TXN00000238,FAN_SIM_237,MATCH003,1,0,FAILED,FILE_LOCK,2026-07-13 04:30:05,0
TXN00000240,FAN_SIM_239,MATCH003,1,0,FAILED,FILE_LOCK,2026-07-13 04:30:05,0
TXN00000239,FAN_SIM_238,MATCH003,1,0,FAILED,FILE_LOCK,2026-07-13 04:30:05,1
TXN00000244,FAN_SIM_243,MATCH003,1,0,FAILED,FILE_LOCK,2026-07-13 04:30:05,0
TXN00000241,FAN_SIM_240,MATCH003,1,0,FAILED,FILE_LOCK,2026-07-13 04:30:05,1
TXN00000243,FAN_SIM_242,MATCH003,1,0,FAILED,FILE_LOCK,2026-07-13 04:30:05,1
TXN00000242,FAN_SIM_241,MATCH003,1,0,FAILED,FILE_LOCK,2026-07-13 04:30:05,1
TXN00000216,FAN_SIM_215,MATCH003,1,500000,FAILED,FILE_LOCK,2026-07-13 04:30:05,219
TXN00000245,FAN_SIM_244,MATCH003,1,0,FAILED,FILE_LOCK,2026-07-13 04:30:05,1
TXN00000214,FAN_SIM_213,MATCH003,1,500000,FAILED,FILE_LOCK,2026-07-13 04:30:05,219
TXN00000246,FAN_SIM_245,MATCH003,1,0,FAILED,FILE_LOCK,2026-07-13 04:30:05,1
TXN00000220,FAN_SIM_219,MATCH003,1,500000,FAILED,FILE_LOCK,2026-07-13 04:30:05,224
TXN00000194,FAN_SIM_193,MATCH003,1,500000,FAILED,FILE_LOCK,2026-07-13 04:30:05,318
TXN00000215,FAN_SIM_214,MATCH003,1,500000,FAILED,FILE_LOCK,2026-07-13 04:30:05,225
TXN00000208,FAN_SIM_207,MATCH003,1,500000,FAILED,FILE_LOCK,2026-07-13 04:30:05,309
TXN00000219,FAN_SIM_218,MATCH003,1,500000,FAILED,FILE_LOCK,2026-07-13 04:30:05,226
TXN00000248,FAN_SIM_247,MATCH003,1,0,FAILED,FILE_LOCK,2026-07-13 04:30:05,7
TXN00000254,FAN_SIM_253,MATCH003,1,0,FAILED,FILE_LOCK,2026-07-13 04:30:05,7
TXN00000256,FAN_SIM_256,MATCH003,1,0,FAILED,FILE_LOCK,2026-07-13 04:30:05,6
TXN00000251,FAN_SIM_250,MATCH003,1,0,FAILED,FILE_LOCK,2026-07-13 04:30:05,7
TXN00000249,FAN_SIM_248,MATCH003,1,0,FAILED,FILE_LOCK,2026-07-13 04:30:05,7
TXN00000184,FAN_SIM_184,MATCH003,1,500000,FAILED,FILE_LOCK,2026-07-13 04:30:05,371
TXN00000196,FAN_SIM_195,MATCH003,1,500000,FAILED,FILE_LOCK,2026-07-13 04:30:05,320
TXN00000247,FAN_SIM_246,MATCH003,1,0,FAILED,FILE_LOCK,2026-07-13 04:30:05,8
TXN00000224,FAN_SIM_223,MATCH003,1,500000,FAILED,FILE_LOCK,2026-07-13 04:30:05,227
TXN00000221,FAN_SIM_220,MATCH003,1,500000,FAILED,FILE_LOCK,2026-07-13 04:30:05,227
TXN00000222,FAN_SIM_221,MATCH003,1,500000,FAILED,FILE_LOCK,2026-07-13 04:30:05,227
TXN00000211,FAN_SIM_210,MATCH003,1,500000,FAILED,FILE_LOCK,2026-07-13 04:30:05,262
TXN00000252,FAN_SIM_251,MATCH003,1,0,FAILED,FILE_LOCK,2026-07-13 04:30:05,7
TXN00000253,FAN_SIM_252,MATCH003,1,0,FAILED,FILE_LOCK,2026-07-13 04:30:05,7
TXN00000250,FAN_SIM_249,MATCH003,1,0,FAILED,FILE_LOCK,2026-07-13 04:30:05,8
TXN00000267,FAN_SIM_266,MATCH003,1,0,FAILED,FILE_LOCK,2026-07-13 04:30:05,6
TXN00000265,FAN_SIM_264,MATCH003,1,0,FAILED,FILE_LOCK,2026-07-13 04:30:05,6
TXN00000264,FAN_SIM_263,MATCH003,1,0,FAILED,FILE_LOCK,2026-07-13 04:30:05,7
TXN00000258,FAN_SIM_258,MATCH003,1,0,FAILED,FILE_LOCK,2026-07-13 04:30:05,7
TXN00000269,FAN_SIM_268,MATCH003,1,0,FAILED,FILE_LOCK,2026-07-13 04:30:05,6
TXN00000259,FAN_SIM_259,MATCH003,1,0,FAILED,FILE_LOCK,2026-07-13 04:30:05,7
TXN00000255,FAN_SIM_254,MATCH003,1,0,FAILED,FILE_LOCK,2026-07-13 04:30:05,8
TXN00000277,FAN_SIM_276,MATCH003,1,0,FAILED,FILE_LOCK,2026-07-13 04:30:05,7
TXN00000260,FAN_SIM_260,MATCH003,1,0,FAILED,FILE_LOCK,2026-07-13 04:30:05,7
TXN00000257,FAN_SIM_257,MATCH003,1,0,FAILED,FILE_LOCK,2026-07-13 04:30:05,8
TXN00000283,FAN_SIM_282,MATCH003,1,0,FAILED,FILE_LOCK,2026-07-13 04:30:05,4
TXN00000213,FAN_SIM_212,MATCH003,1,500000,FAILED,FILE_LOCK,2026-07-13 04:30:05,230
TXN00000278,FAN_SIM_277,MATCH003,1,0,FAILED,FILE_LOCK,2026-07-13 04:30:05,8
TXN00000280,FAN_SIM_279,MATCH003,1,0,FAILED,FILE_LOCK,2026-07-13 04:30:05,6
TXN00000271,FAN_SIM_271,MATCH003,1,0,FAILED,FILE_LOCK,2026-07-13 04:30:05,7
TXN00000286,FAN_SIM_285,MATCH003,1,0,FAILED,FILE_LOCK,2026-07-13 04:30:05,3
TXN00000262,FAN_SIM_261,MATCH003,1,0,FAILED,FILE_LOCK,2026-07-13 04:30:05,9
TXN00000287,FAN_SIM_286,MATCH003,1,0,FAILED,FILE_LOCK,2026-07-13 04:30:05,3
TXN00000285,FAN_SIM_284,MATCH003,1,0,FAILED,FILE_LOCK,2026-07-13 04:30:05,3
TXN00000263,FAN_SIM_262,MATCH003,1,0,FAILED,FILE_LOCK,2026-07-13 04:30:05,8
TXN00000261,FAN_SIM_255,MATCH003,1,0,FAILED,FILE_LOCK,2026-07-13 04:30:05,8
TXN00000284,FAN_SIM_283,MATCH003,1,0,FAILED,FILE_LOCK,2026-07-13 04:30:05,3
TXN00000282,FAN_SIM_281,MATCH003,1,0,FAILED,FILE_LOCK,2026-07-13 04:30:05,3
TXN00000281,FAN_SIM_280,MATCH003,1,0,FAILED,FILE_LOCK,2026-07-13 04:30:05,7
TXN00000275,FAN_SIM_274,MATCH003,1,0,FAILED,FILE_LOCK,2026-07-13 04:30:05,7
TXN00000273,FAN_SIM_272,MATCH003,1,0,FAILED,FILE_LOCK,2026-07-13 04:30:05,7
TXN00000268,FAN_SIM_267,MATCH003,1,0,FAILED,FILE_LOCK,2026-07-13 04:30:05,8
TXN00000288,FAN_SIM_287,MATCH003,1,0,FAILED,FILE_LOCK,2026-07-13 04:30:05,3
TXN00000266,FAN_SIM_265,MATCH003,1,0,FAILED,FILE_LOCK,2026-07-13 04:30:05,8
TXN00000272,FAN_SIM_270,MATCH003,1,0,FAILED,FILE_LOCK,2026-07-13 04:30:05,8
TXN00000218,FAN_SIM_217,MATCH003,1,500000,FAILED,FILE_LOCK,2026-07-13 04:30:05,230
TXN00000279,FAN_SIM_278,MATCH003,1,0,FAILED,FILE_LOCK,2026-07-13 04:30:05,8
TXN00000276,FAN_SIM_275,MATCH003,1,0,FAILED,FILE_LOCK,2026-07-13 04:30:05,8
TXN00000274,FAN_SIM_273,MATCH003,1,0,FAILED,FILE_LOCK,2026-07-13 04:30:05,7
TXN00000270,FAN_SIM_269,MATCH003,1,0,FAILED,FILE_LOCK,2026-07-13 04:30:05,7
TXN00000174,FAN_SIM_173,MATCH003,1,500000,FAILED,FILE_LOCK,2026-07-13 04:30:05,445
TXN00000313,FAN_SIM_312,MATCH003,1,0,FAILED,FILE_LOCK,2026-07-13 04:30:05,68
TXN00000299,FAN_SIM_298,MATCH003,1,0,FAILED,FILE_LOCK,2026-07-13 04:30:05,69
TXN00000336,FAN_SIM_335,MATCH003,1,0,FAILED,FILE_LOCK,2026-07-13 04:30:05,64
TXN00000289,FAN_SIM_288,MATCH003,1,500000,FAILED,FILE_LOCK,2026-07-13 04:30:05,87
TXN00000309,FAN_SIM_306,MATCH003,1,0,FAILED,FILE_LOCK,2026-07-13 04:30:05,69
TXN00000293,FAN_SIM_292,MATCH003,1,0,FAILED,FILE_LOCK,2026-07-13 04:30:05,71
TXN00000328,FAN_SIM_327,MATCH003,1,0,FAILED,FILE_LOCK,2026-07-13 04:30:05,65
TXN00000317,FAN_SIM_316,MATCH003,1,0,FAILED,FILE_LOCK,2026-07-13 04:30:05,69
TXN00000315,FAN_SIM_314,MATCH003,1,0,FAILED,FILE_LOCK,2026-07-13 04:30:05,69
TXN00000321,FAN_SIM_320,MATCH003,1,0,FAILED,FILE_LOCK,2026-07-13 04:30:05,68
TXN00000305,FAN_SIM_304,MATCH003,1,0,FAILED,FILE_LOCK,2026-07-13 04:30:05,69
TXN00000319,FAN_SIM_318,MATCH003,1,0,FAILED,FILE_LOCK,2026-07-13 04:30:05,68
TXN00000306,FAN_SIM_305,MATCH003,1,0,FAILED,FILE_LOCK,2026-07-13 04:30:05,68
TXN00000337,FAN_SIM_336,MATCH003,1,0,FAILED,FILE_LOCK,2026-07-13 04:30:05,3
TXN00000325,FAN_SIM_326,MATCH003,1,0,FAILED,FILE_LOCK,2026-07-13 04:30:05,65
TXN00000333,FAN_SIM_332,MATCH003,1,0,FAILED,FILE_LOCK,2026-07-13 04:30:05,65
TXN00000323,FAN_SIM_322,MATCH003,1,0,FAILED,FILE_LOCK,2026-07-13 04:30:05,68
TXN00000302,FAN_SIM_301,MATCH003,1,0,FAILED,FILE_LOCK,2026-07-13 04:30:05,69
TXN00000310,FAN_SIM_309,MATCH003,1,0,FAILED,FILE_LOCK,2026-07-13 04:30:05,68
TXN00000335,FAN_SIM_334,MATCH003,1,0,FAILED,FILE_LOCK,2026-07-13 04:30:05,65
TXN00000311,FAN_SIM_310,MATCH003,1,0,FAILED,FILE_LOCK,2026-07-13 04:30:05,69
TXN00000322,FAN_SIM_321,MATCH003,1,0,FAILED,FILE_LOCK,2026-07-13 04:30:05,68
TXN00000332,FAN_SIM_331,MATCH003,1,0,FAILED,FILE_LOCK,2026-07-13 04:30:05,65
TXN00000292,FAN_SIM_291,MATCH003,1,0,FAILED,FILE_LOCK,2026-07-13 04:30:05,73
TXN00000334,FAN_SIM_333,MATCH003,1,0,FAILED,FILE_LOCK,2026-07-13 04:30:05,65
TXN00000330,FAN_SIM_329,MATCH003,1,0,FAILED,FILE_LOCK,2026-07-13 04:30:05,65
TXN00000312,FAN_SIM_311,MATCH003,1,0,FAILED,FILE_LOCK,2026-07-13 04:30:05,68
TXN00000329,FAN_SIM_328,MATCH003,1,0,FAILED,FILE_LOCK,2026-07-13 04:30:05,65
TXN00000327,FAN_SIM_324,MATCH003,1,0,FAILED,FILE_LOCK,2026-07-13 04:30:05,65
TXN00000294,FAN_SIM_293,MATCH003,1,0,FAILED,FILE_LOCK,2026-07-13 04:30:05,72
TXN00000331,FAN_SIM_330,MATCH003,1,0,FAILED,FILE_LOCK,2026-07-13 04:30:05,65
TXN00000316,FAN_SIM_315,MATCH003,1,0,FAILED,FILE_LOCK,2026-07-13 04:30:05,83
TXN00000318,FAN_SIM_317,MATCH003,1,0,FAILED,FILE_LOCK,2026-07-13 04:30:05,83
TXN00000314,FAN_SIM_313,MATCH003,1,0,FAILED,FILE_LOCK,2026-07-13 04:30:05,83
TXN00000308,FAN_SIM_308,MATCH003,1,0,FAILED,FILE_LOCK,2026-07-13 04:30:05,82
TXN00000304,FAN_SIM_303,MATCH003,1,0,FAILED,FILE_LOCK,2026-07-13 04:30:05,83
TXN00000326,FAN_SIM_325,MATCH003,1,0,FAILED,FILE_LOCK,2026-07-13 04:30:05,80
TXN00000324,FAN_SIM_323,MATCH003,1,0,FAILED,FILE_LOCK,2026-07-13 04:30:05,82
TXN00000303,FAN_SIM_302,MATCH003,1,0,FAILED,FILE_LOCK,2026-07-13 04:30:05,83
TXN00000298,FAN_SIM_297,MATCH003,1,0,FAILED,FILE_LOCK,2026-07-13 04:30:05,84
TXN00000307,FAN_SIM_307,MATCH003,1,0,FAILED,FILE_LOCK,2026-07-13 04:30:05,83
TXN00000338,FAN_SIM_337,MATCH003,1,0,FAILED,FILE_LOCK,2026-07-13 04:30:05,0
TXN00000340,FAN_SIM_339,MATCH003,1,0,FAILED,FILE_LOCK,2026-07-13 04:30:05,0
TXN00000188,FAN_SIM_187,MATCH003,1,500000,FAILED,FILE_LOCK,2026-07-13 04:30:05,458
TXN00000301,FAN_SIM_300,MATCH003,1,0,FAILED,FILE_LOCK,2026-07-13 04:30:05,83
TXN00000122,FAN_SIM_123,MATCH003,1,500000,FAILED,FILE_LOCK,2026-07-13 04:30:05,596
TXN00000320,FAN_SIM_319,MATCH003,1,0,FAILED,FILE_LOCK,2026-07-13 04:30:05,82
TXN00000339,FAN_SIM_338,MATCH003,1,0,FAILED,FILE_LOCK,2026-07-13 04:30:05,0
TXN00000189,FAN_SIM_188,MATCH003,1,500000,FAILED,FILE_LOCK,2026-07-13 04:30:05,424
TXN00000186,FAN_SIM_185,MATCH003,1,500000,FAILED,FILE_LOCK,2026-07-13 04:30:05,463
TXN00000191,FAN_SIM_190,MATCH003,1,500000,FAILED,FILE_LOCK,2026-07-13 04:30:05,423
TXN00000123,FAN_SIM_122,MATCH003,1,500000,FAILED,FILE_LOCK,2026-07-13 04:30:05,597
TXN00000125,FAN_SIM_125,MATCH003,1,500000,FAILED,FILE_LOCK,2026-07-13 04:30:05,597
TXN00000155,FAN_SIM_155,MATCH003,1,500000,FAILED,FILE_LOCK,2026-07-13 04:30:05,598
TXN00000156,FAN_SIM_156,MATCH003,1,500000,FAILED,FILE_LOCK,2026-07-13 04:30:05,598
TXN00000198,FAN_SIM_197,MATCH003,1,500000,FAILED,FILE_LOCK,2026-07-13 04:30:05,415
TXN00000182,FAN_SIM_181,MATCH003,1,500000,FAILED,FILE_LOCK,2026-07-13 04:30:05,470
TXN00000192,FAN_SIM_191,MATCH003,1,500000,FAILED,FILE_LOCK,2026-07-13 04:30:05,428
TXN00000116,FAN_SIM_115,MATCH003,1,500000,FAILED,FILE_LOCK,2026-07-13 04:30:05,605
TXN00000210,FAN_SIM_209,MATCH003,1,500000,FAILED,FILE_LOCK,2026-07-13 04:30:05,363
TXN00000217,FAN_SIM_216,MATCH003,1,500000,FAILED,FILE_LOCK,2026-07-13 04:30:05,338
TXN00000290,FAN_SIM_289,MATCH003,1,500000,FAILED,FILE_LOCK,2026-07-13 04:30:05,111
TXN00000291,FAN_SIM_290,MATCH003,1,500000,FAILED,FILE_LOCK,2026-07-13 04:30:05,109
TXN00000297,FAN_SIM_296,MATCH003,1,500000,FAILED,FILE_LOCK,2026-07-13 04:30:05,107
TXN00000300,FAN_SIM_299,MATCH003,1,500000,FAILED,FILE_LOCK,2026-07-13 04:30:05,111
TXN00000295,FAN_SIM_294,MATCH003,1,500000,FAILED,FILE_LOCK,2026-07-13 04:30:05,140
TXN00000363,FAN_SIM_355,MATCH003,1,0,FAILED,FILE_LOCK,2026-07-13 04:30:05,109
TXN00000379,FAN_SIM_378,MATCH003,1,0,FAILED,FILE_LOCK,2026-07-13 04:30:05,108
TXN00000353,FAN_SIM_352,MATCH003,1,0,FAILED,FILE_LOCK,2026-07-13 04:30:05,109
TXN00000296,FAN_SIM_295,MATCH003,1,500000,FAILED,FILE_LOCK,2026-07-13 04:30:05,220
TXN00000383,FAN_SIM_382,MATCH003,1,0,FAILED,FILE_LOCK,2026-07-13 04:30:05,108
TXN00000393,FAN_SIM_392,MATCH003,1,0,FAILED,FILE_LOCK,2026-07-13 04:30:05,107
TXN00000380,FAN_SIM_379,MATCH003,1,0,FAILED,FILE_LOCK,2026-07-13 04:30:05,130
TXN00000360,FAN_SIM_360,MATCH003,1,0,FAILED,FILE_LOCK,2026-07-13 04:30:05,131
TXN00000376,FAN_SIM_375,MATCH003,1,0,FAILED,FILE_LOCK,2026-07-13 04:30:05,130
TXN00000356,FAN_SIM_356,MATCH003,1,0,FAILED,FILE_LOCK,2026-07-13 04:30:05,109
TXN00000384,FAN_SIM_383,MATCH003,1,0,FAILED,FILE_LOCK,2026-07-13 04:30:05,108
TXN00000359,FAN_SIM_359,MATCH003,1,0,FAILED,FILE_LOCK,2026-07-13 04:30:05,109
TXN00000362,FAN_SIM_362,MATCH003,1,0,FAILED,FILE_LOCK,2026-07-13 04:30:05,109
TXN00000361,FAN_SIM_361,MATCH003,1,0,FAILED,FILE_LOCK,2026-07-13 04:30:05,131
TXN00000399,FAN_SIM_398,MATCH003,1,0,FAILED,FILE_LOCK,2026-07-13 04:30:05,91
TXN00000395,FAN_SIM_394,MATCH003,1,0,FAILED,FILE_LOCK,2026-07-13 04:30:05,104
TXN00000373,FAN_SIM_372,MATCH003,1,0,FAILED,FILE_LOCK,2026-07-13 04:30:05,132
TXN00000396,FAN_SIM_395,MATCH003,1,0,FAILED,FILE_LOCK,2026-07-13 04:30:05,127
TXN00000365,FAN_SIM_364,MATCH003,1,0,FAILED,FILE_LOCK,2026-07-13 04:30:05,133
TXN00000387,FAN_SIM_386,MATCH003,1,0,FAILED,FILE_LOCK,2026-07-13 04:30:05,130
TXN00000367,FAN_SIM_367,MATCH003,1,0,FAILED,FILE_LOCK,2026-07-13 04:30:05,109
TXN00000351,FAN_SIM_350,MATCH003,1,0,FAILED,FILE_LOCK,2026-07-13 04:30:05,131
TXN00000366,FAN_SIM_366,MATCH003,1,0,FAILED,FILE_LOCK,2026-07-13 04:30:05,133
TXN00000369,FAN_SIM_369,MATCH003,1,0,FAILED,FILE_LOCK,2026-07-13 04:30:05,133
TXN00000374,FAN_SIM_373,MATCH003,1,0,FAILED,FILE_LOCK,2026-07-13 04:30:05,133
TXN00000382,FAN_SIM_381,MATCH003,1,0,FAILED,FILE_LOCK,2026-07-13 04:30:05,130
TXN00000368,FAN_SIM_368,MATCH003,1,0,FAILED,FILE_LOCK,2026-07-13 04:30:05,133
TXN00000357,FAN_SIM_357,MATCH003,1,0,FAILED,FILE_LOCK,2026-07-13 04:30:05,131
TXN00000378,FAN_SIM_377,MATCH003,1,0,FAILED,FILE_LOCK,2026-07-13 04:30:05,130
TXN00000364,FAN_SIM_363,MATCH003,1,0,FAILED,FILE_LOCK,2026-07-13 04:30:05,131
TXN00000398,FAN_SIM_397,MATCH003,1,0,FAILED,FILE_LOCK,2026-07-13 04:30:05,90
TXN00000370,FAN_SIM_370,MATCH003,1,0,FAILED,FILE_LOCK,2026-07-13 04:30:05,133
TXN00000375,FAN_SIM_374,MATCH003,1,0,FAILED,FILE_LOCK,2026-07-13 04:30:05,108
TXN00000392,FAN_SIM_391,MATCH003,1,0,FAILED,FILE_LOCK,2026-07-13 04:30:05,107
TXN00000385,FAN_SIM_384,MATCH003,1,0,FAILED,FILE_LOCK,2026-07-13 04:30:05,130
TXN00000381,FAN_SIM_380,MATCH003,1,0,FAILED,FILE_LOCK,2026-07-13 04:30:05,130
TXN00000401,FAN_SIM_400,MATCH003,1,0,FAILED,FILE_LOCK,2026-07-13 04:30:05,89
TXN00000397,FAN_SIM_396,MATCH003,1,0,FAILED,FILE_LOCK,2026-07-13 04:30:05,102
TXN00000386,FAN_SIM_385,MATCH003,1,0,FAILED,FILE_LOCK,2026-07-13 04:30:05,133
TXN00000371,FAN_SIM_365,MATCH003,1,0,FAILED,FILE_LOCK,2026-07-13 04:30:05,130
TXN00000354,FAN_SIM_353,MATCH003,1,0,FAILED,FILE_LOCK,2026-07-13 04:30:05,131
TXN00000388,FAN_SIM_387,MATCH003,1,0,FAILED,FILE_LOCK,2026-07-13 04:30:05,133
TXN00000372,FAN_SIM_371,MATCH003,1,0,FAILED,FILE_LOCK,2026-07-13 04:30:05,132
TXN00000344,FAN_SIM_343,MATCH003,1,500000,FAILED,FILE_LOCK,2026-07-13 04:30:05,136
TXN00000390,FAN_SIM_389,MATCH003,1,0,FAILED,FILE_LOCK,2026-07-13 04:30:05,132
TXN00000389,FAN_SIM_388,MATCH003,1,0,FAILED,FILE_LOCK,2026-07-13 04:30:05,132
TXN00000377,FAN_SIM_376,MATCH003,1,0,FAILED,FILE_LOCK,2026-07-13 04:30:05,132
TXN00000400,FAN_SIM_399,MATCH003,1,0,FAILED,FILE_LOCK,2026-07-13 04:30:05,113
TXN00000394,FAN_SIM_393,MATCH003,1,500000,FAILED,FILE_LOCK,2026-07-13 04:30:05,132
TXN00000403,FAN_SIM_402,MATCH003,1,500000,FAILED,FILE_LOCK,2026-07-13 04:30:05,84
TXN00000358,FAN_SIM_358,MATCH003,1,500000,FAILED,FILE_LOCK,2026-07-13 04:30:05,140
TXN00000347,FAN_SIM_346,MATCH003,1,500000,FAILED,FILE_LOCK,2026-07-13 04:30:05,143
TXN00000349,FAN_SIM_348,MATCH003,1,500000,FAILED,FILE_LOCK,2026-07-13 04:30:05,142
TXN00000346,FAN_SIM_345,MATCH003,1,500000,FAILED,FILE_LOCK,2026-07-13 04:30:05,144
TXN00000404,FAN_SIM_403,MATCH003,1,0,FAILED,FILE_LOCK,2026-07-13 04:30:05,10
TXN00000416,FAN_SIM_416,MATCH003,1,0,FAILED,FILE_LOCK,2026-07-13 04:30:05,7
TXN00000405,FAN_SIM_404,MATCH003,1,0,FAILED,FILE_LOCK,2026-07-13 04:30:05,7
TXN00000406,FAN_SIM_405,MATCH003,1,0,FAILED,FILE_LOCK,2026-07-13 04:30:05,7
TXN00000438,FAN_SIM_437,MATCH003,1,0,FAILED,FILE_LOCK,2026-07-13 04:30:05,4
TXN00000433,FAN_SIM_432,MATCH003,1,0,FAILED,FILE_LOCK,2026-07-13 04:30:05,5
TXN00000443,FAN_SIM_442,MATCH003,1,0,FAILED,FILE_LOCK,2026-07-13 04:30:05,4
TXN00000415,FAN_SIM_415,MATCH003,1,0,FAILED,FILE_LOCK,2026-07-13 04:30:05,7
TXN00000439,FAN_SIM_438,MATCH003,1,0,FAILED,FILE_LOCK,2026-07-13 04:30:05,4
TXN00000419,FAN_SIM_419,MATCH003,1,0,FAILED,FILE_LOCK,2026-07-13 04:30:05,7
TXN00000414,FAN_SIM_414,MATCH003,1,0,FAILED,FILE_LOCK,2026-07-13 04:30:05,7
TXN00000428,FAN_SIM_427,MATCH003,1,0,FAILED,FILE_LOCK,2026-07-13 04:30:05,5
TXN00000413,FAN_SIM_413,MATCH003,1,0,FAILED,FILE_LOCK,2026-07-13 04:30:05,7
TXN00000409,FAN_SIM_408,MATCH003,1,0,FAILED,FILE_LOCK,2026-07-13 04:30:05,7
TXN00000423,FAN_SIM_423,MATCH003,1,0,FAILED,FILE_LOCK,2026-07-13 04:30:05,5
TXN00000441,FAN_SIM_440,MATCH003,1,0,FAILED,FILE_LOCK,2026-07-13 04:30:05,4
TXN00000411,FAN_SIM_411,MATCH003,1,0,FAILED,FILE_LOCK,2026-07-13 04:30:05,7
TXN00000426,FAN_SIM_425,MATCH003,1,0,FAILED,FILE_LOCK,2026-07-13 04:30:05,5
TXN00000446,FAN_SIM_445,MATCH003,1,0,FAILED,FILE_LOCK,2026-07-13 04:30:05,4
TXN00000457,FAN_SIM_456,MATCH003,1,0,FAILED,FILE_LOCK,2026-07-13 04:30:05,2
TXN00000391,FAN_SIM_390,MATCH003,1,0,FAILED,FILE_LOCK,2026-07-13 04:30:05,143
TXN00000456,FAN_SIM_455,MATCH003,1,0,FAILED,FILE_LOCK,2026-07-13 04:30:05,2
TXN00000348,FAN_SIM_347,MATCH003,1,500000,FAILED,FILE_LOCK,2026-07-13 04:30:05,146
TXN00000452,FAN_SIM_451,MATCH003,1,0,FAILED,FILE_LOCK,2026-07-13 04:30:05,4
TXN00000342,FAN_SIM_341,MATCH003,1,500000,FAILED,FILE_LOCK,2026-07-13 04:30:05,147
TXN00000435,FAN_SIM_434,MATCH003,1,0,FAILED,FILE_LOCK,2026-07-13 04:30:05,5
TXN00000402,FAN_SIM_401,MATCH003,1,500000,FAILED,FILE_LOCK,2026-07-13 04:30:05,121
TXN00000453,FAN_SIM_452,MATCH003,1,0,FAILED,FILE_LOCK,2026-07-13 04:30:05,4
TXN00000350,FAN_SIM_349,MATCH003,1,500000,FAILED,FILE_LOCK,2026-07-13 04:30:05,147
TXN00000431,FAN_SIM_430,MATCH003,1,0,FAILED,FILE_LOCK,2026-07-13 04:30:05,6
TXN00000425,FAN_SIM_410,MATCH003,1,0,FAILED,FILE_LOCK,2026-07-13 04:30:05,7
TXN00000355,FAN_SIM_354,MATCH003,1,500000,FAILED,FILE_LOCK,2026-07-13 04:30:05,148
TXN00000427,FAN_SIM_426,MATCH003,1,0,FAILED,FILE_LOCK,2026-07-13 04:30:05,7
TXN00000445,FAN_SIM_444,MATCH003,1,0,FAILED,FILE_LOCK,2026-07-13 04:30:05,4
TXN00000407,FAN_SIM_406,MATCH003,1,0,FAILED,FILE_LOCK,2026-07-13 04:30:05,8
TXN00000432,FAN_SIM_431,MATCH003,1,0,FAILED,FILE_LOCK,2026-07-13 04:30:05,5
TXN00000451,FAN_SIM_450,MATCH003,1,0,FAILED,FILE_LOCK,2026-07-13 04:30:05,5
TXN00000422,FAN_SIM_422,MATCH003,1,0,FAILED,FILE_LOCK,2026-07-13 04:30:05,5
TXN00000434,FAN_SIM_433,MATCH003,1,0,FAILED,FILE_LOCK,2026-07-13 04:30:05,6
TXN00000458,FAN_SIM_457,MATCH003,1,0,FAILED,FILE_LOCK,2026-07-13 04:30:05,1
TXN00000408,FAN_SIM_407,MATCH003,1,0,FAILED,FILE_LOCK,2026-07-13 04:30:05,9
TXN00000442,FAN_SIM_441,MATCH003,1,0,FAILED,FILE_LOCK,2026-07-13 04:30:05,5
TXN00000440,FAN_SIM_439,MATCH003,1,0,FAILED,FILE_LOCK,2026-07-13 04:30:05,4
TXN00000455,FAN_SIM_454,MATCH003,1,0,FAILED,FILE_LOCK,2026-07-13 04:30:05,3
TXN00000449,FAN_SIM_448,MATCH003,1,0,FAILED,FILE_LOCK,2026-07-13 04:30:05,5
TXN00000424,FAN_SIM_424,MATCH003,1,0,FAILED,FILE_LOCK,2026-07-13 04:30:05,6
TXN00000343,FAN_SIM_342,MATCH003,1,500000,FAILED,FILE_LOCK,2026-07-13 04:30:05,147
TXN00000412,FAN_SIM_412,MATCH003,1,0,FAILED,FILE_LOCK,2026-07-13 04:30:05,8
TXN00000436,FAN_SIM_435,MATCH003,1,0,FAILED,FILE_LOCK,2026-07-13 04:30:05,5
TXN00000420,FAN_SIM_420,MATCH003,1,0,FAILED,FILE_LOCK,2026-07-13 04:30:05,6
TXN00000421,FAN_SIM_421,MATCH003,1,0,FAILED,FILE_LOCK,2026-07-13 04:30:05,6
TXN00000429,FAN_SIM_428,MATCH003,1,0,FAILED,FILE_LOCK,2026-07-13 04:30:05,6
TXN00000417,FAN_SIM_417,MATCH003,1,0,FAILED,FILE_LOCK,2026-07-13 04:30:05,7
TXN00000448,FAN_SIM_447,MATCH003,1,0,FAILED,FILE_LOCK,2026-07-13 04:30:05,4
TXN00000418,FAN_SIM_418,MATCH003,1,0,FAILED,FILE_LOCK,2026-07-13 04:30:05,8
TXN00000410,FAN_SIM_409,MATCH003,1,0,FAILED,FILE_LOCK,2026-07-13 04:30:05,9
TXN00000454,FAN_SIM_453,MATCH003,1,0,FAILED,FILE_LOCK,2026-07-13 04:30:05,3
TXN00000447,FAN_SIM_446,MATCH003,1,0,FAILED,FILE_LOCK,2026-07-13 04:30:05,5
TXN00000444,FAN_SIM_443,MATCH003,1,0,FAILED,FILE_LOCK,2026-07-13 04:30:05,5
TXN00000430,FAN_SIM_429,MATCH003,1,0,FAILED,FILE_LOCK,2026-07-13 04:30:05,6
TXN00000450,FAN_SIM_449,MATCH003,1,0,FAILED,FILE_LOCK,2026-07-13 04:30:05,5
TXN00000437,FAN_SIM_436,MATCH003,1,0,FAILED,FILE_LOCK,2026-07-13 04:30:05,4
TXN00000341,FAN_SIM_340,MATCH003,1,500000,FAILED,FILE_LOCK,2026-07-13 04:30:05,150
TXN00000345,FAN_SIM_344,MATCH003,1,500000,FAILED,FILE_LOCK,2026-07-13 04:30:05,149
TXN00000352,FAN_SIM_351,MATCH003,1,500000,FAILED,FILE_LOCK,2026-07-13 04:30:05,148
TXN00000510,FAN_SIM_510,MATCH003,1,0,FAILED,FILE_LOCK,2026-07-13 04:30:05,286
TXN00000512,FAN_SIM_512,MATCH003,1,0,FAILED,FILE_LOCK,2026-07-13 04:30:05,286
TXN00000495,FAN_SIM_494,MATCH003,1,0,FAILED,FILE_LOCK,2026-07-13 04:30:05,286
TXN00000487,FAN_SIM_486,MATCH003,1,0,FAILED,FILE_LOCK,2026-07-13 04:30:05,287
TXN00000506,FAN_SIM_505,MATCH003,1,0,FAILED,FILE_LOCK,2026-07-13 04:30:05,286
TXN00000488,FAN_SIM_487,MATCH003,1,0,FAILED,FILE_LOCK,2026-07-13 04:30:05,287
TXN00000480,FAN_SIM_479,MATCH003,1,0,FAILED,FILE_LOCK,2026-07-13 04:30:05,288
TXN00000505,FAN_SIM_504,MATCH003,1,0,FAILED,FILE_LOCK,2026-07-13 04:30:05,286
TXN00000514,FAN_SIM_513,MATCH003,1,0,FAILED,FILE_LOCK,2026-07-13 04:30:05,287
TXN00000509,FAN_SIM_509,MATCH003,1,0,FAILED,FILE_LOCK,2026-07-13 04:30:05,287
TXN00000511,FAN_SIM_511,MATCH003,1,0,FAILED,FILE_LOCK,2026-07-13 04:30:05,287
TXN00000470,FAN_SIM_469,MATCH003,1,0,FAILED,FILE_LOCK,2026-07-13 04:30:05,288
TXN00000492,FAN_SIM_491,MATCH003,1,0,FAILED,FILE_LOCK,2026-07-13 04:30:05,287
TXN00000513,FAN_SIM_508,MATCH003,1,0,FAILED,FILE_LOCK,2026-07-13 04:30:05,287
TXN00000490,FAN_SIM_489,MATCH003,1,0,FAILED,FILE_LOCK,2026-07-13 04:30:05,287
TXN00000499,FAN_SIM_498,MATCH003,1,0,FAILED,FILE_LOCK,2026-07-13 04:30:05,287
TXN00000486,FAN_SIM_485,MATCH003,1,0,FAILED,FILE_LOCK,2026-07-13 04:30:05,288
TXN00000503,FAN_SIM_502,MATCH003,1,0,FAILED,FILE_LOCK,2026-07-13 04:30:05,287
TXN00000519,FAN_SIM_518,MATCH003,1,0,FAILED,FILE_LOCK,2026-07-13 04:30:05,286
TXN00000497,FAN_SIM_495,MATCH003,1,0,FAILED,FILE_LOCK,2026-07-13 04:30:05,286
TXN00000502,FAN_SIM_501,MATCH003,1,0,FAILED,FILE_LOCK,2026-07-13 04:30:05,287
TXN00000494,FAN_SIM_493,MATCH003,1,0,FAILED,FILE_LOCK,2026-07-13 04:30:05,287
TXN00000477,FAN_SIM_476,MATCH003,1,0,FAILED,FILE_LOCK,2026-07-13 04:30:05,288
TXN00000491,FAN_SIM_490,MATCH003,1,0,FAILED,FILE_LOCK,2026-07-13 04:30:05,287
TXN00000508,FAN_SIM_507,MATCH003,1,0,FAILED,FILE_LOCK,2026-07-13 04:30:05,287
TXN00000521,FAN_SIM_520,MATCH003,1,0,FAILED,FILE_LOCK,2026-07-13 04:30:05,286
TXN00000484,FAN_SIM_483,MATCH003,1,0,FAILED,FILE_LOCK,2026-07-13 04:30:05,288
TXN00000496,FAN_SIM_496,MATCH003,1,0,FAILED,FILE_LOCK,2026-07-13 04:30:05,287
TXN00000518,FAN_SIM_517,MATCH003,1,0,FAILED,FILE_LOCK,2026-07-13 04:30:05,287
TXN00000474,FAN_SIM_473,MATCH003,1,0,FAILED,FILE_LOCK,2026-07-13 04:30:05,288
TXN00000483,FAN_SIM_482,MATCH003,1,500000,FAILED,FILE_LOCK,2026-07-13 04:30:05,290
TXN00000462,FAN_SIM_461,MATCH003,1,0,FAILED,FILE_LOCK,2026-07-13 04:30:05,290
TXN00000522,FAN_SIM_521,MATCH003,1,0,FAILED,FILE_LOCK,2026-07-13 04:30:05,286
TXN00000479,FAN_SIM_478,MATCH003,1,0,FAILED,FILE_LOCK,2026-07-13 04:30:05,288
TXN00000493,FAN_SIM_492,MATCH003,1,0,FAILED,FILE_LOCK,2026-07-13 04:30:05,287
TXN00000498,FAN_SIM_497,MATCH003,1,0,FAILED,FILE_LOCK,2026-07-13 04:30:05,288
TXN00000475,FAN_SIM_474,MATCH003,1,0,FAILED,FILE_LOCK,2026-07-13 04:30:05,288
TXN00000464,FAN_SIM_463,MATCH003,1,0,FAILED,FILE_LOCK,2026-07-13 04:30:05,290
TXN00000500,FAN_SIM_499,MATCH003,1,0,FAILED,FILE_LOCK,2026-07-13 04:30:05,288
TXN00000460,FAN_SIM_459,MATCH003,1,500000,FAILED,FILE_LOCK,2026-07-13 04:30:05,293
TXN00000517,FAN_SIM_516,MATCH003,1,0,FAILED,FILE_LOCK,2026-07-13 04:30:05,288
TXN00000476,FAN_SIM_475,MATCH003,1,500000,FAILED,FILE_LOCK,2026-07-13 04:30:05,291
TXN00000481,FAN_SIM_481,MATCH003,1,500000,FAILED,FILE_LOCK,2026-07-13 04:30:05,290
TXN00000501,FAN_SIM_500,MATCH003,1,500000,FAILED,FILE_LOCK,2026-07-13 04:30:05,290
TXN00000471,FAN_SIM_470,MATCH003,1,0,FAILED,FILE_LOCK,2026-07-13 04:30:05,290
TXN00000469,FAN_SIM_468,MATCH003,1,500000,FAILED,FILE_LOCK,2026-07-13 04:30:05,291
TXN00000530,FAN_SIM_529,MATCH003,1,0,FAILED,FILE_LOCK,2026-07-13 04:30:05,1
TXN00000515,FAN_SIM_514,MATCH003,1,0,FAILED,FILE_LOCK,2026-07-13 04:30:05,287
TXN00000520,FAN_SIM_519,MATCH003,1,0,FAILED,FILE_LOCK,2026-07-13 04:30:05,287
TXN00000525,FAN_SIM_524,MATCH003,1,0,FAILED,FILE_LOCK,2026-07-13 04:30:05,2
TXN00000482,FAN_SIM_480,MATCH003,1,0,FAILED,FILE_LOCK,2026-07-13 04:30:05,289
TXN00000467,FAN_SIM_466,MATCH003,1,0,FAILED,FILE_LOCK,2026-07-13 04:30:05,290
TXN00000473,FAN_SIM_472,MATCH003,1,0,FAILED,FILE_LOCK,2026-07-13 04:30:05,289
TXN00000504,FAN_SIM_503,MATCH003,1,0,FAILED,FILE_LOCK,2026-07-13 04:30:05,287
TXN00000507,FAN_SIM_506,MATCH003,1,0,FAILED,FILE_LOCK,2026-07-13 04:30:05,288
TXN00000485,FAN_SIM_484,MATCH003,1,0,FAILED,FILE_LOCK,2026-07-13 04:30:05,289
TXN00000516,FAN_SIM_515,MATCH003,1,0,FAILED,FILE_LOCK,2026-07-13 04:30:05,288
TXN00000524,FAN_SIM_523,MATCH003,1,0,FAILED,FILE_LOCK,2026-07-13 04:30:05,2
TXN00000463,FAN_SIM_462,MATCH003,1,500000,FAILED,FILE_LOCK,2026-07-13 04:30:05,294
TXN00000528,FAN_SIM_527,MATCH003,1,0,FAILED,FILE_LOCK,2026-07-13 04:30:05,2
TXN00000523,FAN_SIM_522,MATCH003,1,0,FAILED,FILE_LOCK,2026-07-13 04:30:05,3
TXN00000527,FAN_SIM_526,MATCH003,1,0,FAILED,FILE_LOCK,2026-07-13 04:30:05,2
TXN00000531,FAN_SIM_530,MATCH003,1,0,FAILED,FILE_LOCK,2026-07-13 04:30:05,1
TXN00000461,FAN_SIM_460,MATCH003,1,500000,FAILED,FILE_LOCK,2026-07-13 04:30:05,296
TXN00000529,FAN_SIM_528,MATCH003,1,0,FAILED,FILE_LOCK,2026-07-13 04:30:05,2
TXN00000472,FAN_SIM_471,MATCH003,1,500000,FAILED,FILE_LOCK,2026-07-13 04:30:05,294
TXN00000478,FAN_SIM_477,MATCH003,1,500000,FAILED,FILE_LOCK,2026-07-13 04:30:05,295
TXN00000466,FAN_SIM_465,MATCH003,1,500000,FAILED,FILE_LOCK,2026-07-13 04:30:05,296
TXN00000532,FAN_SIM_531,MATCH003,1,0,FAILED,FILE_LOCK,2026-07-13 04:30:05,0
TXN00000533,FAN_SIM_532,MATCH003,1,0,FAILED,FILE_LOCK,2026-07-13 04:30:05,1
TXN00000534,FAN_SIM_533,MATCH003,1,0,FAILED,FILE_LOCK,2026-07-13 04:30:05,1
TXN00000526,FAN_SIM_525,MATCH003,1,0,FAILED,FILE_LOCK,2026-07-13 04:30:05,2
TXN00000468,FAN_SIM_467,MATCH003,1,500000,FAILED,FILE_LOCK,2026-07-13 04:30:05,296
TXN00000489,FAN_SIM_488,MATCH003,1,500000,FAILED,FILE_LOCK,2026-07-13 04:30:05,295
TXN00000459,FAN_SIM_458,MATCH003,1,500000,FAILED,FILE_LOCK,2026-07-13 04:30:05,323
TXN00000465,FAN_SIM_464,MATCH003,1,500000,FAILED,FILE_LOCK,2026-07-13 04:30:05,324
TXN00000592,FAN_SIM_591,MATCH003,1,0,FAILED,FILE_LOCK,2026-07-13 04:30:05,87
TXN00000571,FAN_SIM_569,MATCH003,1,0,FAILED,FILE_LOCK,2026-07-13 04:30:05,96
TXN00000596,FAN_SIM_595,MATCH003,1,0,FAILED,FILE_LOCK,2026-07-13 04:30:05,87
TXN00000581,FAN_SIM_580,MATCH003,1,0,FAILED,FILE_LOCK,2026-07-13 04:30:05,94
TXN00000579,FAN_SIM_578,MATCH003,1,0,FAILED,FILE_LOCK,2026-07-13 04:30:05,95
TXN00000591,FAN_SIM_590,MATCH003,1,0,FAILED,FILE_LOCK,2026-07-13 04:30:05,88
TXN00000550,FAN_SIM_549,MATCH003,1,0,FAILED,FILE_LOCK,2026-07-13 04:30:05,114
TXN00000577,FAN_SIM_576,MATCH003,1,0,FAILED,FILE_LOCK,2026-07-13 04:30:05,97
TXN00000567,FAN_SIM_566,MATCH003,1,0,FAILED,FILE_LOCK,2026-07-13 04:30:05,112
TXN00000553,FAN_SIM_552,MATCH003,1,0,FAILED,FILE_LOCK,2026-07-13 04:30:05,114
TXN00000597,FAN_SIM_596,MATCH003,1,0,FAILED,FILE_LOCK,2026-07-13 04:30:05,87
TXN00000589,FAN_SIM_588,MATCH003,1,0,FAILED,FILE_LOCK,2026-07-13 04:30:05,88
TXN00000594,FAN_SIM_593,MATCH003,1,0,FAILED,FILE_LOCK,2026-07-13 04:30:05,88
TXN00000584,FAN_SIM_583,MATCH003,1,0,FAILED,FILE_LOCK,2026-07-13 04:30:05,95
TXN00000593,FAN_SIM_592,MATCH003,1,0,FAILED,FILE_LOCK,2026-07-13 04:30:05,88
TXN00000580,FAN_SIM_579,MATCH003,1,0,FAILED,FILE_LOCK,2026-07-13 04:30:05,96
TXN00000582,FAN_SIM_581,MATCH003,1,0,FAILED,FILE_LOCK,2026-07-13 04:30:05,95
TXN00000583,FAN_SIM_582,MATCH003,1,0,FAILED,FILE_LOCK,2026-07-13 04:30:05,95
TXN00000578,FAN_SIM_577,MATCH003,1,0,FAILED,FILE_LOCK,2026-07-13 04:30:05,96
TXN00000556,FAN_SIM_555,MATCH003,1,0,FAILED,FILE_LOCK,2026-07-13 04:30:05,114
TXN00000574,FAN_SIM_573,MATCH003,1,0,FAILED,FILE_LOCK,2026-07-13 04:30:05,97
TXN00000587,FAN_SIM_586,MATCH003,1,0,FAILED,FILE_LOCK,2026-07-13 04:30:05,88
TXN00000558,FAN_SIM_557,MATCH003,1,0,FAILED,FILE_LOCK,2026-07-13 04:30:05,114
TXN00000568,FAN_SIM_567,MATCH003,1,0,FAILED,FILE_LOCK,2026-07-13 04:30:05,113
TXN00000570,FAN_SIM_570,MATCH003,1,0,FAILED,FILE_LOCK,2026-07-13 04:30:05,97
TXN00000588,FAN_SIM_587,MATCH003,1,0,FAILED,FILE_LOCK,2026-07-13 04:30:05,88
TXN00000585,FAN_SIM_584,MATCH003,1,0,FAILED,FILE_LOCK,2026-07-13 04:30:05,90
TXN00000569,FAN_SIM_568,MATCH003,1,0,FAILED,FILE_LOCK,2026-07-13 04:30:05,97
TXN00000600,FAN_SIM_599,MATCH003,1,0,FAILED,FILE_LOCK,2026-07-13 04:30:05,0
TXN00000551,FAN_SIM_550,MATCH003,1,0,FAILED,FILE_LOCK,2026-07-13 04:30:05,114
TXN00000595,FAN_SIM_594,MATCH003,1,0,FAILED,FILE_LOCK,2026-07-13 04:30:05,88
TXN00000566,FAN_SIM_565,MATCH003,1,0,FAILED,FILE_LOCK,2026-07-13 04:30:05,113
TXN00000573,FAN_SIM_572,MATCH003,1,0,FAILED,FILE_LOCK,2026-07-13 04:30:05,97
TXN00000598,FAN_SIM_597,MATCH003,1,0,FAILED,FILE_LOCK,2026-07-13 04:30:05,88
TXN00000562,FAN_SIM_561,MATCH003,1,0,FAILED,FILE_LOCK,2026-07-13 04:30:05,114
TXN00000603,FAN_SIM_602,MATCH003,1,0,FAILED,FILE_LOCK,2026-07-13 04:30:05,0
TXN00000563,FAN_SIM_562,MATCH003,1,0,FAILED,FILE_LOCK,2026-07-13 04:30:05,114
TXN00000560,FAN_SIM_559,MATCH003,1,0,FAILED,FILE_LOCK,2026-07-13 04:30:05,115
TXN00000586,FAN_SIM_585,MATCH003,1,0,FAILED,FILE_LOCK,2026-07-13 04:30:05,88
TXN00000602,FAN_SIM_601,MATCH003,1,0,FAILED,FILE_LOCK,2026-07-13 04:30:05,1
TXN00000575,FAN_SIM_574,MATCH003,1,0,FAILED,FILE_LOCK,2026-07-13 04:30:05,97
TXN00000576,FAN_SIM_575,MATCH003,1,0,FAILED,FILE_LOCK,2026-07-13 04:30:05,97
TXN00000572,FAN_SIM_571,MATCH003,1,0,FAILED,FILE_LOCK,2026-07-13 04:30:05,97
TXN00000590,FAN_SIM_589,MATCH003,1,0,FAILED,FILE_LOCK,2026-07-13 04:30:05,88
TXN00000599,FAN_SIM_598,MATCH003,1,0,FAILED,FILE_LOCK,2026-07-13 04:30:05,1
TXN00000601,FAN_SIM_600,MATCH003,1,0,FAILED,FILE_LOCK,2026-07-13 04:30:05,0
TXN00000604,FAN_SIM_603,MATCH003,1,0,FAILED,FILE_LOCK,2026-07-13 04:30:05,1
TXN00000536,FAN_SIM_535,MATCH003,1,500000,FAILED,FILE_LOCK,2026-07-13 04:30:05,121
TXN00000605,FAN_SIM_604,MATCH003,1,0,FAILED,FILE_LOCK,2026-07-13 04:30:05,0
TXN00000559,FAN_SIM_558,MATCH003,1,500000,FAILED,FILE_LOCK,2026-07-13 04:30:05,117
TXN00000557,FAN_SIM_556,MATCH003,1,500000,FAILED,FILE_LOCK,2026-07-13 04:30:05,117
TXN00000606,FAN_SIM_605,MATCH003,1,0,FAILED,FILE_LOCK,2026-07-13 04:30:05,0
TXN00000554,FAN_SIM_553,MATCH003,1,500000,FAILED,FILE_LOCK,2026-07-13 04:30:05,119
TXN00000547,FAN_SIM_546,MATCH003,1,500000,FAILED,FILE_LOCK,2026-07-13 04:30:05,120
TXN00000555,FAN_SIM_554,MATCH003,1,500000,FAILED,FILE_LOCK,2026-07-13 04:30:05,119
TXN00000540,FAN_SIM_539,MATCH003,1,500000,FAILED,FILE_LOCK,2026-07-13 04:30:05,121
TXN00000608,FAN_SIM_607,MATCH003,1,0,FAILED,FILE_LOCK,2026-07-13 04:30:05,0
TXN00000539,FAN_SIM_538,MATCH003,1,500000,FAILED,FILE_LOCK,2026-07-13 04:30:05,121
TXN00000611,FAN_SIM_610,MATCH003,1,0,FAILED,FILE_LOCK,2026-07-13 04:30:05,0
TXN00000535,FAN_SIM_534,MATCH003,1,500000,FAILED,FILE_LOCK,2026-07-13 04:30:05,125
TXN00000610,FAN_SIM_609,MATCH003,1,0,FAILED,FILE_LOCK,2026-07-13 04:30:05,1
TXN00000612,FAN_SIM_611,MATCH003,1,0,FAILED,FILE_LOCK,2026-07-13 04:30:05,1
TXN00000544,FAN_SIM_543,MATCH003,1,500000,FAILED,FILE_LOCK,2026-07-13 04:30:05,121
TXN00000607,FAN_SIM_606,MATCH003,1,0,FAILED,FILE_LOCK,2026-07-13 04:30:05,0
TXN00000538,FAN_SIM_537,MATCH003,1,500000,FAILED,FILE_LOCK,2026-07-13 04:30:05,123
TXN00000609,FAN_SIM_608,MATCH003,1,0,FAILED,FILE_LOCK,2026-07-13 04:30:05,2
TXN00000564,FAN_SIM_563,MATCH003,1,500000,FAILED,FILE_LOCK,2026-07-13 04:30:05,119
TXN00000613,FAN_SIM_612,MATCH003,1,0,FAILED,FILE_LOCK,2026-07-13 04:30:05,1
TXN00000615,FAN_SIM_614,MATCH003,1,0,FAILED,FILE_LOCK,2026-07-13 04:30:05,2
TXN00000614,FAN_SIM_613,MATCH003,1,0,FAILED,FILE_LOCK,2026-07-13 04:30:05,2
TXN00000616,FAN_SIM_615,MATCH003,1,0,FAILED,FILE_LOCK,2026-07-13 04:30:05,2
TXN00000620,FAN_SIM_617,MATCH003,1,0,FAILED,FILE_LOCK,2026-07-13 04:30:05,2
TXN00000617,FAN_SIM_616,MATCH003,1,0,FAILED,FILE_LOCK,2026-07-13 04:30:05,2
TXN00000622,FAN_SIM_621,MATCH003,1,0,FAILED,FILE_LOCK,2026-07-13 04:30:05,2
TXN00000619,FAN_SIM_618,MATCH003,1,0,FAILED,FILE_LOCK,2026-07-13 04:30:05,2
TXN00000625,FAN_SIM_624,MATCH003,1,0,FAILED,FILE_LOCK,2026-07-13 04:30:05,1
TXN00000541,FAN_SIM_540,MATCH003,1,500000,FAILED,FILE_LOCK,2026-07-13 04:30:05,123
TXN00000561,FAN_SIM_560,MATCH003,1,500000,FAILED,FILE_LOCK,2026-07-13 04:30:05,122
TXN00000626,FAN_SIM_625,MATCH003,1,0,FAILED,FILE_LOCK,2026-07-13 04:30:05,1
TXN00000630,FAN_SIM_629,MATCH003,1,0,FAILED,FILE_LOCK,2026-07-13 04:30:05,1
TXN00000565,FAN_SIM_564,MATCH003,1,500000,FAILED,FILE_LOCK,2026-07-13 04:30:05,123
TXN00000623,FAN_SIM_622,MATCH003,1,0,FAILED,FILE_LOCK,2026-07-13 04:30:05,2
TXN00000627,FAN_SIM_626,MATCH003,1,0,FAILED,FILE_LOCK,2026-07-13 04:30:05,2
TXN00000624,FAN_SIM_623,MATCH003,1,0,FAILED,FILE_LOCK,2026-07-13 04:30:05,2
TXN00000629,FAN_SIM_628,MATCH003,1,0,FAILED,FILE_LOCK,2026-07-13 04:30:05,1
TXN00000548,FAN_SIM_547,MATCH003,1,500000,FAILED,FILE_LOCK,2026-07-13 04:30:05,123
TXN00000546,FAN_SIM_545,MATCH003,1,500000,FAILED,FILE_LOCK,2026-07-13 04:30:05,124
TXN00000628,FAN_SIM_627,MATCH003,1,0,FAILED,FILE_LOCK,2026-07-13 04:30:05,1
TXN00000618,FAN_SIM_619,MATCH003,1,0,FAILED,FILE_LOCK,2026-07-13 04:30:05,3
TXN00000621,FAN_SIM_620,MATCH003,1,0,FAILED,FILE_LOCK,2026-07-13 04:30:05,3
TXN00000549,FAN_SIM_548,MATCH003,1,500000,FAILED,FILE_LOCK,2026-07-13 04:30:05,124
TXN00000552,FAN_SIM_551,MATCH003,1,500000,FAILED,FILE_LOCK,2026-07-13 04:30:05,125
TXN00000537,FAN_SIM_536,MATCH003,1,500000,FAILED,FILE_LOCK,2026-07-13 04:30:05,127
TXN00000543,FAN_SIM_542,MATCH003,1,500000,FAILED,FILE_LOCK,2026-07-13 04:30:05,125
TXN00000545,FAN_SIM_544,MATCH003,1,500000,FAILED,FILE_LOCK,2026-07-13 04:30:05,125
TXN00000542,FAN_SIM_541,MATCH003,1,500000,FAILED,FILE_LOCK,2026-07-13 04:30:05,126
TXN00000668,FAN_SIM_667,MATCH003,1,0,FAILED,FILE_LOCK,2026-07-13 04:30:05,189
TXN00000680,FAN_SIM_679,MATCH003,1,0,FAILED,FILE_LOCK,2026-07-13 04:30:05,188
TXN00000655,FAN_SIM_654,MATCH003,1,0,FAILED,FILE_LOCK,2026-07-13 04:30:05,189
TXN00000670,FAN_SIM_669,MATCH003,1,0,FAILED,FILE_LOCK,2026-07-13 04:30:05,189
TXN00000662,FAN_SIM_661,MATCH003,1,0,FAILED,FILE_LOCK,2026-07-13 04:30:05,189
TXN00000666,FAN_SIM_665,MATCH003,1,0,FAILED,FILE_LOCK,2026-07-13 04:30:05,189
TXN00000667,FAN_SIM_666,MATCH003,1,0,FAILED,FILE_LOCK,2026-07-13 04:30:05,189
TXN00000654,FAN_SIM_653,MATCH003,1,0,FAILED,FILE_LOCK,2026-07-13 04:30:05,189
TXN00000683,FAN_SIM_682,MATCH003,1,0,FAILED,FILE_LOCK,2026-07-13 04:30:05,188
TXN00000686,FAN_SIM_685,MATCH003,1,0,FAILED,FILE_LOCK,2026-07-13 04:30:05,188
TXN00000674,FAN_SIM_673,MATCH003,1,0,FAILED,FILE_LOCK,2026-07-13 04:30:05,188
TXN00000659,FAN_SIM_658,MATCH003,1,0,FAILED,FILE_LOCK,2026-07-13 04:30:05,189
TXN00000658,FAN_SIM_657,MATCH003,1,0,FAILED,FILE_LOCK,2026-07-13 04:30:05,189
TXN00000664,FAN_SIM_663,MATCH003,1,0,FAILED,FILE_LOCK,2026-07-13 04:30:05,190
TXN00000649,FAN_SIM_648,MATCH003,1,0,FAILED,FILE_LOCK,2026-07-13 04:30:05,189
TXN00000677,FAN_SIM_676,MATCH003,1,0,FAILED,FILE_LOCK,2026-07-13 04:30:05,188
TXN00000679,FAN_SIM_678,MATCH003,1,0,FAILED,FILE_LOCK,2026-07-13 04:30:05,188
TXN00000689,FAN_SIM_688,MATCH003,1,0,FAILED,FILE_LOCK,2026-07-13 04:30:05,189
TXN00000644,FAN_SIM_643,MATCH003,1,0,FAILED,FILE_LOCK,2026-07-13 04:30:05,191
TXN00000673,FAN_SIM_672,MATCH003,1,0,FAILED,FILE_LOCK,2026-07-13 04:30:05,189
TXN00000675,FAN_SIM_674,MATCH003,1,0,FAILED,FILE_LOCK,2026-07-13 04:30:05,189
TXN00000650,FAN_SIM_649,MATCH003,1,0,FAILED,FILE_LOCK,2026-07-13 04:30:05,190
TXN00000647,FAN_SIM_646,MATCH003,1,0,FAILED,FILE_LOCK,2026-07-13 04:30:05,190
TXN00000648,FAN_SIM_647,MATCH003,1,0,FAILED,FILE_LOCK,2026-07-13 04:30:05,190
TXN00000661,FAN_SIM_660,MATCH003,1,0,FAILED,FILE_LOCK,2026-07-13 04:30:05,190
TXN00000694,FAN_SIM_693,MATCH003,1,0,FAILED,FILE_LOCK,2026-07-13 04:30:05,187
TXN00000691,FAN_SIM_691,MATCH003,1,0,FAILED,FILE_LOCK,2026-07-13 04:30:05,189
TXN00000692,FAN_SIM_690,MATCH003,1,0,FAILED,FILE_LOCK,2026-07-13 04:30:05,189
TXN00000676,FAN_SIM_675,MATCH003,1,0,FAILED,FILE_LOCK,2026-07-13 04:30:05,190
TXN00000672,FAN_SIM_671,MATCH003,1,0,FAILED,FILE_LOCK,2026-07-13 04:30:05,189
TXN00000699,FAN_SIM_698,MATCH003,1,0,FAILED,FILE_LOCK,2026-07-13 04:30:05,0
TXN00000681,FAN_SIM_680,MATCH003,1,0,FAILED,FILE_LOCK,2026-07-13 04:30:05,189
TXN00000643,FAN_SIM_642,MATCH003,1,500000,FAILED,FILE_LOCK,2026-07-13 04:30:05,194
TXN00000688,FAN_SIM_687,MATCH003,1,500000,FAILED,FILE_LOCK,2026-07-13 04:30:05,191
TXN00000646,FAN_SIM_644,MATCH003,1,500000,FAILED,FILE_LOCK,2026-07-13 04:30:05,191
TXN00000642,FAN_SIM_641,MATCH003,1,500000,FAILED,FILE_LOCK,2026-07-13 04:30:05,193
TXN00000690,FAN_SIM_689,MATCH003,1,0,FAILED,FILE_LOCK,2026-07-13 04:30:05,189
TXN00000682,FAN_SIM_681,MATCH003,1,0,FAILED,FILE_LOCK,2026-07-13 04:30:05,189
TXN00000697,FAN_SIM_696,MATCH003,1,0,FAILED,FILE_LOCK,2026-07-13 04:30:05,1
TXN00000695,FAN_SIM_694,MATCH003,1,0,FAILED,FILE_LOCK,2026-07-13 04:30:05,1
TXN00000693,FAN_SIM_692,MATCH003,1,0,FAILED,FILE_LOCK,2026-07-13 04:30:05,186
TXN00000698,FAN_SIM_697,MATCH003,1,0,FAILED,FILE_LOCK,2026-07-13 04:30:05,0
TXN00000696,FAN_SIM_695,MATCH003,1,0,FAILED,FILE_LOCK,2026-07-13 04:30:05,1
TXN00000684,FAN_SIM_683,MATCH003,1,0,FAILED,FILE_LOCK,2026-07-13 04:30:05,190
TXN00000663,FAN_SIM_662,MATCH003,1,0,FAILED,FILE_LOCK,2026-07-13 04:30:05,190
TXN00000678,FAN_SIM_677,MATCH003,1,0,FAILED,FILE_LOCK,2026-07-13 04:30:05,189
TXN00000702,FAN_SIM_701,MATCH003,1,0,FAILED,FILE_LOCK,2026-07-13 04:30:05,0
TXN00000652,FAN_SIM_650,MATCH003,1,500000,FAILED,FILE_LOCK,2026-07-13 04:30:05,193
TXN00000701,FAN_SIM_700,MATCH003,1,0,FAILED,FILE_LOCK,2026-07-13 04:30:05,0
TXN00000700,FAN_SIM_699,MATCH003,1,0,FAILED,FILE_LOCK,2026-07-13 04:30:05,0
TXN00000704,FAN_SIM_703,MATCH003,1,0,FAILED,FILE_LOCK,2026-07-13 04:30:05,0
TXN00000703,FAN_SIM_702,MATCH003,1,0,FAILED,FILE_LOCK,2026-07-13 04:30:05,0
TXN00000706,FAN_SIM_705,MATCH003,1,0,FAILED,FILE_LOCK,2026-07-13 04:30:05,2
TXN00000705,FAN_SIM_704,MATCH003,1,0,FAILED,FILE_LOCK,2026-07-13 04:30:05,2
TXN00000656,FAN_SIM_655,MATCH003,1,500000,FAILED,FILE_LOCK,2026-07-13 04:30:05,195
TXN00000707,FAN_SIM_706,MATCH003,1,0,FAILED,FILE_LOCK,2026-07-13 04:30:05,2
TXN00000708,FAN_SIM_708,MATCH003,1,0,FAILED,FILE_LOCK,2026-07-13 04:30:05,2
TXN00000671,FAN_SIM_670,MATCH003,1,500000,FAILED,FILE_LOCK,2026-07-13 04:30:05,195
TXN00000641,FAN_SIM_640,MATCH003,1,500000,FAILED,FILE_LOCK,2026-07-13 04:30:05,196
TXN00000710,FAN_SIM_709,MATCH003,1,0,FAILED,FILE_LOCK,2026-07-13 04:30:05,0
TXN00000645,FAN_SIM_645,MATCH003,1,500000,FAILED,FILE_LOCK,2026-07-13 04:30:05,196
TXN00000713,FAN_SIM_712,MATCH003,1,0,FAILED,FILE_LOCK,2026-07-13 04:30:05,1
TXN00000709,FAN_SIM_707,MATCH003,1,0,FAILED,FILE_LOCK,2026-07-13 04:30:05,3
TXN00000669,FAN_SIM_668,MATCH003,1,500000,FAILED,FILE_LOCK,2026-07-13 04:30:05,196
TXN00000723,FAN_SIM_722,MATCH003,1,0,FAILED,FILE_LOCK,2026-07-13 04:30:05,0
TXN00000718,FAN_SIM_717,MATCH003,1,0,FAILED,FILE_LOCK,2026-07-13 04:30:05,1
TXN00000719,FAN_SIM_718,MATCH003,1,0,FAILED,FILE_LOCK,2026-07-13 04:30:05,1
TXN00000712,FAN_SIM_711,MATCH003,1,0,FAILED,FILE_LOCK,2026-07-13 04:30:05,1
TXN00000715,FAN_SIM_714,MATCH003,1,0,FAILED,FILE_LOCK,2026-07-13 04:30:05,1
TXN00000717,FAN_SIM_716,MATCH003,1,0,FAILED,FILE_LOCK,2026-07-13 04:30:05,1
TXN00000711,FAN_SIM_710,MATCH003,1,0,FAILED,FILE_LOCK,2026-07-13 04:30:05,1
TXN00000640,FAN_SIM_639,MATCH003,1,500000,FAILED,FILE_LOCK,2026-07-13 04:30:05,197
TXN00000714,FAN_SIM_713,MATCH003,1,0,FAILED,FILE_LOCK,2026-07-13 04:30:05,1
TXN00000716,FAN_SIM_715,MATCH003,1,0,FAILED,FILE_LOCK,2026-07-13 04:30:05,2
TXN00000724,FAN_SIM_723,MATCH003,1,0,FAILED,FILE_LOCK,2026-07-13 04:30:05,1
TXN00000721,FAN_SIM_720,MATCH003,1,0,FAILED,FILE_LOCK,2026-07-13 04:30:05,1
TXN00000720,FAN_SIM_719,MATCH003,1,0,FAILED,FILE_LOCK,2026-07-13 04:30:05,2
TXN00000726,FAN_SIM_725,MATCH003,1,0,FAILED,FILE_LOCK,2026-07-13 04:30:05,1
TXN00000638,FAN_SIM_637,MATCH003,1,500000,FAILED,FILE_LOCK,2026-07-13 04:30:05,199
TXN00000651,FAN_SIM_651,MATCH003,1,500000,FAILED,FILE_LOCK,2026-07-13 04:30:05,197
TXN00000722,FAN_SIM_721,MATCH003,1,0,FAILED,FILE_LOCK,2026-07-13 04:30:05,1
TXN00000725,FAN_SIM_724,MATCH003,1,0,FAILED,FILE_LOCK,2026-07-13 04:30:05,1
TXN00000633,FAN_SIM_632,MATCH003,1,500000,FAILED,FILE_LOCK,2026-07-13 04:30:05,209
TXN00000660,FAN_SIM_659,MATCH003,1,500000,FAILED,FILE_LOCK,2026-07-13 04:30:05,208
TXN00000657,FAN_SIM_656,MATCH003,1,500000,FAILED,FILE_LOCK,2026-07-13 04:30:05,210
TXN00000687,FAN_SIM_686,MATCH003,1,500000,FAILED,FILE_LOCK,2026-07-13 04:30:05,210
TXN00000639,FAN_SIM_638,MATCH003,1,500000,FAILED,FILE_LOCK,2026-07-13 04:30:05,222
TXN00000635,FAN_SIM_634,MATCH003,1,500000,FAILED,FILE_LOCK,2026-07-13 04:30:05,225
TXN00000653,FAN_SIM_652,MATCH003,1,500000,FAILED,FILE_LOCK,2026-07-13 04:30:06,300
TXN00000770,FAN_SIM_769,MATCH003,1,0,FAILED,FILE_LOCK,2026-07-13 04:30:06,106
TXN00000632,FAN_SIM_631,MATCH003,1,500000,FAILED,FILE_LOCK,2026-07-13 04:30:06,309
TXN00000766,FAN_SIM_765,MATCH003,1,0,FAILED,FILE_LOCK,2026-07-13 04:30:06,107
TXN00000765,FAN_SIM_764,MATCH003,1,0,FAILED,FILE_LOCK,2026-07-13 04:30:06,107
TXN00000736,FAN_SIM_735,MATCH003,1,0,FAILED,FILE_LOCK,2026-07-13 04:30:06,108
TXN00000778,FAN_SIM_777,MATCH003,1,0,FAILED,FILE_LOCK,2026-07-13 04:30:06,98
TXN00000737,FAN_SIM_736,MATCH003,1,0,FAILED,FILE_LOCK,2026-07-13 04:30:06,108
TXN00000771,FAN_SIM_770,MATCH003,1,0,FAILED,FILE_LOCK,2026-07-13 04:30:06,107
TXN00000749,FAN_SIM_748,MATCH003,1,0,FAILED,FILE_LOCK,2026-07-13 04:30:06,108
TXN00000732,FAN_SIM_731,MATCH003,1,0,FAILED,FILE_LOCK,2026-07-13 04:30:06,109
TXN00000750,FAN_SIM_749,MATCH003,1,0,FAILED,FILE_LOCK,2026-07-13 04:30:06,107
TXN00000759,FAN_SIM_758,MATCH003,1,0,FAILED,FILE_LOCK,2026-07-13 04:30:06,108
TXN00000783,FAN_SIM_782,MATCH003,1,0,FAILED,FILE_LOCK,2026-07-13 04:30:06,7
TXN00000756,FAN_SIM_755,MATCH003,1,0,FAILED,FILE_LOCK,2026-07-13 04:30:06,108
TXN00000767,FAN_SIM_766,MATCH003,1,0,FAILED,FILE_LOCK,2026-07-13 04:30:06,107
TXN00000752,FAN_SIM_751,MATCH003,1,0,FAILED,FILE_LOCK,2026-07-13 04:30:06,110
TXN00000745,FAN_SIM_744,MATCH003,1,0,FAILED,FILE_LOCK,2026-07-13 04:30:06,109
TXN00000757,FAN_SIM_756,MATCH003,1,0,FAILED,FILE_LOCK,2026-07-13 04:30:06,109
TXN00000738,FAN_SIM_737,MATCH003,1,0,FAILED,FILE_LOCK,2026-07-13 04:30:06,109
TXN00000773,FAN_SIM_772,MATCH003,1,0,FAILED,FILE_LOCK,2026-07-13 04:30:06,108
TXN00000744,FAN_SIM_743,MATCH003,1,0,FAILED,FILE_LOCK,2026-07-13 04:30:06,109
TXN00000768,FAN_SIM_767,MATCH003,1,0,FAILED,FILE_LOCK,2026-07-13 04:30:06,108
TXN00000743,FAN_SIM_742,MATCH003,1,0,FAILED,FILE_LOCK,2026-07-13 04:30:06,109
TXN00000772,FAN_SIM_771,MATCH003,1,0,FAILED,FILE_LOCK,2026-07-13 04:30:06,109
TXN00000774,FAN_SIM_773,MATCH003,1,0,FAILED,FILE_LOCK,2026-07-13 04:30:06,108
TXN00000754,FAN_SIM_753,MATCH003,1,0,FAILED,FILE_LOCK,2026-07-13 04:30:06,110
TXN00000746,FAN_SIM_745,MATCH003,1,0,FAILED,FILE_LOCK,2026-07-13 04:30:06,109
TXN00000747,FAN_SIM_746,MATCH003,1,0,FAILED,FILE_LOCK,2026-07-13 04:30:06,110
TXN00000762,FAN_SIM_761,MATCH003,1,0,FAILED,FILE_LOCK,2026-07-13 04:30:06,109
TXN00000755,FAN_SIM_754,MATCH003,1,0,FAILED,FILE_LOCK,2026-07-13 04:30:06,110
TXN00000776,FAN_SIM_775,MATCH003,1,0,FAILED,FILE_LOCK,2026-07-13 04:30:06,108
TXN00000769,FAN_SIM_768,MATCH003,1,0,FAILED,FILE_LOCK,2026-07-13 04:30:06,131
TXN00000775,FAN_SIM_774,MATCH003,1,0,FAILED,FILE_LOCK,2026-07-13 04:30:06,131
TXN00000753,FAN_SIM_752,MATCH003,1,0,FAILED,FILE_LOCK,2026-07-13 04:30:06,110
TXN00000751,FAN_SIM_750,MATCH003,1,0,FAILED,FILE_LOCK,2026-07-13 04:30:06,111
TXN00000740,FAN_SIM_739,MATCH003,1,0,FAILED,FILE_LOCK,2026-07-13 04:30:06,110
TXN00000781,FAN_SIM_780,MATCH003,1,0,FAILED,FILE_LOCK,2026-07-13 04:30:06,109
TXN00000779,FAN_SIM_778,MATCH003,1,0,FAILED,FILE_LOCK,2026-07-13 04:30:06,98
TXN00000780,FAN_SIM_779,MATCH003,1,0,FAILED,FILE_LOCK,2026-07-13 04:30:06,120
TXN00000748,FAN_SIM_747,MATCH003,1,0,FAILED,FILE_LOCK,2026-07-13 04:30:06,110
TXN00000782,FAN_SIM_781,MATCH003,1,0,FAILED,FILE_LOCK,2026-07-13 04:30:06,108
TXN00000763,FAN_SIM_762,MATCH003,1,0,FAILED,FILE_LOCK,2026-07-13 04:30:06,109
TXN00000784,FAN_SIM_783,MATCH003,1,0,FAILED,FILE_LOCK,2026-07-13 04:30:06,0
TXN00000685,FAN_SIM_684,MATCH003,1,500000,FAILED,FILE_LOCK,2026-07-13 04:30:06,332
TXN00000785,FAN_SIM_784,MATCH003,1,0,FAILED,FILE_LOCK,2026-07-13 04:30:06,1
TXN00000636,FAN_SIM_635,MATCH003,1,500000,FAILED,FILE_LOCK,2026-07-13 04:30:06,336
TXN00000631,FAN_SIM_630,MATCH003,1,500000,FAILED,FILE_LOCK,2026-07-13 04:30:06,338
TXN00000786,FAN_SIM_785,MATCH003,1,0,FAILED,FILE_LOCK,2026-07-13 04:30:06,1
TXN00000787,FAN_SIM_786,MATCH003,1,0,FAILED,FILE_LOCK,2026-07-13 04:30:06,1
TXN00000788,FAN_SIM_787,MATCH003,1,0,FAILED,FILE_LOCK,2026-07-13 04:30:06,1
TXN00000637,FAN_SIM_636,MATCH003,1,500000,FAILED,FILE_LOCK,2026-07-13 04:30:06,346
TXN00000665,FAN_SIM_664,MATCH003,1,500000,FAILED,FILE_LOCK,2026-07-13 04:30:06,345
TXN00000634,FAN_SIM_633,MATCH003,1,500000,FAILED,FILE_LOCK,2026-07-13 04:30:06,348
TXN00000764,FAN_SIM_763,MATCH003,1,500000,FAILED,FILE_LOCK,2026-07-13 04:30:06,157
TXN00000742,FAN_SIM_741,MATCH003,1,500000,FAILED,FILE_LOCK,2026-07-13 04:30:06,164
TXN00000730,FAN_SIM_729,MATCH003,1,500000,FAILED,FILE_LOCK,2026-07-13 04:30:06,213
TXN00000741,FAN_SIM_740,MATCH003,1,500000,FAILED,FILE_LOCK,2026-07-13 04:30:06,215
TXN00000734,FAN_SIM_733,MATCH003,1,500000,FAILED,FILE_LOCK,2026-07-13 04:30:06,216
TXN00000727,FAN_SIM_726,MATCH003,1,500000,FAILED,FILE_LOCK,2026-07-13 04:30:06,217
TXN00000729,FAN_SIM_728,MATCH003,1,500000,FAILED,FILE_LOCK,2026-07-13 04:30:06,217
TXN00000731,FAN_SIM_730,MATCH003,1,500000,FAILED,FILE_LOCK,2026-07-13 04:30:06,217
TXN00000777,FAN_SIM_776,MATCH003,1,500000,FAILED,FILE_LOCK,2026-07-13 04:30:06,209
TXN00000735,FAN_SIM_734,MATCH003,1,500000,FAILED,FILE_LOCK,2026-07-13 04:30:06,218
TXN00000758,FAN_SIM_757,MATCH003,1,500000,FAILED,FILE_LOCK,2026-07-13 04:30:06,216
TXN00000760,FAN_SIM_759,MATCH003,1,500000,FAILED,FILE_LOCK,2026-07-13 04:30:06,218
TXN00000733,FAN_SIM_732,MATCH003,1,500000,FAILED,FILE_LOCK,2026-07-13 04:30:06,220
TXN00000739,FAN_SIM_738,MATCH003,1,500000,FAILED,FILE_LOCK,2026-07-13 04:30:06,219
TXN00000728,FAN_SIM_727,MATCH003,1,500000,FAILED,FILE_LOCK,2026-07-13 04:30:06,222
TXN00000791,FAN_SIM_790,MATCH003,1,500000,FAILED,FILE_LOCK,2026-07-13 04:30:06,84
TXN00000799,FAN_SIM_798,MATCH003,1,500000,FAILED,FILE_LOCK,2026-07-13 04:30:06,83
TXN00000798,FAN_SIM_797,MATCH003,1,500000,FAILED,FILE_LOCK,2026-07-13 04:30:06,83
TXN00000803,FAN_SIM_802,MATCH003,1,500000,FAILED,FILE_LOCK,2026-07-13 04:30:06,84
TXN00000807,FAN_SIM_806,MATCH003,1,500000,FAILED,FILE_LOCK,2026-07-13 04:30:06,84
TXN00000827,FAN_SIM_826,MATCH003,1,500000,FAILED,FILE_LOCK,2026-07-13 04:30:06,83
TXN00000761,FAN_SIM_760,MATCH003,1,500000,FAILED,FILE_LOCK,2026-07-13 04:30:06,218
TXN00000800,FAN_SIM_799,MATCH003,1,500000,FAILED,FILE_LOCK,2026-07-13 04:30:06,84
TXN00000804,FAN_SIM_803,MATCH003,1,500000,FAILED,FILE_LOCK,2026-07-13 04:30:06,84
TXN00000810,FAN_SIM_809,MATCH003,1,500000,FAILED,FILE_LOCK,2026-07-13 04:30:06,84
TXN00000853,FAN_SIM_852,MATCH003,1,0,FAILED,FILE_LOCK,2026-07-13 04:30:06,56
TXN00000854,FAN_SIM_853,MATCH003,1,0,FAILED,FILE_LOCK,2026-07-13 04:30:06,56
TXN00000849,FAN_SIM_848,MATCH003,1,0,FAILED,FILE_LOCK,2026-07-13 04:30:06,58
TXN00000846,FAN_SIM_845,MATCH003,1,0,FAILED,FILE_LOCK,2026-07-13 04:30:06,60
TXN00000857,FAN_SIM_856,MATCH003,1,0,FAILED,FILE_LOCK,2026-07-13 04:30:06,55
TXN00000845,FAN_SIM_844,MATCH003,1,0,FAILED,FILE_LOCK,2026-07-13 04:30:06,61
TXN00000832,FAN_SIM_831,MATCH003,1,0,FAILED,FILE_LOCK,2026-07-13 04:30:06,137
TXN00000844,FAN_SIM_843,MATCH003,1,0,FAILED,FILE_LOCK,2026-07-13 04:30:06,61
TXN00000848,FAN_SIM_847,MATCH003,1,0,FAILED,FILE_LOCK,2026-07-13 04:30:06,59
TXN00000836,FAN_SIM_835,MATCH003,1,0,FAILED,FILE_LOCK,2026-07-13 04:30:06,130
TXN00000834,FAN_SIM_833,MATCH003,1,0,FAILED,FILE_LOCK,2026-07-13 04:30:06,133
TXN00000851,FAN_SIM_850,MATCH003,1,0,FAILED,FILE_LOCK,2026-07-13 04:30:06,58
TXN00000850,FAN_SIM_849,MATCH003,1,0,FAILED,FILE_LOCK,2026-07-13 04:30:06,58
TXN00000852,FAN_SIM_851,MATCH003,1,0,FAILED,FILE_LOCK,2026-07-13 04:30:06,58
TXN00000843,FAN_SIM_842,MATCH003,1,0,FAILED,FILE_LOCK,2026-07-13 04:30:06,61
TXN00000847,FAN_SIM_846,MATCH003,1,0,FAILED,FILE_LOCK,2026-07-13 04:30:06,60
TXN00000841,FAN_SIM_840,MATCH003,1,0,FAILED,FILE_LOCK,2026-07-13 04:30:06,62
TXN00000858,FAN_SIM_857,MATCH003,1,0,FAILED,FILE_LOCK,2026-07-13 04:30:06,4
TXN00000816,FAN_SIM_815,MATCH003,1,0,FAILED,FILE_LOCK,2026-07-13 04:30:06,140
TXN00000828,FAN_SIM_827,MATCH003,1,0,FAILED,FILE_LOCK,2026-07-13 04:30:06,139
TXN00000831,FAN_SIM_830,MATCH003,1,0,FAILED,FILE_LOCK,2026-07-13 04:30:06,139
TXN00000822,FAN_SIM_822,MATCH003,1,0,FAILED,FILE_LOCK,2026-07-13 04:30:06,140
TXN00000842,FAN_SIM_841,MATCH003,1,0,FAILED,FILE_LOCK,2026-07-13 04:30:06,61
TXN00000840,FAN_SIM_839,MATCH003,1,0,FAILED,FILE_LOCK,2026-07-13 04:30:06,63
TXN00000855,FAN_SIM_854,MATCH003,1,0,FAILED,FILE_LOCK,2026-07-13 04:30:06,57
TXN00000826,FAN_SIM_825,MATCH003,1,0,FAILED,FILE_LOCK,2026-07-13 04:30:06,140
TXN00000823,FAN_SIM_823,MATCH003,1,500000,FAILED,FILE_LOCK,2026-07-13 04:30:06,142
TXN00000860,FAN_SIM_859,MATCH003,1,0,FAILED,FILE_LOCK,2026-07-13 04:30:06,2
TXN00000829,FAN_SIM_828,MATCH003,1,0,FAILED,FILE_LOCK,2026-07-13 04:30:06,140
TXN00000861,FAN_SIM_860,MATCH003,1,0,FAILED,FILE_LOCK,2026-07-13 04:30:06,2
TXN00000856,FAN_SIM_855,MATCH003,1,0,FAILED,FILE_LOCK,2026-07-13 04:30:06,57
TXN00000795,FAN_SIM_794,MATCH003,1,500000,FAILED,FILE_LOCK,2026-07-13 04:30:06,143
TXN00000818,FAN_SIM_817,MATCH003,1,0,FAILED,FILE_LOCK,2026-07-13 04:30:06,140
TXN00000859,FAN_SIM_858,MATCH003,1,0,FAILED,FILE_LOCK,2026-07-13 04:30:06,2
TXN00000866,FAN_SIM_865,MATCH003,1,0,FAILED,FILE_LOCK,2026-07-13 04:30:06,0
TXN00000813,FAN_SIM_812,MATCH003,1,500000,FAILED,FILE_LOCK,2026-07-13 04:30:06,143
TXN00000864,FAN_SIM_863,MATCH003,1,0,FAILED,FILE_LOCK,2026-07-13 04:30:06,1
TXN00000793,FAN_SIM_792,MATCH003,1,500000,FAILED,FILE_LOCK,2026-07-13 04:30:06,144
TXN00000867,FAN_SIM_866,MATCH003,1,0,FAILED,FILE_LOCK,2026-07-13 04:30:06,0
TXN00000863,FAN_SIM_862,MATCH003,1,0,FAILED,FILE_LOCK,2026-07-13 04:30:06,1
TXN00000862,FAN_SIM_861,MATCH003,1,0,FAILED,FILE_LOCK,2026-07-13 04:30:06,1
TXN00000865,FAN_SIM_864,MATCH003,1,0,FAILED,FILE_LOCK,2026-07-13 04:30:06,0
TXN00000868,FAN_SIM_867,MATCH003,1,0,FAILED,FILE_LOCK,2026-07-13 04:30:06,0
TXN00000869,FAN_SIM_868,MATCH003,1,0,FAILED,FILE_LOCK,2026-07-13 04:30:06,0
TXN00000870,FAN_SIM_869,MATCH003,1,0,FAILED,FILE_LOCK,2026-07-13 04:30:06,1
TXN00000814,FAN_SIM_813,MATCH003,1,500000,FAILED,FILE_LOCK,2026-07-13 04:30:06,144
TXN00000871,FAN_SIM_870,MATCH003,1,0,FAILED,FILE_LOCK,2026-07-13 04:30:06,0
TXN00000792,FAN_SIM_791,MATCH003,1,500000,FAILED,FILE_LOCK,2026-07-13 04:30:06,148
TXN00000802,FAN_SIM_801,MATCH003,1,500000,FAILED,FILE_LOCK,2026-07-13 04:30:06,148
TXN00000794,FAN_SIM_793,MATCH003,1,500000,FAILED,FILE_LOCK,2026-07-13 04:30:06,151
TXN00000796,FAN_SIM_795,MATCH003,1,500000,FAILED,FILE_LOCK,2026-07-13 04:30:06,152
TXN00000825,FAN_SIM_819,MATCH003,1,500000,FAILED,FILE_LOCK,2026-07-13 04:30:06,151
TXN00000790,FAN_SIM_789,MATCH003,1,500000,FAILED,FILE_LOCK,2026-07-13 04:30:06,154
TXN00000833,FAN_SIM_832,MATCH003,1,500000,FAILED,FILE_LOCK,2026-07-13 04:30:06,149
TXN00000819,FAN_SIM_818,MATCH003,1,500000,FAILED,FILE_LOCK,2026-07-13 04:30:06,153
TXN00000821,FAN_SIM_821,MATCH003,1,500000,FAILED,FILE_LOCK,2026-07-13 04:30:06,153
TXN00000879,FAN_SIM_878,MATCH003,1,0,FAILED,FILE_LOCK,2026-07-13 04:30:06,10
TXN00000872,FAN_SIM_871,MATCH003,1,0,FAILED,FILE_LOCK,2026-07-13 04:30:06,10
TXN00000874,FAN_SIM_873,MATCH003,1,0,FAILED,FILE_LOCK,2026-07-13 04:30:06,10
TXN00000882,FAN_SIM_881,MATCH003,1,0,FAILED,FILE_LOCK,2026-07-13 04:30:06,10
TXN00000878,FAN_SIM_877,MATCH003,1,0,FAILED,FILE_LOCK,2026-07-13 04:30:06,10
TXN00000880,FAN_SIM_879,MATCH003,1,0,FAILED,FILE_LOCK,2026-07-13 04:30:06,10
TXN00000876,FAN_SIM_875,MATCH003,1,0,FAILED,FILE_LOCK,2026-07-13 04:30:06,10
TXN00000881,FAN_SIM_880,MATCH003,1,0,FAILED,FILE_LOCK,2026-07-13 04:30:06,10
TXN00000903,FAN_SIM_902,MATCH003,1,0,FAILED,FILE_LOCK,2026-07-13 04:30:06,7
TXN00000877,FAN_SIM_876,MATCH003,1,0,FAILED,FILE_LOCK,2026-07-13 04:30:06,10
TXN00000873,FAN_SIM_872,MATCH003,1,0,FAILED,FILE_LOCK,2026-07-13 04:30:06,10
TXN00000904,FAN_SIM_903,MATCH003,1,0,FAILED,FILE_LOCK,2026-07-13 04:30:06,8
TXN00000811,FAN_SIM_810,MATCH003,1,500000,FAILED,FILE_LOCK,2026-07-13 04:30:06,154
TXN00000906,FAN_SIM_905,MATCH003,1,0,FAILED,FILE_LOCK,2026-07-13 04:30:06,7
TXN00000806,FAN_SIM_805,MATCH003,1,500000,FAILED,FILE_LOCK,2026-07-13 04:30:06,155
TXN00000817,FAN_SIM_816,MATCH003,1,500000,FAILED,FILE_LOCK,2026-07-13 04:30:06,155
TXN00000824,FAN_SIM_824,MATCH003,1,500000,FAILED,FILE_LOCK,2026-07-13 04:30:06,154
TXN00000905,FAN_SIM_904,MATCH003,1,0,FAILED,FILE_LOCK,2026-07-13 04:30:06,7
TXN00000902,FAN_SIM_901,MATCH003,1,0,FAILED,FILE_LOCK,2026-07-13 04:30:06,8
TXN00000908,FAN_SIM_907,MATCH003,1,0,FAILED,FILE_LOCK,2026-07-13 04:30:06,7
TXN00000896,FAN_SIM_895,MATCH003,1,0,FAILED,FILE_LOCK,2026-07-13 04:30:06,9
TXN00000913,FAN_SIM_912,MATCH003,1,0,FAILED,FILE_LOCK,2026-07-13 04:30:06,3
TXN00000797,FAN_SIM_796,MATCH003,1,500000,FAILED,FILE_LOCK,2026-07-13 04:30:06,156
TXN00000911,FAN_SIM_910,MATCH003,1,0,FAILED,FILE_LOCK,2026-07-13 04:30:06,4
TXN00000907,FAN_SIM_906,MATCH003,1,0,FAILED,FILE_LOCK,2026-07-13 04:30:06,7
TXN00000909,FAN_SIM_908,MATCH003,1,0,FAILED,FILE_LOCK,2026-07-13 04:30:06,6
TXN00000887,FAN_SIM_886,MATCH003,1,0,FAILED,FILE_LOCK,2026-07-13 04:30:06,9
TXN00000805,FAN_SIM_804,MATCH003,1,500000,FAILED,FILE_LOCK,2026-07-13 04:30:06,156
TXN00000912,FAN_SIM_911,MATCH003,1,0,FAILED,FILE_LOCK,2026-07-13 04:30:06,4
TXN00000888,FAN_SIM_887,MATCH003,1,0,FAILED,FILE_LOCK,2026-07-13 04:30:06,9
TXN00000789,FAN_SIM_788,MATCH003,1,500000,FAILED,FILE_LOCK,2026-07-13 04:30:06,157
TXN00000875,FAN_SIM_874,MATCH003,1,0,FAILED,FILE_LOCK,2026-07-13 04:30:06,11
TXN00000830,FAN_SIM_829,MATCH003,1,500000,FAILED,FILE_LOCK,2026-07-13 04:30:06,154
TXN00000910,FAN_SIM_909,MATCH003,1,0,FAILED,FILE_LOCK,2026-07-13 04:30:06,6
TXN00000883,FAN_SIM_882,MATCH003,1,0,FAILED,FILE_LOCK,2026-07-13 04:30:06,11
TXN00000886,FAN_SIM_885,MATCH003,1,0,FAILED,FILE_LOCK,2026-07-13 04:30:06,9
TXN00000894,FAN_SIM_893,MATCH003,1,0,FAILED,FILE_LOCK,2026-07-13 04:30:06,9
TXN00000914,FAN_SIM_913,MATCH003,1,0,FAILED,FILE_LOCK,2026-07-13 04:30:06,2
TXN00000893,FAN_SIM_892,MATCH003,1,0,FAILED,FILE_LOCK,2026-07-13 04:30:06,9
TXN00000891,FAN_SIM_890,MATCH003,1,0,FAILED,FILE_LOCK,2026-07-13 04:30:06,9
TXN00000884,FAN_SIM_883,MATCH003,1,0,FAILED,FILE_LOCK,2026-07-13 04:30:06,11
TXN00000889,FAN_SIM_888,MATCH003,1,0,FAILED,FILE_LOCK,2026-07-13 04:30:06,9
TXN00000900,FAN_SIM_899,MATCH003,1,0,FAILED,FILE_LOCK,2026-07-13 04:30:06,8
TXN00000898,FAN_SIM_897,MATCH003,1,0,FAILED,FILE_LOCK,2026-07-13 04:30:06,8
TXN00000919,FAN_SIM_918,MATCH003,1,0,FAILED,FILE_LOCK,2026-07-13 04:30:06,1
TXN00000820,FAN_SIM_820,MATCH003,1,500000,FAILED,FILE_LOCK,2026-07-13 04:30:06,156
TXN00000917,FAN_SIM_916,MATCH003,1,0,FAILED,FILE_LOCK,2026-07-13 04:30:06,2
TXN00000809,FAN_SIM_807,MATCH003,1,500000,FAILED,FILE_LOCK,2026-07-13 04:30:06,156
TXN00000895,FAN_SIM_894,MATCH003,1,0,FAILED,FILE_LOCK,2026-07-13 04:30:06,10
TXN00000839,FAN_SIM_838,MATCH003,1,500000,FAILED,FILE_LOCK,2026-07-13 04:30:06,82
TXN00000837,FAN_SIM_836,MATCH003,1,500000,FAILED,FILE_LOCK,2026-07-13 04:30:06,135
TXN00000897,FAN_SIM_896,MATCH003,1,0,FAILED,FILE_LOCK,2026-07-13 04:30:06,10
TXN00000838,FAN_SIM_837,MATCH003,1,500000,FAILED,FILE_LOCK,2026-07-13 04:30:06,129
TXN00000901,FAN_SIM_900,MATCH003,1,0,FAILED,FILE_LOCK,2026-07-13 04:30:06,9
TXN00000885,FAN_SIM_884,MATCH003,1,0,FAILED,FILE_LOCK,2026-07-13 04:30:06,12
TXN00000812,FAN_SIM_811,MATCH003,1,500000,FAILED,FILE_LOCK,2026-07-13 04:30:06,156
TXN00000835,FAN_SIM_834,MATCH003,1,500000,FAILED,FILE_LOCK,2026-07-13 04:30:06,148
TXN00000808,FAN_SIM_808,MATCH003,1,500000,FAILED,FILE_LOCK,2026-07-13 04:30:06,156
TXN00000915,FAN_SIM_914,MATCH003,1,0,FAILED,FILE_LOCK,2026-07-13 04:30:06,3
TXN00000815,FAN_SIM_814,MATCH003,1,500000,FAILED,FILE_LOCK,2026-07-13 04:30:06,156
TXN00000918,FAN_SIM_917,MATCH003,1,0,FAILED,FILE_LOCK,2026-07-13 04:30:06,2
TXN00000892,FAN_SIM_891,MATCH003,1,0,FAILED,FILE_LOCK,2026-07-13 04:30:06,9
TXN00000801,FAN_SIM_800,MATCH003,1,500000,FAILED,FILE_LOCK,2026-07-13 04:30:06,157
TXN00000916,FAN_SIM_915,MATCH003,1,0,FAILED,FILE_LOCK,2026-07-13 04:30:06,3
TXN00000899,FAN_SIM_898,MATCH003,1,0,FAILED,FILE_LOCK,2026-07-13 04:30:06,8
TXN00000890,FAN_SIM_889,MATCH003,1,0,FAILED,FILE_LOCK,2026-07-13 04:30:06,9
TXN00000966,FAN_SIM_965,MATCH003,1,0,FAILED,FILE_LOCK,2026-07-13 04:30:06,93
TXN00000969,FAN_SIM_968,MATCH003,1,0,FAILED,FILE_LOCK,2026-07-13 04:30:06,93
TXN00000975,FAN_SIM_974,MATCH003,1,0,FAILED,FILE_LOCK,2026-07-13 04:30:06,93
TXN00000928,FAN_SIM_927,MATCH003,1,0,FAILED,FILE_LOCK,2026-07-13 04:30:06,96
TXN00000981,FAN_SIM_980,MATCH003,1,0,FAILED,FILE_LOCK,2026-07-13 04:30:06,92
TXN00000964,FAN_SIM_964,MATCH003,1,0,FAILED,FILE_LOCK,2026-07-13 04:30:06,93
TXN00000939,FAN_SIM_938,MATCH003,1,0,FAILED,FILE_LOCK,2026-07-13 04:30:06,94
TXN00000965,FAN_SIM_960,MATCH003,1,0,FAILED,FILE_LOCK,2026-07-13 04:30:06,93
TXN00000959,FAN_SIM_958,MATCH003,1,0,FAILED,FILE_LOCK,2026-07-13 04:30:06,93
TXN00000935,FAN_SIM_934,MATCH003,1,0,FAILED,FILE_LOCK,2026-07-13 04:30:06,95
TXN00000977,FAN_SIM_976,MATCH003,1,0,FAILED,FILE_LOCK,2026-07-13 04:30:06,93
TXN00000950,FAN_SIM_949,MATCH003,1,0,FAILED,FILE_LOCK,2026-07-13 04:30:06,94
TXN00000958,FAN_SIM_957,MATCH003,1,0,FAILED,FILE_LOCK,2026-07-13 04:30:06,93
TXN00000953,FAN_SIM_952,MATCH003,1,0,FAILED,FILE_LOCK,2026-07-13 04:30:06,94
TXN00000957,FAN_SIM_956,MATCH003,1,0,FAILED,FILE_LOCK,2026-07-13 04:30:06,93
TXN00000948,FAN_SIM_947,MATCH003,1,0,FAILED,FILE_LOCK,2026-07-13 04:30:06,94
TXN00000952,FAN_SIM_951,MATCH003,1,0,FAILED,FILE_LOCK,2026-07-13 04:30:06,94
TXN00000930,FAN_SIM_929,MATCH003,1,0,FAILED,FILE_LOCK,2026-07-13 04:30:06,95
TXN00000937,FAN_SIM_936,MATCH003,1,0,FAILED,FILE_LOCK,2026-07-13 04:30:06,94
TXN00000944,FAN_SIM_943,MATCH003,1,0,FAILED,FILE_LOCK,2026-07-13 04:30:06,94
TXN00000943,FAN_SIM_942,MATCH003,1,0,FAILED,FILE_LOCK,2026-07-13 04:30:06,94
TXN00000946,FAN_SIM_945,MATCH003,1,0,FAILED,FILE_LOCK,2026-07-13 04:30:06,94
TXN00000955,FAN_SIM_954,MATCH003,1,0,FAILED,FILE_LOCK,2026-07-13 04:30:06,94
TXN00000940,FAN_SIM_939,MATCH003,1,0,FAILED,FILE_LOCK,2026-07-13 04:30:06,94
TXN00000929,FAN_SIM_928,MATCH003,1,0,FAILED,FILE_LOCK,2026-07-13 04:30:06,95
TXN00000954,FAN_SIM_953,MATCH003,1,0,FAILED,FILE_LOCK,2026-07-13 04:30:06,94
TXN00000960,FAN_SIM_959,MATCH003,1,0,FAILED,FILE_LOCK,2026-07-13 04:30:06,93
TXN00000931,FAN_SIM_930,MATCH003,1,0,FAILED,FILE_LOCK,2026-07-13 04:30:06,95
TXN00000921,FAN_SIM_920,MATCH003,1,0,FAILED,FILE_LOCK,2026-07-13 04:30:06,102
TXN00000924,FAN_SIM_923,MATCH003,1,0,FAILED,FILE_LOCK,2026-07-13 04:30:06,100
TXN00000934,FAN_SIM_933,MATCH003,1,0,FAILED,FILE_LOCK,2026-07-13 04:30:06,97
TXN00000947,FAN_SIM_946,MATCH003,1,0,FAILED,FILE_LOCK,2026-07-13 04:30:06,96
TXN00000956,FAN_SIM_955,MATCH003,1,0,FAILED,FILE_LOCK,2026-07-13 04:30:06,96
TXN00000974,FAN_SIM_973,MATCH003,1,0,FAILED,FILE_LOCK,2026-07-13 04:30:06,93
TXN00000983,FAN_SIM_982,MATCH003,1,0,FAILED,FILE_LOCK,2026-07-13 04:30:06,92
TXN00000949,FAN_SIM_948,MATCH003,1,0,FAILED,FILE_LOCK,2026-07-13 04:30:06,96
TXN00000927,FAN_SIM_926,MATCH003,1,0,FAILED,FILE_LOCK,2026-07-13 04:30:06,99
TXN00000925,FAN_SIM_924,MATCH003,1,0,FAILED,FILE_LOCK,2026-07-13 04:30:06,98
TXN00000922,FAN_SIM_921,MATCH003,1,500000,FAILED,FILE_LOCK,2026-07-13 04:30:06,104
TXN00000990,FAN_SIM_989,MATCH003,1,0,FAILED,FILE_LOCK,2026-07-13 04:30:06,1
TXN00000988,FAN_SIM_987,MATCH003,1,0,FAILED,FILE_LOCK,2026-07-13 04:30:06,2
TXN00000986,FAN_SIM_985,MATCH003,1,0,FAILED,FILE_LOCK,2026-07-13 04:30:06,4
TXN00000989,FAN_SIM_988,MATCH003,1,0,FAILED,FILE_LOCK,2026-07-13 04:30:06,2
TXN00000932,FAN_SIM_931,MATCH003,1,0,FAILED,FILE_LOCK,2026-07-13 04:30:06,101
TXN00000987,FAN_SIM_986,MATCH003,1,0,FAILED,FILE_LOCK,2026-07-13 04:30:06,2
TXN00000979,FAN_SIM_978,MATCH003,1,0,FAILED,FILE_LOCK,2026-07-13 04:30:06,98
TXN00000945,FAN_SIM_944,MATCH003,1,0,FAILED,FILE_LOCK,2026-07-13 04:30:06,101
TXN00000985,FAN_SIM_984,MATCH003,1,0,FAILED,FILE_LOCK,2026-07-13 04:30:06,4
TXN00000984,FAN_SIM_983,MATCH003,1,0,FAILED,FILE_LOCK,2026-07-13 04:30:06,4
TXN00000920,FAN_SIM_919,MATCH003,1,500000,FAILED,FILE_LOCK,2026-07-13 04:30:06,110
TXN00000996,FAN_SIM_995,MATCH003,1,0,FAILED,FILE_LOCK,2026-07-13 04:30:06,4
TXN00000993,FAN_SIM_992,MATCH003,1,0,FAILED,FILE_LOCK,2026-07-13 04:30:06,5
TXN00000995,FAN_SIM_994,MATCH003,1,0,FAILED,FILE_LOCK,2026-07-13 04:30:06,6
TXN00000991,FAN_SIM_990,MATCH003,1,0,FAILED,FILE_LOCK,2026-07-13 04:30:06,6
TXN00001000,FAN_SIM_999,MATCH003,1,0,FAILED,FILE_LOCK,2026-07-13 04:30:06,5
TXN00001007,FAN_SIM_1006,MATCH003,1,0,FAILED,FILE_LOCK,2026-07-13 04:30:06,4
TXN00000951,FAN_SIM_950,MATCH003,1,500000,FAILED,FILE_LOCK,2026-07-13 04:30:06,106
TXN00000992,FAN_SIM_991,MATCH003,1,0,FAILED,FILE_LOCK,2026-07-13 04:30:06,6
TXN00001005,FAN_SIM_1003,MATCH003,1,0,FAILED,FILE_LOCK,2026-07-13 04:30:06,4
TXN00001004,FAN_SIM_1004,MATCH003,1,0,FAILED,FILE_LOCK,2026-07-13 04:30:06,4
TXN00001009,FAN_SIM_1008,MATCH003,1,0,FAILED,FILE_LOCK,2026-07-13 04:30:06,4
TXN00000923,FAN_SIM_922,MATCH003,1,500000,FAILED,FILE_LOCK,2026-07-13 04:30:06,112
TXN00001002,FAN_SIM_1001,MATCH003,1,0,FAILED,FILE_LOCK,2026-07-13 04:30:06,5
TXN00001013,FAN_SIM_1012,MATCH003,1,0,FAILED,FILE_LOCK,2026-07-13 04:30:06,4
TXN00001017,FAN_SIM_1016,MATCH003,1,0,FAILED,FILE_LOCK,2026-07-13 04:30:06,4
TXN00001010,FAN_SIM_1009,MATCH003,1,0,FAILED,FILE_LOCK,2026-07-13 04:30:06,4
TXN00001020,FAN_SIM_1019,MATCH003,1,0,FAILED,FILE_LOCK,2026-07-13 04:30:06,4
TXN00001011,FAN_SIM_1010,MATCH003,1,0,FAILED,FILE_LOCK,2026-07-13 04:30:06,4
TXN00000972,FAN_SIM_971,MATCH003,1,500000,FAILED,FILE_LOCK,2026-07-13 04:30:06,105
TXN00001008,FAN_SIM_1007,MATCH003,1,0,FAILED,FILE_LOCK,2026-07-13 04:30:06,4
TXN00001012,FAN_SIM_1011,MATCH003,1,0,FAILED,FILE_LOCK,2026-07-13 04:30:06,4
TXN00001014,FAN_SIM_1013,MATCH003,1,0,FAILED,FILE_LOCK,2026-07-13 04:30:06,4
TXN00001019,FAN_SIM_1018,MATCH003,1,0,FAILED,FILE_LOCK,2026-07-13 04:30:06,4
TXN00001006,FAN_SIM_1005,MATCH003,1,0,FAILED,FILE_LOCK,2026-07-13 04:30:06,4
TXN00001003,FAN_SIM_1002,MATCH003,1,0,FAILED,FILE_LOCK,2026-07-13 04:30:06,6
TXN00001018,FAN_SIM_1017,MATCH003,1,0,FAILED,FILE_LOCK,2026-07-13 04:30:06,4
TXN00001016,FAN_SIM_1015,MATCH003,1,0,FAILED,FILE_LOCK,2026-07-13 04:30:06,4
TXN00000998,FAN_SIM_997,MATCH003,1,0,FAILED,FILE_LOCK,2026-07-13 04:30:06,6
TXN00001030,FAN_SIM_1029,MATCH003,1,0,FAILED,FILE_LOCK,2026-07-13 04:30:06,3
TXN00000926,FAN_SIM_925,MATCH003,1,500000,FAILED,FILE_LOCK,2026-07-13 04:30:06,110
TXN00001022,FAN_SIM_1021,MATCH003,1,0,FAILED,FILE_LOCK,2026-07-13 04:30:06,3
TXN00001031,FAN_SIM_1030,MATCH003,1,0,FAILED,FILE_LOCK,2026-07-13 04:30:06,3
TXN00001001,FAN_SIM_1000,MATCH003,1,0,FAILED,FILE_LOCK,2026-07-13 04:30:06,6
TXN00001023,FAN_SIM_1022,MATCH003,1,0,FAILED,FILE_LOCK,2026-07-13 04:30:06,3
TXN00000933,FAN_SIM_932,MATCH003,1,500000,FAILED,FILE_LOCK,2026-07-13 04:30:06,109
TXN00001015,FAN_SIM_1014,MATCH003,1,0,FAILED,FILE_LOCK,2026-07-13 04:30:06,5
TXN00001033,FAN_SIM_1032,MATCH003,1,0,FAILED,FILE_LOCK,2026-07-13 04:30:06,2
TXN00000994,FAN_SIM_993,MATCH003,1,0,FAILED,FILE_LOCK,2026-07-13 04:30:06,7
TXN00001027,FAN_SIM_1025,MATCH003,1,0,FAILED,FILE_LOCK,2026-07-13 04:30:06,3
TXN00001021,FAN_SIM_1020,MATCH003,1,0,FAILED,FILE_LOCK,2026-07-13 04:30:06,5
TXN00001024,FAN_SIM_1023,MATCH003,1,0,FAILED,FILE_LOCK,2026-07-13 04:30:06,3
TXN00001025,FAN_SIM_1024,MATCH003,1,0,FAILED,FILE_LOCK,2026-07-13 04:30:06,3
TXN00001032,FAN_SIM_1031,MATCH003,1,0,FAILED,FILE_LOCK,2026-07-13 04:30:06,3
TXN00000999,FAN_SIM_998,MATCH003,1,0,FAILED,FILE_LOCK,2026-07-13 04:30:06,6
TXN00001029,FAN_SIM_1028,MATCH003,1,0,FAILED,FILE_LOCK,2026-07-13 04:30:06,3
TXN00000997,FAN_SIM_996,MATCH003,1,0,FAILED,FILE_LOCK,2026-07-13 04:30:06,6
TXN00000976,FAN_SIM_975,MATCH003,1,500000,FAILED,FILE_LOCK,2026-07-13 04:30:06,107
TXN00000982,FAN_SIM_981,MATCH003,1,500000,FAILED,FILE_LOCK,2026-07-13 04:30:06,106
TXN00000942,FAN_SIM_941,MATCH003,1,500000,FAILED,FILE_LOCK,2026-07-13 04:30:06,109
TXN00001035,FAN_SIM_1034,MATCH003,1,0,FAILED,FILE_LOCK,2026-07-13 04:30:06,2
TXN00001026,FAN_SIM_1026,MATCH003,1,0,FAILED,FILE_LOCK,2026-07-13 04:30:06,3
TXN00001036,FAN_SIM_1035,MATCH003,1,0,FAILED,FILE_LOCK,2026-07-13 04:30:06,2
TXN00000973,FAN_SIM_972,MATCH003,1,500000,FAILED,FILE_LOCK,2026-07-13 04:30:06,106
TXN00000941,FAN_SIM_940,MATCH003,1,500000,FAILED,FILE_LOCK,2026-07-13 04:30:06,111
TXN00000971,FAN_SIM_970,MATCH003,1,500000,FAILED,FILE_LOCK,2026-07-13 04:30:06,107
TXN00000967,FAN_SIM_967,MATCH003,1,500000,FAILED,FILE_LOCK,2026-07-13 04:30:06,107
TXN00001034,FAN_SIM_1033,MATCH003,1,0,FAILED,FILE_LOCK,2026-07-13 04:30:06,2
TXN00001028,FAN_SIM_1027,MATCH003,1,0,FAILED,FILE_LOCK,2026-07-13 04:30:06,3
TXN00000938,FAN_SIM_937,MATCH003,1,500000,FAILED,FILE_LOCK,2026-07-13 04:30:06,155
TXN00000980,FAN_SIM_979,MATCH003,1,500000,FAILED,FILE_LOCK,2026-07-13 04:30:06,153
TXN00000962,FAN_SIM_962,MATCH003,1,500000,FAILED,FILE_LOCK,2026-07-13 04:30:06,157
TXN00000963,FAN_SIM_963,MATCH003,1,500000,FAILED,FILE_LOCK,2026-07-13 04:30:06,213
TXN00000970,FAN_SIM_969,MATCH003,1,500000,FAILED,FILE_LOCK,2026-07-13 04:30:06,279
TXN00001094,FAN_SIM_1093,MATCH003,1,0,FAILED,FILE_LOCK,2026-07-13 04:30:06,180
TXN00001069,FAN_SIM_1068,MATCH003,1,0,FAILED,FILE_LOCK,2026-07-13 04:30:06,225
TXN00001065,FAN_SIM_1064,MATCH003,1,0,FAILED,FILE_LOCK,2026-07-13 04:30:06,225
TXN00001079,FAN_SIM_1078,MATCH003,1,0,FAILED,FILE_LOCK,2026-07-13 04:30:06,224
TXN00001096,FAN_SIM_1095,MATCH003,1,0,FAILED,FILE_LOCK,2026-07-13 04:30:06,58
TXN00001084,FAN_SIM_1083,MATCH003,1,0,FAILED,FILE_LOCK,2026-07-13 04:30:06,198
TXN00001072,FAN_SIM_1071,MATCH003,1,0,FAILED,FILE_LOCK,2026-07-13 04:30:06,225
TXN00001083,FAN_SIM_1084,MATCH003,1,0,FAILED,FILE_LOCK,2026-07-13 04:30:06,198
TXN00001086,FAN_SIM_1087,MATCH003,1,0,FAILED,FILE_LOCK,2026-07-13 04:30:06,198
TXN00001076,FAN_SIM_1075,MATCH003,1,0,FAILED,FILE_LOCK,2026-07-13 04:30:06,225
TXN00001085,FAN_SIM_1082,MATCH003,1,0,FAILED,FILE_LOCK,2026-07-13 04:30:06,198
TXN00001077,FAN_SIM_1076,MATCH003,1,0,FAILED,FILE_LOCK,2026-07-13 04:30:06,225
TXN00001091,FAN_SIM_1090,MATCH003,1,0,FAILED,FILE_LOCK,2026-07-13 04:30:06,183
TXN00001081,FAN_SIM_1080,MATCH003,1,0,FAILED,FILE_LOCK,2026-07-13 04:30:06,224
TXN00001098,FAN_SIM_1097,MATCH003,1,0,FAILED,FILE_LOCK,2026-07-13 04:30:06,1
TXN00001097,FAN_SIM_1096,MATCH003,1,0,FAILED,FILE_LOCK,2026-07-13 04:30:06,1
TXN00001099,FAN_SIM_1098,MATCH003,1,0,FAILED,FILE_LOCK,2026-07-13 04:30:06,1
TXN00000978,FAN_SIM_977,MATCH003,1,500000,FAILED,FILE_LOCK,2026-07-13 04:30:06,341
TXN00001100,FAN_SIM_1099,MATCH003,1,0,FAILED,FILE_LOCK,2026-07-13 04:30:06,0
TXN00001101,FAN_SIM_1100,MATCH003,1,0,FAILED,FILE_LOCK,2026-07-13 04:30:06,0
TXN00000968,FAN_SIM_966,MATCH003,1,500000,FAILED,FILE_LOCK,2026-07-13 04:30:06,341
TXN00001102,FAN_SIM_1101,MATCH003,1,0,FAILED,FILE_LOCK,2026-07-13 04:30:06,0
TXN00001067,FAN_SIM_1066,MATCH003,1,500000,FAILED,FILE_LOCK,2026-07-13 04:30:06,228
TXN00000936,FAN_SIM_935,MATCH003,1,500000,FAILED,FILE_LOCK,2026-07-13 04:30:06,343
TXN00001106,FAN_SIM_1105,MATCH003,1,0,FAILED,FILE_LOCK,2026-07-13 04:30:06,1
TXN00001103,FAN_SIM_1102,MATCH003,1,0,FAILED,FILE_LOCK,2026-07-13 04:30:06,1
TXN00001108,FAN_SIM_1108,MATCH003,1,0,FAILED,FILE_LOCK,2026-07-13 04:30:06,1
TXN00001111,FAN_SIM_1110,MATCH003,1,0,FAILED,FILE_LOCK,2026-07-13 04:30:06,1
TXN00001113,FAN_SIM_1112,MATCH003,1,0,FAILED,FILE_LOCK,2026-07-13 04:30:06,1
TXN00001112,FAN_SIM_1111,MATCH003,1,0,FAILED,FILE_LOCK,2026-07-13 04:30:06,1
TXN00001105,FAN_SIM_1104,MATCH003,1,0,FAILED,FILE_LOCK,2026-07-13 04:30:06,1
TXN00001104,FAN_SIM_1103,MATCH003,1,0,FAILED,FILE_LOCK,2026-07-13 04:30:06,1
TXN00001109,FAN_SIM_1107,MATCH003,1,0,FAILED,FILE_LOCK,2026-07-13 04:30:06,1
TXN00001110,FAN_SIM_1109,MATCH003,1,0,FAILED,FILE_LOCK,2026-07-13 04:30:06,1
TXN00001114,FAN_SIM_1113,MATCH003,1,0,FAILED,FILE_LOCK,2026-07-13 04:30:06,1
TXN00001107,FAN_SIM_1106,MATCH003,1,0,FAILED,FILE_LOCK,2026-07-13 04:30:06,1
TXN00000961,FAN_SIM_961,MATCH003,1,500000,FAILED,FILE_LOCK,2026-07-13 04:30:06,343
TXN00001115,FAN_SIM_1114,MATCH003,1,0,FAILED,FILE_LOCK,2026-07-13 04:30:06,1
TXN00001044,FAN_SIM_1043,MATCH003,1,500000,FAILED,FILE_LOCK,2026-07-13 04:30:06,235
TXN00001116,FAN_SIM_1115,MATCH003,1,0,FAILED,FILE_LOCK,2026-07-13 04:30:06,1
TXN00001060,FAN_SIM_1059,MATCH003,1,500000,FAILED,FILE_LOCK,2026-07-13 04:30:06,230
TXN00001122,FAN_SIM_1121,MATCH003,1,0,FAILED,FILE_LOCK,2026-07-13 04:30:06,1
TXN00001119,FAN_SIM_1118,MATCH003,1,0,FAILED,FILE_LOCK,2026-07-13 04:30:06,0
TXN00001092,FAN_SIM_1091,MATCH003,1,500000,FAILED,FILE_LOCK,2026-07-13 04:30:06,189
TXN00001120,FAN_SIM_1119,MATCH003,1,0,FAILED,FILE_LOCK,2026-07-13 04:30:06,0
TXN00001123,FAN_SIM_1122,MATCH003,1,0,FAILED,FILE_LOCK,2026-07-13 04:30:06,1
TXN00001124,FAN_SIM_1123,MATCH003,1,0,FAILED,FILE_LOCK,2026-07-13 04:30:06,0
TXN00001125,FAN_SIM_1124,MATCH003,1,0,FAILED,FILE_LOCK,2026-07-13 04:30:06,1
TXN00001064,FAN_SIM_1063,MATCH003,1,500000,FAILED,FILE_LOCK,2026-07-13 04:30:06,233
TXN00001074,FAN_SIM_1074,MATCH003,1,500000,FAILED,FILE_LOCK,2026-07-13 04:30:06,232
TXN00001053,FAN_SIM_1052,MATCH003,1,500000,FAILED,FILE_LOCK,2026-07-13 04:30:06,230
TXN00001126,FAN_SIM_1125,MATCH003,1,0,FAILED,FILE_LOCK,2026-07-13 04:30:06,1
TXN00001118,FAN_SIM_1117,MATCH003,1,0,FAILED,FILE_LOCK,2026-07-13 04:30:06,1
TXN00001121,FAN_SIM_1120,MATCH003,1,0,FAILED,FILE_LOCK,2026-07-13 04:30:06,1
TXN00001117,FAN_SIM_1116,MATCH003,1,0,FAILED,FILE_LOCK,2026-07-13 04:30:06,1
TXN00001037,FAN_SIM_1036,MATCH003,1,500000,FAILED,FILE_LOCK,2026-07-13 04:30:06,240
TXN00001082,FAN_SIM_1081,MATCH003,1,500000,FAILED,FILE_LOCK,2026-07-13 04:30:06,223
TXN00001127,FAN_SIM_1126,MATCH003,1,0,FAILED,FILE_LOCK,2026-07-13 04:30:06,1
TXN00001047,FAN_SIM_1046,MATCH003,1,500000,FAILED,FILE_LOCK,2026-07-13 04:30:06,237
TXN00001051,FAN_SIM_1050,MATCH003,1,500000,FAILED,FILE_LOCK,2026-07-13 04:30:06,235
TXN00001046,FAN_SIM_1045,MATCH003,1,500000,FAILED,FILE_LOCK,2026-07-13 04:30:06,240
TXN00001056,FAN_SIM_1055,MATCH003,1,500000,FAILED,FILE_LOCK,2026-07-13 04:30:06,236
TXN00001042,FAN_SIM_1041,MATCH003,1,500000,FAILED,FILE_LOCK,2026-07-13 04:30:06,241
TXN00001095,FAN_SIM_1094,MATCH003,1,500000,FAILED,FILE_LOCK,2026-07-13 04:30:06,135
TXN00001043,FAN_SIM_1042,MATCH003,1,500000,FAILED,FILE_LOCK,2026-07-13 04:30:06,242
TXN00001068,FAN_SIM_1067,MATCH003,1,500000,FAILED,FILE_LOCK,2026-07-13 04:30:06,238
TXN00001052,FAN_SIM_1051,MATCH003,1,500000,FAILED,FILE_LOCK,2026-07-13 04:30:06,265
TXN00001163,FAN_SIM_1162,MATCH003,1,0,FAILED,FILE_LOCK,2026-07-13 04:30:06,1
TXN00001141,FAN_SIM_1140,MATCH003,1,0,FAILED,FILE_LOCK,2026-07-13 04:30:06,28
TXN00001078,FAN_SIM_1077,MATCH003,1,500000,FAILED,FILE_LOCK,2026-07-13 04:30:06,264
TXN00001131,FAN_SIM_1130,MATCH003,1,0,FAILED,FILE_LOCK,2026-07-13 04:30:06,29
TXN00001138,FAN_SIM_1137,MATCH003,1,0,FAILED,FILE_LOCK,2026-07-13 04:30:06,28
TXN00001132,FAN_SIM_1131,MATCH003,1,0,FAILED,FILE_LOCK,2026-07-13 04:30:06,29
TXN00001142,FAN_SIM_1141,MATCH003,1,0,FAILED,FILE_LOCK,2026-07-13 04:30:06,28
TXN00001162,FAN_SIM_1161,MATCH003,1,0,FAILED,FILE_LOCK,2026-07-13 04:30:06,27
TXN00001143,FAN_SIM_1142,MATCH003,1,0,FAILED,FILE_LOCK,2026-07-13 04:30:06,28
TXN00001147,FAN_SIM_1146,MATCH003,1,0,FAILED,FILE_LOCK,2026-07-13 04:30:06,28
TXN00001146,FAN_SIM_1145,MATCH003,1,0,FAILED,FILE_LOCK,2026-07-13 04:30:06,29
TXN00001136,FAN_SIM_1135,MATCH003,1,0,FAILED,FILE_LOCK,2026-07-13 04:30:06,29
TXN00001161,FAN_SIM_1160,MATCH003,1,0,FAILED,FILE_LOCK,2026-07-13 04:30:06,29
TXN00001155,FAN_SIM_1154,MATCH003,1,0,FAILED,FILE_LOCK,2026-07-13 04:30:06,29
TXN00001129,FAN_SIM_1128,MATCH003,1,0,FAILED,FILE_LOCK,2026-07-13 04:30:06,32
TXN00001156,FAN_SIM_1155,MATCH003,1,0,FAILED,FILE_LOCK,2026-07-13 04:30:06,29
TXN00001157,FAN_SIM_1156,MATCH003,1,0,FAILED,FILE_LOCK,2026-07-13 04:30:06,29
TXN00001158,FAN_SIM_1157,MATCH003,1,0,FAILED,FILE_LOCK,2026-07-13 04:30:06,29
TXN00001159,FAN_SIM_1158,MATCH003,1,0,FAILED,FILE_LOCK,2026-07-13 04:30:06,29
TXN00001150,FAN_SIM_1149,MATCH003,1,0,FAILED,FILE_LOCK,2026-07-13 04:30:06,29
TXN00001140,FAN_SIM_1139,MATCH003,1,0,FAILED,FILE_LOCK,2026-07-13 04:30:06,29
TXN00001144,FAN_SIM_1143,MATCH003,1,0,FAILED,FILE_LOCK,2026-07-13 04:30:06,29
TXN00001040,FAN_SIM_1039,MATCH003,1,500000,FAILED,FILE_LOCK,2026-07-13 04:30:06,272
TXN00001153,FAN_SIM_1152,MATCH003,1,0,FAILED,FILE_LOCK,2026-07-13 04:30:06,29
TXN00001128,FAN_SIM_1127,MATCH003,1,0,FAILED,FILE_LOCK,2026-07-13 04:30:06,33
TXN00001151,FAN_SIM_1150,MATCH003,1,0,FAILED,FILE_LOCK,2026-07-13 04:30:06,29
TXN00001152,FAN_SIM_1151,MATCH003,1,0,FAILED,FILE_LOCK,2026-07-13 04:30:06,29
TXN00001160,FAN_SIM_1159,MATCH003,1,0,FAILED,FILE_LOCK,2026-07-13 04:30:06,29
TXN00001048,FAN_SIM_1047,MATCH003,1,500000,FAILED,FILE_LOCK,2026-07-13 04:30:06,269
TXN00001134,FAN_SIM_1133,MATCH003,1,0,FAILED,FILE_LOCK,2026-07-13 04:30:06,30
TXN00001038,FAN_SIM_1037,MATCH003,1,500000,FAILED,FILE_LOCK,2026-07-13 04:30:06,274
TXN00001139,FAN_SIM_1138,MATCH003,1,0,FAILED,FILE_LOCK,2026-07-13 04:30:06,29
TXN00001041,FAN_SIM_1040,MATCH003,1,500000,FAILED,FILE_LOCK,2026-07-13 04:30:06,271
TXN00001145,FAN_SIM_1144,MATCH003,1,0,FAILED,FILE_LOCK,2026-07-13 04:30:06,29
TXN00001049,FAN_SIM_1048,MATCH003,1,500000,FAILED,FILE_LOCK,2026-07-13 04:30:06,268
TXN00001154,FAN_SIM_1153,MATCH003,1,0,FAILED,FILE_LOCK,2026-07-13 04:30:06,29
TXN00001059,FAN_SIM_1058,MATCH003,1,500000,FAILED,FILE_LOCK,2026-07-13 04:30:06,267
TXN00001039,FAN_SIM_1038,MATCH003,1,500000,FAILED,FILE_LOCK,2026-07-13 04:30:06,276
TXN00001045,FAN_SIM_1044,MATCH003,1,500000,FAILED,FILE_LOCK,2026-07-13 04:30:06,272
TXN00001130,FAN_SIM_1129,MATCH003,1,0,FAILED,FILE_LOCK,2026-07-13 04:30:06,31
TXN00001050,FAN_SIM_1049,MATCH003,1,500000,FAILED,FILE_LOCK,2026-07-13 04:30:06,268
TXN00001148,FAN_SIM_1147,MATCH003,1,0,FAILED,FILE_LOCK,2026-07-13 04:30:06,29
TXN00001149,FAN_SIM_1148,MATCH003,1,0,FAILED,FILE_LOCK,2026-07-13 04:30:06,29
TXN00001090,FAN_SIM_1089,MATCH003,1,500000,FAILED,FILE_LOCK,2026-07-13 04:30:06,234
TXN00001089,FAN_SIM_1088,MATCH003,1,500000,FAILED,FILE_LOCK,2026-07-13 04:30:06,236
TXN00001088,FAN_SIM_1086,MATCH003,1,500000,FAILED,FILE_LOCK,2026-07-13 04:30:06,261
TXN00001165,FAN_SIM_1164,MATCH003,1,0,FAILED,FILE_LOCK,2026-07-13 04:30:06,81
TXN00001181,FAN_SIM_1180,MATCH003,1,0,FAILED,FILE_LOCK,2026-07-13 04:30:06,77
TXN00001166,FAN_SIM_1165,MATCH003,1,0,FAILED,FILE_LOCK,2026-07-13 04:30:06,81
TXN00001208,FAN_SIM_1207,MATCH003,1,0,FAILED,FILE_LOCK,2026-07-13 04:30:06,71
TXN00001182,FAN_SIM_1181,MATCH003,1,0,FAILED,FILE_LOCK,2026-07-13 04:30:06,77
TXN00001055,FAN_SIM_1054,MATCH003,1,500000,FAILED,FILE_LOCK,2026-07-13 04:30:06,348
TXN00001201,FAN_SIM_1200,MATCH003,1,0,FAILED,FILE_LOCK,2026-07-13 04:30:06,73
TXN00001180,FAN_SIM_1179,MATCH003,1,0,FAILED,FILE_LOCK,2026-07-13 04:30:06,77
TXN00001191,FAN_SIM_1190,MATCH003,1,0,FAILED,FILE_LOCK,2026-07-13 04:30:06,77
TXN00001177,FAN_SIM_1176,MATCH003,1,0,FAILED,FILE_LOCK,2026-07-13 04:30:06,77
TXN00001058,FAN_SIM_1057,MATCH003,1,500000,FAILED,FILE_LOCK,2026-07-13 04:30:06,349
TXN00001205,FAN_SIM_1204,MATCH003,1,0,FAILED,FILE_LOCK,2026-07-13 04:30:06,74
TXN00001195,FAN_SIM_1194,MATCH003,1,0,FAILED,FILE_LOCK,2026-07-13 04:30:06,76
TXN00001207,FAN_SIM_1206,MATCH003,1,0,FAILED,FILE_LOCK,2026-07-13 04:30:06,73
TXN00001167,FAN_SIM_1166,MATCH003,1,0,FAILED,FILE_LOCK,2026-07-13 04:30:06,81
TXN00001204,FAN_SIM_1203,MATCH003,1,0,FAILED,FILE_LOCK,2026-07-13 04:30:06,74
TXN00001192,FAN_SIM_1191,MATCH003,1,0,FAILED,FILE_LOCK,2026-07-13 04:30:06,77
TXN00001200,FAN_SIM_1199,MATCH003,1,0,FAILED,FILE_LOCK,2026-07-13 04:30:06,74
TXN00001066,FAN_SIM_1065,MATCH003,1,500000,FAILED,FILE_LOCK,2026-07-13 04:30:06,349
TXN00001179,FAN_SIM_1178,MATCH003,1,0,FAILED,FILE_LOCK,2026-07-13 04:30:06,78
TXN00001057,FAN_SIM_1056,MATCH003,1,500000,FAILED,FILE_LOCK,2026-07-13 04:30:06,350
TXN00001164,FAN_SIM_1163,MATCH003,1,0,FAILED,FILE_LOCK,2026-07-13 04:30:06,83
TXN00001187,FAN_SIM_1186,MATCH003,1,0,FAILED,FILE_LOCK,2026-07-13 04:30:06,79
TXN00001062,FAN_SIM_1061,MATCH003,1,500000,FAILED,FILE_LOCK,2026-07-13 04:30:06,349
TXN00001137,FAN_SIM_1136,MATCH003,1,0,FAILED,FILE_LOCK,2026-07-13 04:30:06,113
TXN00001071,FAN_SIM_1070,MATCH003,1,500000,FAILED,FILE_LOCK,2026-07-13 04:30:06,349
TXN00001073,FAN_SIM_1072,MATCH003,1,500000,FAILED,FILE_LOCK,2026-07-13 04:30:06,349
TXN00001054,FAN_SIM_1053,MATCH003,1,500000,FAILED,FILE_LOCK,2026-07-13 04:30:06,350
TXN00001199,FAN_SIM_1198,MATCH003,1,0,FAILED,FILE_LOCK,2026-07-13 04:30:06,74
TXN00001061,FAN_SIM_1060,MATCH003,1,500000,FAILED,FILE_LOCK,2026-07-13 04:30:06,351
TXN00001198,FAN_SIM_1197,MATCH003,1,0,FAILED,FILE_LOCK,2026-07-13 04:30:06,74
TXN00001174,FAN_SIM_1173,MATCH003,1,0,FAILED,FILE_LOCK,2026-07-13 04:30:06,79
TXN00001176,FAN_SIM_1175,MATCH003,1,0,FAILED,FILE_LOCK,2026-07-13 04:30:06,79
TXN00001194,FAN_SIM_1193,MATCH003,1,0,FAILED,FILE_LOCK,2026-07-13 04:30:06,77
TXN00001209,FAN_SIM_1208,MATCH003,1,0,FAILED,FILE_LOCK,2026-07-13 04:30:06,59
TXN00001172,FAN_SIM_1171,MATCH003,1,0,FAILED,FILE_LOCK,2026-07-13 04:30:06,81
TXN00001175,FAN_SIM_1174,MATCH003,1,0,FAILED,FILE_LOCK,2026-07-13 04:30:06,79
TXN00001206,FAN_SIM_1205,MATCH003,1,0,FAILED,FILE_LOCK,2026-07-13 04:30:06,73
TXN00001170,FAN_SIM_1169,MATCH003,1,0,FAILED,FILE_LOCK,2026-07-13 04:30:06,81
TXN00001188,FAN_SIM_1187,MATCH003,1,0,FAILED,FILE_LOCK,2026-07-13 04:30:06,79
TXN00001196,FAN_SIM_1195,MATCH003,1,0,FAILED,FILE_LOCK,2026-07-13 04:30:06,76
TXN00001178,FAN_SIM_1177,MATCH003,1,0,FAILED,FILE_LOCK,2026-07-13 04:30:06,78
TXN00001185,FAN_SIM_1184,MATCH003,1,0,FAILED,FILE_LOCK,2026-07-13 04:30:06,78
TXN00001193,FAN_SIM_1192,MATCH003,1,0,FAILED,FILE_LOCK,2026-07-13 04:30:06,77
TXN00001202,FAN_SIM_1201,MATCH003,1,0,FAILED,FILE_LOCK,2026-07-13 04:30:06,74
TXN00001173,FAN_SIM_1172,MATCH003,1,0,FAILED,FILE_LOCK,2026-07-13 04:30:06,79
TXN00001070,FAN_SIM_1069,MATCH003,1,500000,FAILED,FILE_LOCK,2026-07-13 04:30:06,350
TXN00001183,FAN_SIM_1182,MATCH003,1,0,FAILED,FILE_LOCK,2026-07-13 04:30:06,78
TXN00001168,FAN_SIM_1167,MATCH003,1,0,FAILED,FILE_LOCK,2026-07-13 04:30:06,82
TXN00001133,FAN_SIM_1132,MATCH003,1,500000,FAILED,FILE_LOCK,2026-07-13 04:30:06,116
TXN00001075,FAN_SIM_1073,MATCH003,1,500000,FAILED,FILE_LOCK,2026-07-13 04:30:06,351
TXN00001063,FAN_SIM_1062,MATCH003,1,500000,FAILED,FILE_LOCK,2026-07-13 04:30:06,351
TXN00001189,FAN_SIM_1188,MATCH003,1,0,FAILED,FILE_LOCK,2026-07-13 04:30:06,78
TXN00001093,FAN_SIM_1092,MATCH003,1,500000,FAILED,FILE_LOCK,2026-07-13 04:30:06,309
TXN00001135,FAN_SIM_1134,MATCH003,1,500000,FAILED,FILE_LOCK,2026-07-13 04:30:06,116
TXN00001087,FAN_SIM_1085,MATCH003,1,500000,FAILED,FILE_LOCK,2026-07-13 04:30:06,324
TXN00001080,FAN_SIM_1079,MATCH003,1,500000,FAILED,FILE_LOCK,2026-07-13 04:30:06,349
TXN00001203,FAN_SIM_1202,MATCH003,1,0,FAILED,FILE_LOCK,2026-07-13 04:30:06,74
TXN00001197,FAN_SIM_1196,MATCH003,1,0,FAILED,FILE_LOCK,2026-07-13 04:30:06,76
TXN00001186,FAN_SIM_1185,MATCH003,1,0,FAILED,FILE_LOCK,2026-07-13 04:30:06,78
TXN00001169,FAN_SIM_1168,MATCH003,1,0,FAILED,FILE_LOCK,2026-07-13 04:30:06,81
TXN00001190,FAN_SIM_1189,MATCH003,1,0,FAILED,FILE_LOCK,2026-07-13 04:30:06,79
TXN00001171,FAN_SIM_1170,MATCH003,1,500000,FAILED,FILE_LOCK,2026-07-13 04:30:06,96
TXN00001221,FAN_SIM_1219,MATCH003,1,0,FAILED,FILE_LOCK,2026-07-13 04:30:06,45
TXN00001255,FAN_SIM_1254,MATCH003,1,0,FAILED,FILE_LOCK,2026-07-13 04:30:06,44
TXN00001213,FAN_SIM_1212,MATCH003,1,0,FAILED,FILE_LOCK,2026-07-13 04:30:06,56
TXN00001217,FAN_SIM_1216,MATCH003,1,0,FAILED,FILE_LOCK,2026-07-13 04:30:06,54
TXN00001268,FAN_SIM_1267,MATCH003,1,0,FAILED,FILE_LOCK,2026-07-13 04:30:06,42
TXN00001233,FAN_SIM_1232,MATCH003,1,0,FAILED,FILE_LOCK,2026-07-13 04:30:06,46
TXN00001250,FAN_SIM_1249,MATCH003,1,0,FAILED,FILE_LOCK,2026-07-13 04:30:06,45
TXN00001230,FAN_SIM_1228,MATCH003,1,0,FAILED,FILE_LOCK,2026-07-13 04:30:06,45
TXN00001214,FAN_SIM_1213,MATCH003,1,0,FAILED,FILE_LOCK,2026-07-13 04:30:06,68
TXN00001218,FAN_SIM_1217,MATCH003,1,0,FAILED,FILE_LOCK,2026-07-13 04:30:06,53
TXN00001234,FAN_SIM_1233,MATCH003,1,0,FAILED,FILE_LOCK,2026-07-13 04:30:06,45
TXN00001231,FAN_SIM_1230,MATCH003,1,0,FAILED,FILE_LOCK,2026-07-13 04:30:06,45
TXN00001232,FAN_SIM_1231,MATCH003,1,0,FAILED,FILE_LOCK,2026-07-13 04:30:06,45
TXN00001215,FAN_SIM_1214,MATCH003,1,500000,FAILED,FILE_LOCK,2026-07-13 04:30:06,85
TXN00001274,FAN_SIM_1273,MATCH003,1,0,FAILED,FILE_LOCK,2026-07-13 04:30:06,29
TXN00001247,FAN_SIM_1246,MATCH003,1,0,FAILED,FILE_LOCK,2026-07-13 04:30:06,73
TXN00001272,FAN_SIM_1271,MATCH003,1,0,FAILED,FILE_LOCK,2026-07-13 04:30:06,65
TXN00001263,FAN_SIM_1262,MATCH003,1,0,FAILED,FILE_LOCK,2026-07-13 04:30:06,73
TXN00001275,FAN_SIM_1274,MATCH003,1,0,FAILED,FILE_LOCK,2026-07-13 04:30:06,28
TXN00001276,FAN_SIM_1275,MATCH003,1,0,FAILED,FILE_LOCK,2026-07-13 04:30:06,26
TXN00001184,FAN_SIM_1183,MATCH003,1,500000,FAILED,FILE_LOCK,2026-07-13 04:30:06,165
TXN00001226,FAN_SIM_1225,MATCH003,1,0,FAILED,FILE_LOCK,2026-07-13 04:30:06,75
TXN00001271,FAN_SIM_1270,MATCH003,1,0,FAILED,FILE_LOCK,2026-07-13 04:30:06,71
TXN00001262,FAN_SIM_1261,MATCH003,1,0,FAILED,FILE_LOCK,2026-07-13 04:30:06,73
TXN00001236,FAN_SIM_1235,MATCH003,1,0,FAILED,FILE_LOCK,2026-07-13 04:30:06,74
TXN00001278,FAN_SIM_1277,MATCH003,1,0,FAILED,FILE_LOCK,2026-07-13 04:30:06,9
TXN00001211,FAN_SIM_1210,MATCH003,1,500000,FAILED,FILE_LOCK,2026-07-13 04:30:06,86
TXN00001220,FAN_SIM_1220,MATCH003,1,0,FAILED,FILE_LOCK,2026-07-13 04:30:06,75
TXN00001283,FAN_SIM_1282,MATCH003,1,0,FAILED,FILE_LOCK,2026-07-13 04:30:06,3
TXN00001282,FAN_SIM_1281,MATCH003,1,0,FAILED,FILE_LOCK,2026-07-13 04:30:06,3
TXN00001277,FAN_SIM_1276,MATCH003,1,0,FAILED,FILE_LOCK,2026-07-13 04:30:06,11
TXN00001219,FAN_SIM_1218,MATCH003,1,500000,FAILED,FILE_LOCK,2026-07-13 04:30:06,82
TXN00001227,FAN_SIM_1226,MATCH003,1,0,FAILED,FILE_LOCK,2026-07-13 04:30:06,75
TXN00001238,FAN_SIM_1237,MATCH003,1,0,FAILED,FILE_LOCK,2026-07-13 04:30:06,74
TXN00001222,FAN_SIM_1221,MATCH003,1,0,FAILED,FILE_LOCK,2026-07-13 04:30:06,75
TXN00001243,FAN_SIM_1242,MATCH003,1,0,FAILED,FILE_LOCK,2026-07-13 04:30:06,74
TXN00001280,FAN_SIM_1279,MATCH003,1,0,FAILED,FILE_LOCK,2026-07-13 04:30:06,9
TXN00001273,FAN_SIM_1272,MATCH003,1,0,FAILED,FILE_LOCK,2026-07-13 04:30:06,29
TXN00001281,FAN_SIM_1280,MATCH003,1,0,FAILED,FILE_LOCK,2026-07-13 04:30:06,9
TXN00001258,FAN_SIM_1257,MATCH003,1,0,FAILED,FILE_LOCK,2026-07-13 04:30:06,74
TXN00001279,FAN_SIM_1278,MATCH003,1,0,FAILED,FILE_LOCK,2026-07-13 04:30:06,9
TXN00001239,FAN_SIM_1238,MATCH003,1,0,FAILED,FILE_LOCK,2026-07-13 04:30:06,74
TXN00001253,FAN_SIM_1251,MATCH003,1,0,FAILED,FILE_LOCK,2026-07-13 04:30:06,74
TXN00001244,FAN_SIM_1243,MATCH003,1,0,FAILED,FILE_LOCK,2026-07-13 04:30:06,74
TXN00001242,FAN_SIM_1241,MATCH003,1,0,FAILED,FILE_LOCK,2026-07-13 04:30:06,74
TXN00001248,FAN_SIM_1247,MATCH003,1,0,FAILED,FILE_LOCK,2026-07-13 04:30:06,74
TXN00001210,FAN_SIM_1209,MATCH003,1,0,FAILED,FILE_LOCK,2026-07-13 04:30:06,87
TXN00001285,FAN_SIM_1284,MATCH003,1,0,FAILED,FILE_LOCK,2026-07-13 04:30:06,2
TXN00001259,FAN_SIM_1258,MATCH003,1,0,FAILED,FILE_LOCK,2026-07-13 04:30:06,74
TXN00001257,FAN_SIM_1256,MATCH003,1,0,FAILED,FILE_LOCK,2026-07-13 04:30:06,75
TXN00001254,FAN_SIM_1253,MATCH003,1,0,FAILED,FILE_LOCK,2026-07-13 04:30:06,74
TXN00001249,FAN_SIM_1248,MATCH003,1,0,FAILED,FILE_LOCK,2026-07-13 04:30:06,75
TXN00001260,FAN_SIM_1259,MATCH003,1,0,FAILED,FILE_LOCK,2026-07-13 04:30:06,74
TXN00001264,FAN_SIM_1263,MATCH003,1,0,FAILED,FILE_LOCK,2026-07-13 04:30:06,74
TXN00001265,FAN_SIM_1264,MATCH003,1,0,FAILED,FILE_LOCK,2026-07-13 04:30:06,74
TXN00001212,FAN_SIM_1211,MATCH003,1,500000,FAILED,FILE_LOCK,2026-07-13 04:30:06,88
TXN00001267,FAN_SIM_1266,MATCH003,1,0,FAILED,FILE_LOCK,2026-07-13 04:30:06,74
TXN00001270,FAN_SIM_1269,MATCH003,1,0,FAILED,FILE_LOCK,2026-07-13 04:30:06,73
TXN00001266,FAN_SIM_1265,MATCH003,1,0,FAILED,FILE_LOCK,2026-07-13 04:30:06,74
TXN00001228,FAN_SIM_1227,MATCH003,1,0,FAILED,FILE_LOCK,2026-07-13 04:30:06,76
TXN00001245,FAN_SIM_1244,MATCH003,1,0,FAILED,FILE_LOCK,2026-07-13 04:30:06,75
TXN00001284,FAN_SIM_1283,MATCH003,1,0,FAILED,FILE_LOCK,2026-07-13 04:30:06,2
TXN00001224,FAN_SIM_1223,MATCH003,1,0,FAILED,FILE_LOCK,2026-07-13 04:30:06,76
TXN00001286,FAN_SIM_1285,MATCH003,1,0,FAILED,FILE_LOCK,2026-07-13 04:30:06,2
TXN00001235,FAN_SIM_1234,MATCH003,1,0,FAILED,FILE_LOCK,2026-07-13 04:30:06,75
TXN00001225,FAN_SIM_1224,MATCH003,1,0,FAILED,FILE_LOCK,2026-07-13 04:30:06,76
TXN00001269,FAN_SIM_1268,MATCH003,1,0,FAILED,FILE_LOCK,2026-07-13 04:30:06,73
TXN00001252,FAN_SIM_1252,MATCH003,1,0,FAILED,FILE_LOCK,2026-07-13 04:30:06,75
TXN00001240,FAN_SIM_1239,MATCH003,1,0,FAILED,FILE_LOCK,2026-07-13 04:30:06,75
TXN00001237,FAN_SIM_1236,MATCH003,1,0,FAILED,FILE_LOCK,2026-07-13 04:30:06,75
TXN00001256,FAN_SIM_1255,MATCH003,1,0,FAILED,FILE_LOCK,2026-07-13 04:30:06,75
TXN00001261,FAN_SIM_1260,MATCH003,1,0,FAILED,FILE_LOCK,2026-07-13 04:30:06,74
TXN00001288,FAN_SIM_1287,MATCH003,1,0,FAILED,FILE_LOCK,2026-07-13 04:30:06,1
TXN00001251,FAN_SIM_1250,MATCH003,1,0,FAILED,FILE_LOCK,2026-07-13 04:30:06,75
TXN00001287,FAN_SIM_1286,MATCH003,1,0,FAILED,FILE_LOCK,2026-07-13 04:30:06,2
TXN00001223,FAN_SIM_1222,MATCH003,1,0,FAILED,FILE_LOCK,2026-07-13 04:30:06,76
TXN00001246,FAN_SIM_1245,MATCH003,1,0,FAILED,FILE_LOCK,2026-07-13 04:30:06,75
TXN00001229,FAN_SIM_1229,MATCH003,1,0,FAILED,FILE_LOCK,2026-07-13 04:30:06,76
TXN00001241,FAN_SIM_1240,MATCH003,1,0,FAILED,FILE_LOCK,2026-07-13 04:30:06,75
TXN00001289,FAN_SIM_1288,MATCH003,1,0,FAILED,FILE_LOCK,2026-07-13 04:30:06,3
TXN00001297,FAN_SIM_1296,MATCH003,1,0,FAILED,FILE_LOCK,2026-07-13 04:30:06,1
TXN00001216,FAN_SIM_1215,MATCH003,1,500000,FAILED,FILE_LOCK,2026-07-13 04:30:06,90
TXN00001290,FAN_SIM_1289,MATCH003,1,0,FAILED,FILE_LOCK,2026-07-13 04:30:06,2
TXN00001294,FAN_SIM_1293,MATCH003,1,0,FAILED,FILE_LOCK,2026-07-13 04:30:06,2
TXN00001291,FAN_SIM_1290,MATCH003,1,0,FAILED,FILE_LOCK,2026-07-13 04:30:06,2
TXN00001293,FAN_SIM_1292,MATCH003,1,0,FAILED,FILE_LOCK,2026-07-13 04:30:06,2
TXN00001295,FAN_SIM_1294,MATCH003,1,0,FAILED,FILE_LOCK,2026-07-13 04:30:06,2
TXN00001292,FAN_SIM_1291,MATCH003,1,0,FAILED,FILE_LOCK,2026-07-13 04:30:06,2
TXN00001298,FAN_SIM_1297,MATCH003,1,0,FAILED,FILE_LOCK,2026-07-13 04:30:06,0
TXN00001296,FAN_SIM_1295,MATCH003,1,0,FAILED,FILE_LOCK,2026-07-13 04:30:06,1
TXN00001306,FAN_SIM_1305,MATCH003,1,0,FAILED,FILE_LOCK,2026-07-13 04:30:06,49
TXN00001318,FAN_SIM_1317,MATCH003,1,0,FAILED,FILE_LOCK,2026-07-13 04:30:06,49
TXN00001317,FAN_SIM_1316,MATCH003,1,0,FAILED,FILE_LOCK,2026-07-13 04:30:06,49
TXN00001308,FAN_SIM_1306,MATCH003,1,0,FAILED,FILE_LOCK,2026-07-13 04:30:06,49
TXN00001352,FAN_SIM_1351,MATCH003,1,0,FAILED,FILE_LOCK,2026-07-13 04:30:06,47
TXN00001356,FAN_SIM_1355,MATCH003,1,0,FAILED,FILE_LOCK,2026-07-13 04:30:06,47
TXN00001348,FAN_SIM_1347,MATCH003,1,0,FAILED,FILE_LOCK,2026-07-13 04:30:06,47
TXN00001349,FAN_SIM_1348,MATCH003,1,0,FAILED,FILE_LOCK,2026-07-13 04:30:06,47
TXN00001299,FAN_SIM_1298,MATCH003,1,0,FAILED,FILE_LOCK,2026-07-13 04:30:06,55
TXN00001347,FAN_SIM_1346,MATCH003,1,0,FAILED,FILE_LOCK,2026-07-13 04:30:06,47
TXN00001334,FAN_SIM_1333,MATCH003,1,0,FAILED,FILE_LOCK,2026-07-13 04:30:06,48
TXN00001340,FAN_SIM_1339,MATCH003,1,0,FAILED,FILE_LOCK,2026-07-13 04:30:06,48
TXN00001339,FAN_SIM_1338,MATCH003,1,0,FAILED,FILE_LOCK,2026-07-13 04:30:06,48
TXN00001319,FAN_SIM_1318,MATCH003,1,0,FAILED,FILE_LOCK,2026-07-13 04:30:06,49
TXN00001353,FAN_SIM_1352,MATCH003,1,0,FAILED,FILE_LOCK,2026-07-13 04:30:06,47
TXN00001346,FAN_SIM_1343,MATCH003,1,0,FAILED,FILE_LOCK,2026-07-13 04:30:06,47
TXN00001361,FAN_SIM_1360,MATCH003,1,0,FAILED,FILE_LOCK,2026-07-13 04:30:06,47
TXN00001343,FAN_SIM_1342,MATCH003,1,0,FAILED,FILE_LOCK,2026-07-13 04:30:06,47
TXN00001305,FAN_SIM_1304,MATCH003,1,0,FAILED,FILE_LOCK,2026-07-13 04:30:06,49
TXN00001311,FAN_SIM_1310,MATCH003,1,0,FAILED,FILE_LOCK,2026-07-13 04:30:06,49
TXN00001344,FAN_SIM_1344,MATCH003,1,0,FAILED,FILE_LOCK,2026-07-13 04:30:06,48
TXN00001338,FAN_SIM_1337,MATCH003,1,0,FAILED,FILE_LOCK,2026-07-13 04:30:06,48
TXN00001354,FAN_SIM_1353,MATCH003,1,0,FAILED,FILE_LOCK,2026-07-13 04:30:06,47
TXN00001341,FAN_SIM_1340,MATCH003,1,0,FAILED,FILE_LOCK,2026-07-13 04:30:06,48
TXN00001320,FAN_SIM_1319,MATCH003,1,0,FAILED,FILE_LOCK,2026-07-13 04:30:06,49
TXN00001357,FAN_SIM_1356,MATCH003,1,0,FAILED,FILE_LOCK,2026-07-13 04:30:06,47
TXN00001362,FAN_SIM_1361,MATCH003,1,0,FAILED,FILE_LOCK,2026-07-13 04:30:06,48
TXN00001300,FAN_SIM_1299,MATCH003,1,0,FAILED,FILE_LOCK,2026-07-13 04:30:06,55
TXN00001359,FAN_SIM_1358,MATCH003,1,0,FAILED,FILE_LOCK,2026-07-13 04:30:06,48
TXN00001304,FAN_SIM_1303,MATCH003,1,0,FAILED,FILE_LOCK,2026-07-13 04:30:06,51
TXN00001333,FAN_SIM_1332,MATCH003,1,0,FAILED,FILE_LOCK,2026-07-13 04:30:06,49
TXN00001325,FAN_SIM_1324,MATCH003,1,0,FAILED,FILE_LOCK,2026-07-13 04:30:06,49
TXN00001312,FAN_SIM_1311,MATCH003,1,0,FAILED,FILE_LOCK,2026-07-13 04:30:06,50
TXN00001332,FAN_SIM_1331,MATCH003,1,0,FAILED,FILE_LOCK,2026-07-13 04:30:06,49
TXN00001315,FAN_SIM_1314,MATCH003,1,0,FAILED,FILE_LOCK,2026-07-13 04:30:06,50
TXN00001307,FAN_SIM_1307,MATCH003,1,0,FAILED,FILE_LOCK,2026-07-13 04:30:06,50
TXN00001342,FAN_SIM_1341,MATCH003,1,0,FAILED,FILE_LOCK,2026-07-13 04:30:06,47
TXN00001313,FAN_SIM_1312,MATCH003,1,0,FAILED,FILE_LOCK,2026-07-13 04:30:06,50
TXN00001350,FAN_SIM_1349,MATCH003,1,0,FAILED,FILE_LOCK,2026-07-13 04:30:06,48
TXN00001330,FAN_SIM_1329,MATCH003,1,0,FAILED,FILE_LOCK,2026-07-13 04:30:06,49
TXN00001358,FAN_SIM_1357,MATCH003,1,0,FAILED,FILE_LOCK,2026-07-13 04:30:06,48
TXN00001328,FAN_SIM_1327,MATCH003,1,0,FAILED,FILE_LOCK,2026-07-13 04:30:06,49
TXN00001321,FAN_SIM_1320,MATCH003,1,0,FAILED,FILE_LOCK,2026-07-13 04:30:06,50
TXN00001302,FAN_SIM_1301,MATCH003,1,0,FAILED,FILE_LOCK,2026-07-13 04:30:06,52
TXN00001337,FAN_SIM_1336,MATCH003,1,0,FAILED,FILE_LOCK,2026-07-13 04:30:06,49
TXN00001309,FAN_SIM_1308,MATCH003,1,500000,FAILED,FILE_LOCK,2026-07-13 04:30:06,51
TXN00001355,FAN_SIM_1354,MATCH003,1,0,FAILED,FILE_LOCK,2026-07-13 04:30:06,48
TXN00001326,FAN_SIM_1325,MATCH003,1,0,FAILED,FILE_LOCK,2026-07-13 04:30:06,50
TXN00001303,FAN_SIM_1302,MATCH003,1,0,FAILED,FILE_LOCK,2026-07-13 04:30:06,52
TXN00001351,FAN_SIM_1350,MATCH003,1,0,FAILED,FILE_LOCK,2026-07-13 04:30:06,48
TXN00001336,FAN_SIM_1335,MATCH003,1,0,FAILED,FILE_LOCK,2026-07-13 04:30:06,49
TXN00001329,FAN_SIM_1328,MATCH003,1,0,FAILED,FILE_LOCK,2026-07-13 04:30:06,50
TXN00001324,FAN_SIM_1323,MATCH003,1,0,FAILED,FILE_LOCK,2026-07-13 04:30:06,50
TXN00001323,FAN_SIM_1322,MATCH003,1,0,FAILED,FILE_LOCK,2026-07-13 04:30:06,50
TXN00001327,FAN_SIM_1326,MATCH003,1,0,FAILED,FILE_LOCK,2026-07-13 04:30:06,50
TXN00001335,FAN_SIM_1334,MATCH003,1,0,FAILED,FILE_LOCK,2026-07-13 04:30:06,49
TXN00001345,FAN_SIM_1345,MATCH003,1,0,FAILED,FILE_LOCK,2026-07-13 04:30:06,48
TXN00001316,FAN_SIM_1315,MATCH003,1,0,FAILED,FILE_LOCK,2026-07-13 04:30:06,50
TXN00001310,FAN_SIM_1309,MATCH003,1,0,FAILED,FILE_LOCK,2026-07-13 04:30:06,50
TXN00001314,FAN_SIM_1313,MATCH003,1,0,FAILED,FILE_LOCK,2026-07-13 04:30:06,50
TXN00001360,FAN_SIM_1359,MATCH003,1,0,FAILED,FILE_LOCK,2026-07-13 04:30:06,49
TXN00001301,FAN_SIM_1300,MATCH003,1,500000,FAILED,FILE_LOCK,2026-07-13 04:30:06,54
TXN00001322,FAN_SIM_1321,MATCH003,1,0,FAILED,FILE_LOCK,2026-07-13 04:30:06,50
TXN00001331,FAN_SIM_1330,MATCH003,1,0,FAILED,FILE_LOCK,2026-07-13 04:30:06,49
TXN00001373,FAN_SIM_1372,MATCH003,1,500000,FAILED,FILE_LOCK,2026-07-13 04:30:06,65
TXN00001397,FAN_SIM_1396,MATCH003,1,0,FAILED,FILE_LOCK,2026-07-13 04:30:06,103
TXN00001398,FAN_SIM_1397,MATCH003,1,0,FAILED,FILE_LOCK,2026-07-13 04:30:06,103
TXN00001396,FAN_SIM_1395,MATCH003,1,0,FAILED,FILE_LOCK,2026-07-13 04:30:06,103
TXN00001400,FAN_SIM_1399,MATCH003,1,0,FAILED,FILE_LOCK,2026-07-13 04:30:06,103
TXN00001393,FAN_SIM_1392,MATCH003,1,0,FAILED,FILE_LOCK,2026-07-13 04:30:06,103
TXN00001392,FAN_SIM_1391,MATCH003,1,0,FAILED,FILE_LOCK,2026-07-13 04:30:06,103
TXN00001390,FAN_SIM_1389,MATCH003,1,0,FAILED,FILE_LOCK,2026-07-13 04:30:06,104
TXN00001395,FAN_SIM_1394,MATCH003,1,0,FAILED,FILE_LOCK,2026-07-13 04:30:06,103
TXN00001389,FAN_SIM_1388,MATCH003,1,0,FAILED,FILE_LOCK,2026-07-13 04:30:06,104
TXN00001402,FAN_SIM_1401,MATCH003,1,0,FAILED,FILE_LOCK,2026-07-13 04:30:06,103
TXN00001394,FAN_SIM_1393,MATCH003,1,0,FAILED,FILE_LOCK,2026-07-13 04:30:06,103
TXN00001414,FAN_SIM_1413,MATCH003,1,0,FAILED,FILE_LOCK,2026-07-13 04:30:06,128
TXN00001410,FAN_SIM_1409,MATCH003,1,0,FAILED,FILE_LOCK,2026-07-13 04:30:06,128
TXN00001401,FAN_SIM_1400,MATCH003,1,0,FAILED,FILE_LOCK,2026-07-13 04:30:06,129
TXN00001407,FAN_SIM_1406,MATCH003,1,0,FAILED,FILE_LOCK,2026-07-13 04:30:06,129
TXN00001408,FAN_SIM_1407,MATCH003,1,0,FAILED,FILE_LOCK,2026-07-13 04:30:06,167
TXN00001412,FAN_SIM_1411,MATCH003,1,0,FAILED,FILE_LOCK,2026-07-13 04:30:06,167
TXN00001379,FAN_SIM_1378,MATCH003,1,0,FAILED,FILE_LOCK,2026-07-13 04:30:06,172
TXN00001369,FAN_SIM_1368,MATCH003,1,0,FAILED,FILE_LOCK,2026-07-13 04:30:06,174
TXN00001430,FAN_SIM_1429,MATCH003,1,0,FAILED,FILE_LOCK,2026-07-13 04:30:06,39
TXN00001417,FAN_SIM_1416,MATCH003,1,0,FAILED,FILE_LOCK,2026-07-13 04:30:06,167
TXN00001409,FAN_SIM_1408,MATCH003,1,0,FAILED,FILE_LOCK,2026-07-13 04:30:06,167
TXN00001391,FAN_SIM_1390,MATCH003,1,500000,FAILED,FILE_LOCK,2026-07-13 04:30:06,127
TXN00001404,FAN_SIM_1403,MATCH003,1,0,FAILED,FILE_LOCK,2026-07-13 04:30:06,168
TXN00001366,FAN_SIM_1365,MATCH003,1,0,FAILED,FILE_LOCK,2026-07-13 04:30:06,175
TXN00001364,FAN_SIM_1363,MATCH003,1,0,FAILED,FILE_LOCK,2026-07-13 04:30:06,175
TXN00001428,FAN_SIM_1427,MATCH003,1,0,FAILED,FILE_LOCK,2026-07-13 04:30:06,40
TXN00001416,FAN_SIM_1415,MATCH003,1,0,FAILED,FILE_LOCK,2026-07-13 04:30:06,167
TXN00001377,FAN_SIM_1376,MATCH003,1,0,FAILED,FILE_LOCK,2026-07-13 04:30:06,174
TXN00001365,FAN_SIM_1364,MATCH003,1,0,FAILED,FILE_LOCK,2026-07-13 04:30:06,177
TXN00001372,FAN_SIM_1371,MATCH003,1,0,FAILED,FILE_LOCK,2026-07-13 04:30:06,175
TXN00001418,FAN_SIM_1417,MATCH003,1,0,FAILED,FILE_LOCK,2026-07-13 04:30:06,168
TXN00001432,FAN_SIM_1436,MATCH003,1,0,FAILED,FILE_LOCK,2026-07-13 04:30:06,0
TXN00001411,FAN_SIM_1410,MATCH003,1,0,FAILED,FILE_LOCK,2026-07-13 04:30:06,168
TXN00001413,FAN_SIM_1412,MATCH003,1,0,FAILED,FILE_LOCK,2026-07-13 04:30:06,168
TXN00001433,FAN_SIM_1435,MATCH003,1,0,FAILED,FILE_LOCK,2026-07-13 04:30:06,0
TXN00001429,FAN_SIM_1428,MATCH003,1,0,FAILED,FILE_LOCK,2026-07-13 04:30:06,39
TXN00001374,FAN_SIM_1373,MATCH003,1,0,FAILED,FILE_LOCK,2026-07-13 04:30:06,175
TXN00001363,FAN_SIM_1362,MATCH003,1,0,FAILED,FILE_LOCK,2026-07-13 04:30:06,176
TXN00001431,FAN_SIM_1434,MATCH003,1,0,FAILED,FILE_LOCK,2026-07-13 04:30:06,0
TXN00001434,FAN_SIM_1437,MATCH003,1,0,FAILED,FILE_LOCK,2026-07-13 04:30:06,0
TXN00001405,FAN_SIM_1404,MATCH003,1,500000,FAILED,FILE_LOCK,2026-07-13 04:30:07,224
TXN00001406,FAN_SIM_1405,MATCH003,1,500000,FAILED,FILE_LOCK,2026-07-13 04:30:07,266
TXN00001450,FAN_SIM_1449,MATCH003,1,0,FAILED,FILE_LOCK,2026-07-13 04:30:07,45
TXN00001453,FAN_SIM_1452,MATCH003,1,0,FAILED,FILE_LOCK,2026-07-13 04:30:07,45
TXN00001445,FAN_SIM_1444,MATCH003,1,0,FAILED,FILE_LOCK,2026-07-13 04:30:07,46
TXN00001435,FAN_SIM_1433,MATCH003,1,0,FAILED,FILE_LOCK,2026-07-13 04:30:07,99
TXN00001442,FAN_SIM_1441,MATCH003,1,0,FAILED,FILE_LOCK,2026-07-13 04:30:07,51
TXN00001454,FAN_SIM_1453,MATCH003,1,0,FAILED,FILE_LOCK,2026-07-13 04:30:07,43
TXN00001425,FAN_SIM_1424,MATCH003,1,0,FAILED,FILE_LOCK,2026-07-13 04:30:07,212
TXN00001440,FAN_SIM_1439,MATCH003,1,0,FAILED,FILE_LOCK,2026-07-13 04:30:07,82
TXN00001439,FAN_SIM_1438,MATCH003,1,0,FAILED,FILE_LOCK,2026-07-13 04:30:07,98
TXN00001457,FAN_SIM_1456,MATCH003,1,0,FAILED,FILE_LOCK,2026-07-13 04:30:07,2
TXN00001451,FAN_SIM_1450,MATCH003,1,0,FAILED,FILE_LOCK,2026-07-13 04:30:07,45
TXN00001427,FAN_SIM_1426,MATCH003,1,0,FAILED,FILE_LOCK,2026-07-13 04:30:07,207
TXN00001446,FAN_SIM_1446,MATCH003,1,0,FAILED,FILE_LOCK,2026-07-13 04:30:07,46
TXN00001447,FAN_SIM_1445,MATCH003,1,0,FAILED,FILE_LOCK,2026-07-13 04:30:07,47
TXN00001367,FAN_SIM_1366,MATCH003,1,0,FAILED,FILE_LOCK,2026-07-13 04:30:07,274
TXN00001449,FAN_SIM_1448,MATCH003,1,0,FAILED,FILE_LOCK,2026-07-13 04:30:07,46
TXN00001448,FAN_SIM_1447,MATCH003,1,0,FAILED,FILE_LOCK,2026-07-13 04:30:07,46
TXN00001437,FAN_SIM_1432,MATCH003,1,0,FAILED,FILE_LOCK,2026-07-13 04:30:07,100
TXN00001455,FAN_SIM_1454,MATCH003,1,0,FAILED,FILE_LOCK,2026-07-13 04:30:07,42
TXN00001463,FAN_SIM_1462,MATCH003,1,0,FAILED,FILE_LOCK,2026-07-13 04:30:07,2
TXN00001458,FAN_SIM_1457,MATCH003,1,0,FAILED,FILE_LOCK,2026-07-13 04:30:07,2
TXN00001459,FAN_SIM_1458,MATCH003,1,0,FAILED,FILE_LOCK,2026-07-13 04:30:07,2
TXN00001456,FAN_SIM_1455,MATCH003,1,0,FAILED,FILE_LOCK,2026-07-13 04:30:07,16
TXN00001415,FAN_SIM_1414,MATCH003,1,0,FAILED,FILE_LOCK,2026-07-13 04:30:07,267
TXN00001399,FAN_SIM_1398,MATCH003,1,500000,FAILED,FILE_LOCK,2026-07-13 04:30:07,268
TXN00001460,FAN_SIM_1459,MATCH003,1,0,FAILED,FILE_LOCK,2026-07-13 04:30:07,2
TXN00001452,FAN_SIM_1451,MATCH003,1,0,FAILED,FILE_LOCK,2026-07-13 04:30:07,46
TXN00001461,FAN_SIM_1460,MATCH003,1,0,FAILED,FILE_LOCK,2026-07-13 04:30:07,2
TXN00001462,FAN_SIM_1461,MATCH003,1,0,FAILED,FILE_LOCK,2026-07-13 04:30:07,2
TXN00001464,FAN_SIM_1463,MATCH003,1,0,FAILED,FILE_LOCK,2026-07-13 04:30:07,2
TXN00001423,FAN_SIM_1422,MATCH003,1,0,FAILED,FILE_LOCK,2026-07-13 04:30:07,213
TXN00001466,FAN_SIM_1464,MATCH003,1,0,FAILED,FILE_LOCK,2026-07-13 04:30:07,1
TXN00001469,FAN_SIM_1468,MATCH003,1,0,FAILED,FILE_LOCK,2026-07-13 04:30:07,1
TXN00001468,FAN_SIM_1467,MATCH003,1,0,FAILED,FILE_LOCK,2026-07-13 04:30:07,1
TXN00001465,FAN_SIM_1465,MATCH003,1,0,FAILED,FILE_LOCK,2026-07-13 04:30:07,1
TXN00001470,FAN_SIM_1469,MATCH003,1,0,FAILED,FILE_LOCK,2026-07-13 04:30:07,1
TXN00001467,FAN_SIM_1466,MATCH003,1,0,FAILED,FILE_LOCK,2026-07-13 04:30:07,1
TXN00001403,FAN_SIM_1402,MATCH003,1,500000,FAILED,FILE_LOCK,2026-07-13 04:30:07,269
TXN00001420,FAN_SIM_1419,MATCH003,1,500000,FAILED,FILE_LOCK,2026-07-13 04:30:07,223
TXN00001477,FAN_SIM_1476,MATCH003,1,0,FAILED,FILE_LOCK,2026-07-13 04:30:07,14
TXN00001479,FAN_SIM_1478,MATCH003,1,0,FAILED,FILE_LOCK,2026-07-13 04:30:07,6
TXN00001475,FAN_SIM_1474,MATCH003,1,0,FAILED,FILE_LOCK,2026-07-13 04:30:07,16
TXN00001476,FAN_SIM_1475,MATCH003,1,0,FAILED,FILE_LOCK,2026-07-13 04:30:07,17
TXN00001474,FAN_SIM_1473,MATCH003,1,0,FAILED,FILE_LOCK,2026-07-13 04:30:07,17
TXN00001498,FAN_SIM_1502,MATCH003,1,0,FAILED,FILE_LOCK,2026-07-13 04:30:07,4
TXN00001471,FAN_SIM_1470,MATCH003,1,0,FAILED,FILE_LOCK,2026-07-13 04:30:07,19
TXN00001495,FAN_SIM_1497,MATCH003,1,0,FAILED,FILE_LOCK,2026-07-13 04:30:07,5
TXN00001504,FAN_SIM_1505,MATCH003,1,0,FAILED,FILE_LOCK,2026-07-13 04:30:07,3
TXN00001484,FAN_SIM_1486,MATCH003,1,0,FAILED,FILE_LOCK,2026-07-13 04:30:07,7
TXN00001478,FAN_SIM_1477,MATCH003,1,0,FAILED,FILE_LOCK,2026-07-13 04:30:07,7
TXN00001502,FAN_SIM_1499,MATCH003,1,0,FAILED,FILE_LOCK,2026-07-13 04:30:07,4
TXN00001499,FAN_SIM_1501,MATCH003,1,0,FAILED,FILE_LOCK,2026-07-13 04:30:07,4
TXN00001509,FAN_SIM_1508,MATCH003,1,0,FAILED,FILE_LOCK,2026-07-13 04:30:07,3
TXN00001505,FAN_SIM_1483,MATCH003,1,0,FAILED,FILE_LOCK,2026-07-13 04:30:07,7
TXN00001501,FAN_SIM_1504,MATCH003,1,0,FAILED,FILE_LOCK,2026-07-13 04:30:07,4
TXN00001503,FAN_SIM_1482,MATCH003,1,0,FAILED,FILE_LOCK,2026-07-13 04:30:07,7
TXN00001493,FAN_SIM_1495,MATCH003,1,0,FAILED,FILE_LOCK,2026-07-13 04:30:07,5
TXN00001487,FAN_SIM_1489,MATCH003,1,0,FAILED,FILE_LOCK,2026-07-13 04:30:07,5
TXN00001480,FAN_SIM_1479,MATCH003,1,0,FAILED,FILE_LOCK,2026-07-13 04:30:07,7
TXN00001506,FAN_SIM_1484,MATCH003,1,0,FAILED,FILE_LOCK,2026-07-13 04:30:07,7
TXN00001488,FAN_SIM_1490,MATCH003,1,0,FAILED,FILE_LOCK,2026-07-13 04:30:07,5
TXN00001384,FAN_SIM_1383,MATCH003,1,500000,FAILED,FILE_LOCK,2026-07-13 04:30:07,289
TXN00001494,FAN_SIM_1496,MATCH003,1,0,FAILED,FILE_LOCK,2026-07-13 04:30:07,6
TXN00001482,FAN_SIM_1481,MATCH003,1,0,FAILED,FILE_LOCK,2026-07-13 04:30:07,7
TXN00001489,FAN_SIM_1491,MATCH003,1,0,FAILED,FILE_LOCK,2026-07-13 04:30:07,5
TXN00001507,FAN_SIM_1506,MATCH003,1,0,FAILED,FILE_LOCK,2026-07-13 04:30:07,5
TXN00001424,FAN_SIM_1423,MATCH003,1,500000,FAILED,FILE_LOCK,2026-07-13 04:30:07,233
TXN00001441,FAN_SIM_1440,MATCH003,1,500000,FAILED,FILE_LOCK,2026-07-13 04:30:07,74
TXN00001491,FAN_SIM_1493,MATCH003,1,0,FAILED,FILE_LOCK,2026-07-13 04:30:07,7
TXN00001472,FAN_SIM_1471,MATCH003,1,0,FAILED,FILE_LOCK,2026-07-13 04:30:07,20
TXN00001490,FAN_SIM_1492,MATCH003,1,0,FAILED,FILE_LOCK,2026-07-13 04:30:07,6
TXN00001473,FAN_SIM_1472,MATCH003,1,0,FAILED,FILE_LOCK,2026-07-13 04:30:07,18
TXN00001496,FAN_SIM_1498,MATCH003,1,0,FAILED,FILE_LOCK,2026-07-13 04:30:07,5
TXN00001381,FAN_SIM_1380,MATCH003,1,500000,FAILED,FILE_LOCK,2026-07-13 04:30:07,291
TXN00001376,FAN_SIM_1375,MATCH003,1,500000,FAILED,FILE_LOCK,2026-07-13 04:30:07,294
TXN00001486,FAN_SIM_1488,MATCH003,1,0,FAILED,FILE_LOCK,2026-07-13 04:30:07,8
TXN00001508,FAN_SIM_1507,MATCH003,1,0,FAILED,FILE_LOCK,2026-07-13 04:30:07,4
TXN00001492,FAN_SIM_1494,MATCH003,1,0,FAILED,FILE_LOCK,2026-07-13 04:30:07,5
TXN00001500,FAN_SIM_1503,MATCH003,1,0,FAILED,FILE_LOCK,2026-07-13 04:30:07,6
TXN00001481,FAN_SIM_1480,MATCH003,1,0,FAILED,FILE_LOCK,2026-07-13 04:30:07,7
TXN00001387,FAN_SIM_1386,MATCH003,1,500000,FAILED,FILE_LOCK,2026-07-13 04:30:07,289
TXN00001510,FAN_SIM_1509,MATCH003,1,0,FAILED,FILE_LOCK,2026-07-13 04:30:07,2
TXN00001382,FAN_SIM_1381,MATCH003,1,500000,FAILED,FILE_LOCK,2026-07-13 04:30:07,290
TXN00001422,FAN_SIM_1421,MATCH003,1,500000,FAILED,FILE_LOCK,2026-07-13 04:30:07,243
TXN00001368,FAN_SIM_1367,MATCH003,1,500000,FAILED,FILE_LOCK,2026-07-13 04:30:07,295
TXN00001443,FAN_SIM_1442,MATCH003,1,500000,FAILED,FILE_LOCK,2026-07-13 04:30:07,75
TXN00001378,FAN_SIM_1377,MATCH003,1,500000,FAILED,FILE_LOCK,2026-07-13 04:30:07,295
TXN00001485,FAN_SIM_1487,MATCH003,1,0,FAILED,FILE_LOCK,2026-07-13 04:30:07,7
TXN00001483,FAN_SIM_1485,MATCH003,1,0,FAILED,FILE_LOCK,2026-07-13 04:30:07,7
TXN00001497,FAN_SIM_1500,MATCH003,1,0,FAILED,FILE_LOCK,2026-07-13 04:30:07,6
TXN00001370,FAN_SIM_1369,MATCH003,1,500000,FAILED,FILE_LOCK,2026-07-13 04:30:07,305
TXN00001444,FAN_SIM_1443,MATCH003,1,500000,FAILED,FILE_LOCK,2026-07-13 04:30:07,82
TXN00001426,FAN_SIM_1425,MATCH003,1,500000,FAILED,FILE_LOCK,2026-07-13 04:30:07,240
TXN00001421,FAN_SIM_1420,MATCH003,1,500000,FAILED,FILE_LOCK,2026-07-13 04:30:07,243
TXN00001385,FAN_SIM_1384,MATCH003,1,500000,FAILED,FILE_LOCK,2026-07-13 04:30:07,307
TXN00001383,FAN_SIM_1382,MATCH003,1,500000,FAILED,FILE_LOCK,2026-07-13 04:30:07,325
TXN00001547,FAN_SIM_1546,MATCH003,1,0,FAILED,FILE_LOCK,2026-07-13 04:30:07,36
TXN00001529,FAN_SIM_1528,MATCH003,1,0,FAILED,FILE_LOCK,2026-07-13 04:30:07,36
TXN00001552,FAN_SIM_1551,MATCH003,1,0,FAILED,FILE_LOCK,2026-07-13 04:30:07,43
TXN00001436,FAN_SIM_1431,MATCH003,1,500000,FAILED,FILE_LOCK,2026-07-13 04:30:07,170
TXN00001570,FAN_SIM_1569,MATCH003,1,0,FAILED,FILE_LOCK,2026-07-13 04:30:07,0
TXN00001534,FAN_SIM_1533,MATCH003,1,0,FAILED,FILE_LOCK,2026-07-13 04:30:07,37
TXN00001558,FAN_SIM_1557,MATCH003,1,0,FAILED,FILE_LOCK,2026-07-13 04:30:07,55
TXN00001553,FAN_SIM_1552,MATCH003,1,0,FAILED,FILE_LOCK,2026-07-13 04:30:07,43
TXN00001566,FAN_SIM_1565,MATCH003,1,0,FAILED,FILE_LOCK,2026-07-13 04:30:07,14
TXN00001563,FAN_SIM_1562,MATCH003,1,0,FAILED,FILE_LOCK,2026-07-13 04:30:07,31
TXN00001550,FAN_SIM_1549,MATCH003,1,0,FAILED,FILE_LOCK,2026-07-13 04:30:07,43
TXN00001548,FAN_SIM_1547,MATCH003,1,0,FAILED,FILE_LOCK,2026-07-13 04:30:07,61
TXN00001555,FAN_SIM_1554,MATCH003,1,0,FAILED,FILE_LOCK,2026-07-13 04:30:07,60
TXN00001562,FAN_SIM_1561,MATCH003,1,0,FAILED,FILE_LOCK,2026-07-13 04:30:07,50
TXN00001526,FAN_SIM_1525,MATCH003,1,0,FAILED,FILE_LOCK,2026-07-13 04:30:07,63
TXN00001535,FAN_SIM_1534,MATCH003,1,0,FAILED,FILE_LOCK,2026-07-13 04:30:07,63
TXN00001532,FAN_SIM_1531,MATCH003,1,0,FAILED,FILE_LOCK,2026-07-13 04:30:07,63
TXN00001522,FAN_SIM_1521,MATCH003,1,0,FAILED,FILE_LOCK,2026-07-13 04:30:07,63
TXN00001514,FAN_SIM_1513,MATCH003,1,0,FAILED,FILE_LOCK,2026-07-13 04:30:07,66
TXN00001565,FAN_SIM_1564,MATCH003,1,0,FAILED,FILE_LOCK,2026-07-13 04:30:07,49
TXN00001388,FAN_SIM_1387,MATCH003,1,500000,FAILED,FILE_LOCK,2026-07-13 04:30:07,360
TXN00001567,FAN_SIM_1566,MATCH003,1,0,FAILED,FILE_LOCK,2026-07-13 04:30:07,20
TXN00001419,FAN_SIM_1418,MATCH003,1,500000,FAILED,FILE_LOCK,2026-07-13 04:30:07,314
TXN00001380,FAN_SIM_1379,MATCH003,1,500000,FAILED,FILE_LOCK,2026-07-13 04:30:07,361
TXN00001386,FAN_SIM_1385,MATCH003,1,500000,FAILED,FILE_LOCK,2026-07-13 04:30:07,359
TXN00001371,FAN_SIM_1370,MATCH003,1,500000,FAILED,FILE_LOCK,2026-07-13 04:30:07,365
TXN00001557,FAN_SIM_1556,MATCH003,1,0,FAILED,FILE_LOCK,2026-07-13 04:30:07,58
TXN00001561,FAN_SIM_1560,MATCH003,1,0,FAILED,FILE_LOCK,2026-07-13 04:30:07,51
TXN00001545,FAN_SIM_1544,MATCH003,1,0,FAILED,FILE_LOCK,2026-07-13 04:30:07,64
TXN00001546,FAN_SIM_1545,MATCH003,1,0,FAILED,FILE_LOCK,2026-07-13 04:30:07,63
TXN00001524,FAN_SIM_1523,MATCH003,1,0,FAILED,FILE_LOCK,2026-07-13 04:30:07,63
TXN00001517,FAN_SIM_1516,MATCH003,1,0,FAILED,FILE_LOCK,2026-07-13 04:30:07,65
TXN00001543,FAN_SIM_1542,MATCH003,1,0,FAILED,FILE_LOCK,2026-07-13 04:30:07,63
TXN00001556,FAN_SIM_1555,MATCH003,1,0,FAILED,FILE_LOCK,2026-07-13 04:30:07,58
TXN00001525,FAN_SIM_1524,MATCH003,1,0,FAILED,FILE_LOCK,2026-07-13 04:30:07,63
TXN00001536,FAN_SIM_1535,MATCH003,1,0,FAILED,FILE_LOCK,2026-07-13 04:30:07,63
TXN00001541,FAN_SIM_1540,MATCH003,1,0,FAILED,FILE_LOCK,2026-07-13 04:30:07,63
TXN00001568,FAN_SIM_1567,MATCH003,1,0,FAILED,FILE_LOCK,2026-07-13 04:30:07,20
TXN00001527,FAN_SIM_1526,MATCH003,1,0,FAILED,FILE_LOCK,2026-07-13 04:30:07,64
TXN00001518,FAN_SIM_1517,MATCH003,1,0,FAILED,FILE_LOCK,2026-07-13 04:30:07,64
TXN00001544,FAN_SIM_1543,MATCH003,1,0,FAILED,FILE_LOCK,2026-07-13 04:30:07,64
TXN00001512,FAN_SIM_1511,MATCH003,1,0,FAILED,FILE_LOCK,2026-07-13 04:30:07,67
TXN00001551,FAN_SIM_1550,MATCH003,1,0,FAILED,FILE_LOCK,2026-07-13 04:30:07,63
TXN00001519,FAN_SIM_1518,MATCH003,1,0,FAILED,FILE_LOCK,2026-07-13 04:30:07,64
TXN00001530,FAN_SIM_1529,MATCH003,1,0,FAILED,FILE_LOCK,2026-07-13 04:30:07,63
TXN00001533,FAN_SIM_1532,MATCH003,1,0,FAILED,FILE_LOCK,2026-07-13 04:30:07,64
TXN00001542,FAN_SIM_1541,MATCH003,1,0,FAILED,FILE_LOCK,2026-07-13 04:30:07,64
TXN00001549,FAN_SIM_1548,MATCH003,1,0,FAILED,FILE_LOCK,2026-07-13 04:30:07,63
TXN00001520,FAN_SIM_1519,MATCH003,1,0,FAILED,FILE_LOCK,2026-07-13 04:30:07,65
TXN00001559,FAN_SIM_1558,MATCH003,1,0,FAILED,FILE_LOCK,2026-07-13 04:30:07,56
TXN00001537,FAN_SIM_1536,MATCH003,1,0,FAILED,FILE_LOCK,2026-07-13 04:30:07,63
TXN00001540,FAN_SIM_1539,MATCH003,1,0,FAILED,FILE_LOCK,2026-07-13 04:30:07,63
TXN00001523,FAN_SIM_1522,MATCH003,1,0,FAILED,FILE_LOCK,2026-07-13 04:30:07,63
TXN00001515,FAN_SIM_1514,MATCH003,1,0,FAILED,FILE_LOCK,2026-07-13 04:30:07,67
TXN00001560,FAN_SIM_1559,MATCH003,1,0,FAILED,FILE_LOCK,2026-07-13 04:30:07,50
TXN00001554,FAN_SIM_1553,MATCH003,1,0,FAILED,FILE_LOCK,2026-07-13 04:30:07,62
TXN00001511,FAN_SIM_1510,MATCH003,1,0,FAILED,FILE_LOCK,2026-07-13 04:30:07,68
TXN00001539,FAN_SIM_1538,MATCH003,1,0,FAILED,FILE_LOCK,2026-07-13 04:30:07,64
TXN00001531,FAN_SIM_1530,MATCH003,1,0,FAILED,FILE_LOCK,2026-07-13 04:30:07,64
TXN00001571,FAN_SIM_1570,MATCH003,1,0,FAILED,FILE_LOCK,2026-07-13 04:30:07,19
TXN00001521,FAN_SIM_1520,MATCH003,1,0,FAILED,FILE_LOCK,2026-07-13 04:30:07,64
TXN00001538,FAN_SIM_1537,MATCH003,1,0,FAILED,FILE_LOCK,2026-07-13 04:30:07,63
TXN00001564,FAN_SIM_1563,MATCH003,1,0,FAILED,FILE_LOCK,2026-07-13 04:30:07,51
TXN00001528,FAN_SIM_1527,MATCH003,1,0,FAILED,FILE_LOCK,2026-07-13 04:30:07,62
TXN00001569,FAN_SIM_1568,MATCH003,1,0,FAILED,FILE_LOCK,2026-07-13 04:30:07,19
TXN00001516,FAN_SIM_1515,MATCH003,1,500000,FAILED,FILE_LOCK,2026-07-13 04:30:07,70
TXN00001513,FAN_SIM_1512,MATCH003,1,500000,FAILED,FILE_LOCK,2026-07-13 04:30:07,71
TXN00001375,FAN_SIM_1374,MATCH003,1,500000,FAILED,FILE_LOCK,2026-07-13 04:30:07,365
TXN00001438,FAN_SIM_1430,MATCH003,1,500000,FAILED,FILE_LOCK,2026-07-13 04:30:07,193
TXN00001632,FAN_SIM_1631,MATCH003,1,0,FAILED,FILE_LOCK,2026-07-13 04:30:07,175
TXN00001633,FAN_SIM_1632,MATCH003,1,0,FAILED,FILE_LOCK,2026-07-13 04:30:07,175
TXN00001595,FAN_SIM_1592,MATCH003,1,0,FAILED,FILE_LOCK,2026-07-13 04:30:07,195
TXN00001637,FAN_SIM_1636,MATCH003,1,0,FAILED,FILE_LOCK,2026-07-13 04:30:07,2
TXN00001580,FAN_SIM_1579,MATCH003,1,0,FAILED,FILE_LOCK,2026-07-13 04:30:07,200
TXN00001592,FAN_SIM_1591,MATCH003,1,0,FAILED,FILE_LOCK,2026-07-13 04:30:07,200
TXN00001631,FAN_SIM_1630,MATCH003,1,0,FAILED,FILE_LOCK,2026-07-13 04:30:07,179
TXN00001635,FAN_SIM_1634,MATCH003,1,0,FAILED,FILE_LOCK,2026-07-13 04:30:07,178
TXN00001638,FAN_SIM_1637,MATCH003,1,0,FAILED,FILE_LOCK,2026-07-13 04:30:07,1
TXN00001636,FAN_SIM_1635,MATCH003,1,0,FAILED,FILE_LOCK,2026-07-13 04:30:07,3
TXN00001588,FAN_SIM_1587,MATCH003,1,0,FAILED,FILE_LOCK,2026-07-13 04:30:07,201
TXN00001634,FAN_SIM_1633,MATCH003,1,0,FAILED,FILE_LOCK,2026-07-13 04:30:07,179
TXN00001597,FAN_SIM_1596,MATCH003,1,0,FAILED,FILE_LOCK,2026-07-13 04:30:07,199
TXN00001623,FAN_SIM_1622,MATCH003,1,0,FAILED,FILE_LOCK,2026-07-13 04:30:07,199
TXN00001581,FAN_SIM_1580,MATCH003,1,0,FAILED,FILE_LOCK,2026-07-13 04:30:07,201
TXN00001599,FAN_SIM_1598,MATCH003,1,0,FAILED,FILE_LOCK,2026-07-13 04:30:07,199
TXN00001639,FAN_SIM_1638,MATCH003,1,0,FAILED,FILE_LOCK,2026-07-13 04:30:07,1
TXN00001641,FAN_SIM_1640,MATCH003,1,0,FAILED,FILE_LOCK,2026-07-13 04:30:07,1
TXN00001625,FAN_SIM_1624,MATCH003,1,0,FAILED,FILE_LOCK,2026-07-13 04:30:07,257
TXN00001600,FAN_SIM_1599,MATCH003,1,500000,FAILED,FILE_LOCK,2026-07-13 04:30:07,270
TXN00001598,FAN_SIM_1597,MATCH003,1,0,FAILED,FILE_LOCK,2026-07-13 04:30:07,271
TXN00001630,FAN_SIM_1629,MATCH003,1,0,FAILED,FILE_LOCK,2026-07-13 04:30:07,251
TXN00001596,FAN_SIM_1595,MATCH003,1,0,FAILED,FILE_LOCK,2026-07-13 04:30:07,271
TXN00001602,FAN_SIM_1601,MATCH003,1,0,FAILED,FILE_LOCK,2026-07-13 04:30:07,270
TXN00001601,FAN_SIM_1600,MATCH003,1,0,FAILED,FILE_LOCK,2026-07-13 04:30:07,271
TXN00001594,FAN_SIM_1594,MATCH003,1,0,FAILED,FILE_LOCK,2026-07-13 04:30:07,273
TXN00001651,FAN_SIM_1650,MATCH003,1,0,FAILED,FILE_LOCK,2026-07-13 04:30:07,62
TXN00001648,FAN_SIM_1647,MATCH003,1,0,FAILED,FILE_LOCK,2026-07-13 04:30:07,95
TXN00001606,FAN_SIM_1605,MATCH003,1,0,FAILED,FILE_LOCK,2026-07-13 04:30:07,271
TXN00001643,FAN_SIM_1642,MATCH003,1,0,FAILED,FILE_LOCK,2026-07-13 04:30:07,95
TXN00001618,FAN_SIM_1617,MATCH003,1,0,FAILED,FILE_LOCK,2026-07-13 04:30:07,271
TXN00001627,FAN_SIM_1626,MATCH003,1,0,FAILED,FILE_LOCK,2026-07-13 04:30:07,283
TXN00001615,FAN_SIM_1614,MATCH003,1,0,FAILED,FILE_LOCK,2026-07-13 04:30:07,272
TXN00001576,FAN_SIM_1575,MATCH003,1,0,FAILED,FILE_LOCK,2026-07-13 04:30:07,300
TXN00001645,FAN_SIM_1644,MATCH003,1,0,FAILED,FILE_LOCK,2026-07-13 04:30:07,95
TXN00001605,FAN_SIM_1604,MATCH003,1,0,FAILED,FILE_LOCK,2026-07-13 04:30:07,296
TXN00001644,FAN_SIM_1643,MATCH003,1,0,FAILED,FILE_LOCK,2026-07-13 04:30:07,95
TXN00001589,FAN_SIM_1588,MATCH003,1,0,FAILED,FILE_LOCK,2026-07-13 04:30:07,298
TXN00001624,FAN_SIM_1623,MATCH003,1,0,FAILED,FILE_LOCK,2026-07-13 04:30:07,295
TXN00001612,FAN_SIM_1611,MATCH003,1,0,FAILED,FILE_LOCK,2026-07-13 04:30:07,296
TXN00001652,FAN_SIM_1651,MATCH003,1,0,FAILED,FILE_LOCK,2026-07-13 04:30:07,87
TXN00001620,FAN_SIM_1619,MATCH003,1,0,FAILED,FILE_LOCK,2026-07-13 04:30:07,295
TXN00001604,FAN_SIM_1603,MATCH003,1,0,FAILED,FILE_LOCK,2026-07-13 04:30:07,296
TXN00001616,FAN_SIM_1615,MATCH003,1,0,FAILED,FILE_LOCK,2026-07-13 04:30:07,296
TXN00001584,FAN_SIM_1583,MATCH003,1,500000,FAILED,FILE_LOCK,2026-07-13 04:30:07,299
TXN00001617,FAN_SIM_1616,MATCH003,1,0,FAILED,FILE_LOCK,2026-07-13 04:30:07,296
TXN00001578,FAN_SIM_1577,MATCH003,1,0,FAILED,FILE_LOCK,2026-07-13 04:30:07,302
TXN00001607,FAN_SIM_1606,MATCH003,1,0,FAILED,FILE_LOCK,2026-07-13 04:30:07,296
TXN00001613,FAN_SIM_1612,MATCH003,1,0,FAILED,FILE_LOCK,2026-07-13 04:30:07,297
TXN00001654,FAN_SIM_1653,MATCH003,1,0,FAILED,FILE_LOCK,2026-07-13 04:30:07,0
TXN00001640,FAN_SIM_1639,MATCH003,1,0,FAILED,FILE_LOCK,2026-07-13 04:30:07,96
TXN00001575,FAN_SIM_1573,MATCH003,1,0,FAILED,FILE_LOCK,2026-07-13 04:30:07,303
TXN00001614,FAN_SIM_1613,MATCH003,1,0,FAILED,FILE_LOCK,2026-07-13 04:30:07,297
TXN00001610,FAN_SIM_1607,MATCH003,1,0,FAILED,FILE_LOCK,2026-07-13 04:30:07,296
TXN00001650,FAN_SIM_1649,MATCH003,1,0,FAILED,FILE_LOCK,2026-07-13 04:30:07,96
TXN00001655,FAN_SIM_1654,MATCH003,1,0,FAILED,FILE_LOCK,2026-07-13 04:30:07,0
TXN00001657,FAN_SIM_1656,MATCH003,1,0,FAILED,FILE_LOCK,2026-07-13 04:30:07,0
TXN00001573,FAN_SIM_1572,MATCH003,1,500000,FAILED,FILE_LOCK,2026-07-13 04:30:07,306
TXN00001659,FAN_SIM_1658,MATCH003,1,0,FAILED,FILE_LOCK,2026-07-13 04:30:07,0
TXN00001656,FAN_SIM_1655,MATCH003,1,0,FAILED,FILE_LOCK,2026-07-13 04:30:07,1
TXN00001658,FAN_SIM_1657,MATCH003,1,0,FAILED,FILE_LOCK,2026-07-13 04:30:07,0
TXN00001586,FAN_SIM_1585,MATCH003,1,500000,FAILED,FILE_LOCK,2026-07-13 04:30:07,302
TXN00001661,FAN_SIM_1660,MATCH003,1,0,FAILED,FILE_LOCK,2026-07-13 04:30:07,0
TXN00001579,FAN_SIM_1578,MATCH003,1,500000,FAILED,FILE_LOCK,2026-07-13 04:30:07,302
TXN00001572,FAN_SIM_1571,MATCH003,1,500000,FAILED,FILE_LOCK,2026-07-13 04:30:07,308
TXN00001660,FAN_SIM_1659,MATCH003,1,0,FAILED,FILE_LOCK,2026-07-13 04:30:07,2
TXN00001587,FAN_SIM_1586,MATCH003,1,500000,FAILED,FILE_LOCK,2026-07-13 04:30:07,303
TXN00001663,FAN_SIM_1662,MATCH003,1,0,FAILED,FILE_LOCK,2026-07-13 04:30:07,0
TXN00001577,FAN_SIM_1576,MATCH003,1,500000,FAILED,FILE_LOCK,2026-07-13 04:30:07,308
TXN00001582,FAN_SIM_1581,MATCH003,1,500000,FAILED,FILE_LOCK,2026-07-13 04:30:07,303
TXN00001583,FAN_SIM_1582,MATCH003,1,500000,FAILED,FILE_LOCK,2026-07-13 04:30:07,303
TXN00001662,FAN_SIM_1661,MATCH003,1,0,FAILED,FILE_LOCK,2026-07-13 04:30:07,1
TXN00001629,FAN_SIM_1627,MATCH003,1,500000,FAILED,FILE_LOCK,2026-07-13 04:30:07,282
TXN00001590,FAN_SIM_1589,MATCH003,1,500000,FAILED,FILE_LOCK,2026-07-13 04:30:07,303
TXN00001646,FAN_SIM_1645,MATCH003,1,500000,FAILED,FILE_LOCK,2026-07-13 04:30:07,101
TXN00001653,FAN_SIM_1652,MATCH003,1,500000,FAILED,FILE_LOCK,2026-07-13 04:30:07,93
TXN00001593,FAN_SIM_1593,MATCH003,1,500000,FAILED,FILE_LOCK,2026-07-13 04:30:07,304
TXN00001603,FAN_SIM_1602,MATCH003,1,500000,FAILED,FILE_LOCK,2026-07-13 04:30:07,303
TXN00001649,FAN_SIM_1648,MATCH003,1,500000,FAILED,FILE_LOCK,2026-07-13 04:30:07,108
TXN00001626,FAN_SIM_1625,MATCH003,1,500000,FAILED,FILE_LOCK,2026-07-13 04:30:07,298
TXN00001642,FAN_SIM_1641,MATCH003,1,500000,FAILED,FILE_LOCK,2026-07-13 04:30:07,115
TXN00001585,FAN_SIM_1584,MATCH003,1,500000,FAILED,FILE_LOCK,2026-07-13 04:30:07,318
TXN00001591,FAN_SIM_1590,MATCH003,1,500000,FAILED,FILE_LOCK,2026-07-13 04:30:07,346
TXN00001647,FAN_SIM_1646,MATCH003,1,500000,FAILED,FILE_LOCK,2026-07-13 04:30:07,145
TXN00001718,FAN_SIM_1717,MATCH003,1,0,FAILED,FILE_LOCK,2026-07-13 04:30:07,2
TXN00001701,FAN_SIM_1700,MATCH003,1,0,FAILED,FILE_LOCK,2026-07-13 04:30:07,42
TXN00001628,FAN_SIM_1628,MATCH003,1,500000,FAILED,FILE_LOCK,2026-07-13 04:30:07,327
TXN00001688,FAN_SIM_1688,MATCH003,1,0,FAILED,FILE_LOCK,2026-07-13 04:30:07,42
TXN00001690,FAN_SIM_1685,MATCH003,1,0,FAILED,FILE_LOCK,2026-07-13 04:30:07,42
TXN00001689,FAN_SIM_1689,MATCH003,1,0,FAILED,FILE_LOCK,2026-07-13 04:30:07,42
TXN00001686,FAN_SIM_1686,MATCH003,1,0,FAILED,FILE_LOCK,2026-07-13 04:30:07,42
TXN00001683,FAN_SIM_1682,MATCH003,1,0,FAILED,FILE_LOCK,2026-07-13 04:30:07,42
TXN00001684,FAN_SIM_1683,MATCH003,1,0,FAILED,FILE_LOCK,2026-07-13 04:30:07,42
TXN00001619,FAN_SIM_1618,MATCH003,1,500000,FAILED,FILE_LOCK,2026-07-13 04:30:07,345
TXN00001716,FAN_SIM_1715,MATCH003,1,0,FAILED,FILE_LOCK,2026-07-13 04:30:07,32
TXN00001694,FAN_SIM_1693,MATCH003,1,0,FAILED,FILE_LOCK,2026-07-13 04:30:07,42
TXN00001714,FAN_SIM_1713,MATCH003,1,0,FAILED,FILE_LOCK,2026-07-13 04:30:07,34
TXN00001715,FAN_SIM_1714,MATCH003,1,0,FAILED,FILE_LOCK,2026-07-13 04:30:07,34
TXN00001703,FAN_SIM_1702,MATCH003,1,0,FAILED,FILE_LOCK,2026-07-13 04:30:07,42
TXN00001664,FAN_SIM_1663,MATCH003,1,0,FAILED,FILE_LOCK,2026-07-13 04:30:07,46
TXN00001676,FAN_SIM_1675,MATCH003,1,0,FAILED,FILE_LOCK,2026-07-13 04:30:07,43
TXN00001677,FAN_SIM_1676,MATCH003,1,0,FAILED,FILE_LOCK,2026-07-13 04:30:07,43
TXN00001621,FAN_SIM_1620,MATCH003,1,500000,FAILED,FILE_LOCK,2026-07-13 04:30:07,346
TXN00001678,FAN_SIM_1677,MATCH003,1,0,FAILED,FILE_LOCK,2026-07-13 04:30:07,43
TXN00001674,FAN_SIM_1673,MATCH003,1,0,FAILED,FILE_LOCK,2026-07-13 04:30:07,44
TXN00001679,FAN_SIM_1678,MATCH003,1,0,FAILED,FILE_LOCK,2026-07-13 04:30:07,43
TXN00001717,FAN_SIM_1716,MATCH003,1,0,FAILED,FILE_LOCK,2026-07-13 04:30:07,30
TXN00001699,FAN_SIM_1698,MATCH003,1,0,FAILED,FILE_LOCK,2026-07-13 04:30:07,43
TXN00001665,FAN_SIM_1664,MATCH003,1,0,FAILED,FILE_LOCK,2026-07-13 04:30:07,46
TXN00001666,FAN_SIM_1665,MATCH003,1,0,FAILED,FILE_LOCK,2026-07-13 04:30:07,46
TXN00001702,FAN_SIM_1701,MATCH003,1,0,FAILED,FILE_LOCK,2026-07-13 04:30:07,42
TXN00001687,FAN_SIM_1687,MATCH003,1,0,FAILED,FILE_LOCK,2026-07-13 04:30:07,43
TXN00001693,FAN_SIM_1692,MATCH003,1,0,FAILED,FILE_LOCK,2026-07-13 04:30:07,43
TXN00001704,FAN_SIM_1704,MATCH003,1,0,FAILED,FILE_LOCK,2026-07-13 04:30:07,42
TXN00001680,FAN_SIM_1679,MATCH003,1,0,FAILED,FILE_LOCK,2026-07-13 04:30:07,43
TXN00001706,FAN_SIM_1705,MATCH003,1,0,FAILED,FILE_LOCK,2026-07-13 04:30:07,42
TXN00001611,FAN_SIM_1610,MATCH003,1,500000,FAILED,FILE_LOCK,2026-07-13 04:30:07,348
TXN00001667,FAN_SIM_1666,MATCH003,1,0,FAILED,FILE_LOCK,2026-07-13 04:30:07,45
TXN00001709,FAN_SIM_1708,MATCH003,1,0,FAILED,FILE_LOCK,2026-07-13 04:30:07,39
TXN00001712,FAN_SIM_1711,MATCH003,1,0,FAILED,FILE_LOCK,2026-07-13 04:30:07,38
TXN00001681,FAN_SIM_1680,MATCH003,1,0,FAILED,FILE_LOCK,2026-07-13 04:30:07,44
TXN00001673,FAN_SIM_1672,MATCH003,1,0,FAILED,FILE_LOCK,2026-07-13 04:30:07,44
TXN00001671,FAN_SIM_1670,MATCH003,1,0,FAILED,FILE_LOCK,2026-07-13 04:30:07,45
TXN00001698,FAN_SIM_1697,MATCH003,1,0,FAILED,FILE_LOCK,2026-07-13 04:30:07,43
TXN00001685,FAN_SIM_1684,MATCH003,1,0,FAILED,FILE_LOCK,2026-07-13 04:30:07,44
TXN00001696,FAN_SIM_1695,MATCH003,1,0,FAILED,FILE_LOCK,2026-07-13 04:30:07,43
TXN00001697,FAN_SIM_1696,MATCH003,1,0,FAILED,FILE_LOCK,2026-07-13 04:30:07,43
TXN00001713,FAN_SIM_1712,MATCH003,1,0,FAILED,FILE_LOCK,2026-07-13 04:30:07,36
TXN00001707,FAN_SIM_1706,MATCH003,1,0,FAILED,FILE_LOCK,2026-07-13 04:30:07,42
TXN00001692,FAN_SIM_1691,MATCH003,1,0,FAILED,FILE_LOCK,2026-07-13 04:30:07,43
TXN00001695,FAN_SIM_1694,MATCH003,1,0,FAILED,FILE_LOCK,2026-07-13 04:30:07,43
TXN00001682,FAN_SIM_1681,MATCH003,1,0,FAILED,FILE_LOCK,2026-07-13 04:30:07,43
TXN00001691,FAN_SIM_1690,MATCH003,1,0,FAILED,FILE_LOCK,2026-07-13 04:30:07,43
TXN00001705,FAN_SIM_1703,MATCH003,1,0,FAILED,FILE_LOCK,2026-07-13 04:30:07,42
TXN00001675,FAN_SIM_1674,MATCH003,1,0,FAILED,FILE_LOCK,2026-07-13 04:30:07,44
TXN00001672,FAN_SIM_1671,MATCH003,1,0,FAILED,FILE_LOCK,2026-07-13 04:30:07,44
TXN00001708,FAN_SIM_1707,MATCH003,1,0,FAILED,FILE_LOCK,2026-07-13 04:30:07,42
TXN00001670,FAN_SIM_1669,MATCH003,1,0,FAILED,FILE_LOCK,2026-07-13 04:30:07,45
TXN00001700,FAN_SIM_1699,MATCH003,1,0,FAILED,FILE_LOCK,2026-07-13 04:30:07,43
TXN00001710,FAN_SIM_1709,MATCH003,1,0,FAILED,FILE_LOCK,2026-07-13 04:30:07,39
TXN00001711,FAN_SIM_1710,MATCH003,1,0,FAILED,FILE_LOCK,2026-07-13 04:30:07,38
TXN00001669,FAN_SIM_1668,MATCH003,1,0,FAILED,FILE_LOCK,2026-07-13 04:30:07,46
TXN00001622,FAN_SIM_1621,MATCH003,1,500000,FAILED,FILE_LOCK,2026-07-13 04:30:07,371
TXN00001574,FAN_SIM_1574,MATCH003,1,500000,FAILED,FILE_LOCK,2026-07-13 04:30:07,381
TXN00001608,FAN_SIM_1608,MATCH003,1,500000,FAILED,FILE_LOCK,2026-07-13 04:30:07,374
TXN00001609,FAN_SIM_1609,MATCH003,1,500000,FAILED,FILE_LOCK,2026-07-13 04:30:07,375
TXN00001668,FAN_SIM_1667,MATCH003,1,500000,FAILED,FILE_LOCK,2026-07-13 04:30:07,74
TXN00001757,FAN_SIM_1756,MATCH003,1,0,FAILED,FILE_LOCK,2026-07-13 04:30:07,180
TXN00001773,FAN_SIM_1772,MATCH003,1,0,FAILED,FILE_LOCK,2026-07-13 04:30:07,179
TXN00001763,FAN_SIM_1763,MATCH003,1,0,FAILED,FILE_LOCK,2026-07-13 04:30:07,179
TXN00001771,FAN_SIM_1770,MATCH003,1,0,FAILED,FILE_LOCK,2026-07-13 04:30:07,179
TXN00001732,FAN_SIM_1731,MATCH003,1,0,FAILED,FILE_LOCK,2026-07-13 04:30:07,180
TXN00001764,FAN_SIM_1764,MATCH003,1,0,FAILED,FILE_LOCK,2026-07-13 04:30:07,179
TXN00001751,FAN_SIM_1750,MATCH003,1,0,FAILED,FILE_LOCK,2026-07-13 04:30:07,180
TXN00001742,FAN_SIM_1741,MATCH003,1,0,FAILED,FILE_LOCK,2026-07-13 04:30:07,180
TXN00001779,FAN_SIM_1778,MATCH003,1,0,FAILED,FILE_LOCK,2026-07-13 04:30:07,159
TXN00001768,FAN_SIM_1767,MATCH003,1,0,FAILED,FILE_LOCK,2026-07-13 04:30:07,179
TXN00001761,FAN_SIM_1760,MATCH003,1,0,FAILED,FILE_LOCK,2026-07-13 04:30:07,179
TXN00001731,FAN_SIM_1730,MATCH003,1,0,FAILED,FILE_LOCK,2026-07-13 04:30:07,180
TXN00001781,FAN_SIM_1780,MATCH003,1,0,FAILED,FILE_LOCK,2026-07-13 04:30:07,158
TXN00001776,FAN_SIM_1775,MATCH003,1,0,FAILED,FILE_LOCK,2026-07-13 04:30:07,176
TXN00001777,FAN_SIM_1776,MATCH003,1,0,FAILED,FILE_LOCK,2026-07-13 04:30:07,176
TXN00001754,FAN_SIM_1753,MATCH003,1,0,FAILED,FILE_LOCK,2026-07-13 04:30:07,180
TXN00001739,FAN_SIM_1738,MATCH003,1,0,FAILED,FILE_LOCK,2026-07-13 04:30:07,180
TXN00001774,FAN_SIM_1773,MATCH003,1,0,FAILED,FILE_LOCK,2026-07-13 04:30:07,179
TXN00001772,FAN_SIM_1771,MATCH003,1,0,FAILED,FILE_LOCK,2026-07-13 04:30:07,179
TXN00001765,FAN_SIM_1765,MATCH003,1,0,FAILED,FILE_LOCK,2026-07-13 04:30:07,179
TXN00001737,FAN_SIM_1737,MATCH003,1,0,FAILED,FILE_LOCK,2026-07-13 04:30:07,180
TXN00001778,FAN_SIM_1777,MATCH003,1,0,FAILED,FILE_LOCK,2026-07-13 04:30:07,160
TXN00001723,FAN_SIM_1722,MATCH003,1,500000,FAILED,FILE_LOCK,2026-07-13 04:30:07,187
TXN00001769,FAN_SIM_1769,MATCH003,1,0,FAILED,FILE_LOCK,2026-07-13 04:30:07,182
TXN00001738,FAN_SIM_1736,MATCH003,1,500000,FAILED,FILE_LOCK,2026-07-13 04:30:07,184
TXN00001775,FAN_SIM_1774,MATCH003,1,500000,FAILED,FILE_LOCK,2026-07-13 04:30:07,182
TXN00001748,FAN_SIM_1747,MATCH003,1,0,FAILED,FILE_LOCK,2026-07-13 04:30:07,180
TXN00001783,FAN_SIM_1782,MATCH003,1,0,FAILED,FILE_LOCK,2026-07-13 04:30:07,0
TXN00001767,FAN_SIM_1766,MATCH003,1,0,FAILED,FILE_LOCK,2026-07-13 04:30:07,182
TXN00001736,FAN_SIM_1735,MATCH003,1,500000,FAILED,FILE_LOCK,2026-07-13 04:30:07,184
TXN00001740,FAN_SIM_1739,MATCH003,1,500000,FAILED,FILE_LOCK,2026-07-13 04:30:07,184
TXN00001735,FAN_SIM_1734,MATCH003,1,500000,FAILED,FILE_LOCK,2026-07-13 04:30:07,185
TXN00001727,FAN_SIM_1726,MATCH003,1,500000,FAILED,FILE_LOCK,2026-07-13 04:30:07,186
TXN00001788,FAN_SIM_1787,MATCH003,1,0,FAILED,FILE_LOCK,2026-07-13 04:30:07,66
TXN00001812,FAN_SIM_1811,MATCH003,1,0,FAILED,FILE_LOCK,2026-07-13 04:30:07,65
TXN00001813,FAN_SIM_1812,MATCH003,1,0,FAILED,FILE_LOCK,2026-07-13 04:30:07,65
TXN00001795,FAN_SIM_1794,MATCH003,1,0,FAILED,FILE_LOCK,2026-07-13 04:30:07,66
TXN00001787,FAN_SIM_1786,MATCH003,1,0,FAILED,FILE_LOCK,2026-07-13 04:30:07,67
TXN00001785,FAN_SIM_1784,MATCH003,1,0,FAILED,FILE_LOCK,2026-07-13 04:30:07,68
TXN00001815,FAN_SIM_1814,MATCH003,1,0,FAILED,FILE_LOCK,2026-07-13 04:30:07,64
TXN00001805,FAN_SIM_1804,MATCH003,1,0,FAILED,FILE_LOCK,2026-07-13 04:30:07,65
TXN00001802,FAN_SIM_1801,MATCH003,1,0,FAILED,FILE_LOCK,2026-07-13 04:30:07,65
TXN00001806,FAN_SIM_1805,MATCH003,1,0,FAILED,FILE_LOCK,2026-07-13 04:30:07,65
TXN00001803,FAN_SIM_1802,MATCH003,1,0,FAILED,FILE_LOCK,2026-07-13 04:30:07,65
TXN00001801,FAN_SIM_1800,MATCH003,1,0,FAILED,FILE_LOCK,2026-07-13 04:30:07,66
TXN00001804,FAN_SIM_1803,MATCH003,1,0,FAILED,FILE_LOCK,2026-07-13 04:30:07,65
TXN00001808,FAN_SIM_1807,MATCH003,1,0,FAILED,FILE_LOCK,2026-07-13 04:30:07,65
TXN00001797,FAN_SIM_1797,MATCH003,1,0,FAILED,FILE_LOCK,2026-07-13 04:30:07,67
TXN00001724,FAN_SIM_1723,MATCH003,1,500000,FAILED,FILE_LOCK,2026-07-13 04:30:07,257
TXN00001809,FAN_SIM_1808,MATCH003,1,0,FAILED,FILE_LOCK,2026-07-13 04:30:07,65
TXN00001756,FAN_SIM_1755,MATCH003,1,500000,FAILED,FILE_LOCK,2026-07-13 04:30:07,254
TXN00001790,FAN_SIM_1789,MATCH003,1,0,FAILED,FILE_LOCK,2026-07-13 04:30:07,67
TXN00001730,FAN_SIM_1729,MATCH003,1,500000,FAILED,FILE_LOCK,2026-07-13 04:30:07,255
TXN00001745,FAN_SIM_1744,MATCH003,1,500000,FAILED,FILE_LOCK,2026-07-13 04:30:07,255
TXN00001782,FAN_SIM_1781,MATCH003,1,500000,FAILED,FILE_LOCK,2026-07-13 04:30:07,231
TXN00001747,FAN_SIM_1746,MATCH003,1,500000,FAILED,FILE_LOCK,2026-07-13 04:30:07,255
TXN00001762,FAN_SIM_1761,MATCH003,1,500000,FAILED,FILE_LOCK,2026-07-13 04:30:07,254
TXN00001741,FAN_SIM_1740,MATCH003,1,500000,FAILED,FILE_LOCK,2026-07-13 04:30:07,257
TXN00001807,FAN_SIM_1806,MATCH003,1,0,FAILED,FILE_LOCK,2026-07-13 04:30:07,66
TXN00001734,FAN_SIM_1733,MATCH003,1,500000,FAILED,FILE_LOCK,2026-07-13 04:30:07,255
TXN00001746,FAN_SIM_1745,MATCH003,1,500000,FAILED,FILE_LOCK,2026-07-13 04:30:07,255
TXN00001791,FAN_SIM_1790,MATCH003,1,0,FAILED,FILE_LOCK,2026-07-13 04:30:07,66
TXN00001780,FAN_SIM_1779,MATCH003,1,500000,FAILED,FILE_LOCK,2026-07-13 04:30:07,232
TXN00001784,FAN_SIM_1783,MATCH003,1,0,FAILED,FILE_LOCK,2026-07-13 04:30:07,69
TXN00001750,FAN_SIM_1749,MATCH003,1,500000,FAILED,FILE_LOCK,2026-07-13 04:30:07,255
TXN00001720,FAN_SIM_1719,MATCH003,1,500000,FAILED,FILE_LOCK,2026-07-13 04:30:07,262
TXN00001789,FAN_SIM_1788,MATCH003,1,0,FAILED,FILE_LOCK,2026-07-13 04:30:07,66
TXN00001722,FAN_SIM_1721,MATCH003,1,500000,FAILED,FILE_LOCK,2026-07-13 04:30:07,258
TXN00001796,FAN_SIM_1795,MATCH003,1,0,FAILED,FILE_LOCK,2026-07-13 04:30:07,67
TXN00001792,FAN_SIM_1792,MATCH003,1,500000,FAILED,FILE_LOCK,2026-07-13 04:30:07,70
TXN00001811,FAN_SIM_1810,MATCH003,1,0,FAILED,FILE_LOCK,2026-07-13 04:30:07,66
TXN00001793,FAN_SIM_1793,MATCH003,1,0,FAILED,FILE_LOCK,2026-07-13 04:30:07,67
TXN00001743,FAN_SIM_1742,MATCH003,1,500000,FAILED,FILE_LOCK,2026-07-13 04:30:07,257
TXN00001800,FAN_SIM_1799,MATCH003,1,0,FAILED,FILE_LOCK,2026-07-13 04:30:07,67
TXN00001816,FAN_SIM_1815,MATCH003,1,0,FAILED,FILE_LOCK,2026-07-13 04:30:07,0
TXN00001794,FAN_SIM_1791,MATCH003,1,0,FAILED,FILE_LOCK,2026-07-13 04:30:07,67
TXN00001786,FAN_SIM_1785,MATCH003,1,0,FAILED,FILE_LOCK,2026-07-13 04:30:07,69
TXN00001814,FAN_SIM_1813,MATCH003,1,0,FAILED,FILE_LOCK,2026-07-13 04:30:07,64
TXN00001799,FAN_SIM_1796,MATCH003,1,0,FAILED,FILE_LOCK,2026-07-13 04:30:07,66
TXN00001798,FAN_SIM_1798,MATCH003,1,0,FAILED,FILE_LOCK,2026-07-13 04:30:07,66
TXN00001810,FAN_SIM_1809,MATCH003,1,0,FAILED,FILE_LOCK,2026-07-13 04:30:07,66
TXN00001760,FAN_SIM_1759,MATCH003,1,500000,FAILED,FILE_LOCK,2026-07-13 04:30:07,257
TXN00001726,FAN_SIM_1725,MATCH003,1,500000,FAILED,FILE_LOCK,2026-07-13 04:30:07,260
TXN00001719,FAN_SIM_1718,MATCH003,1,500000,FAILED,FILE_LOCK,2026-07-13 04:30:07,265
TXN00001766,FAN_SIM_1762,MATCH003,1,500000,FAILED,FILE_LOCK,2026-07-13 04:30:07,257
TXN00001733,FAN_SIM_1732,MATCH003,1,500000,FAILED,FILE_LOCK,2026-07-13 04:30:07,259
TXN00001817,FAN_SIM_1816,MATCH003,1,0,FAILED,FILE_LOCK,2026-07-13 04:30:07,2
TXN00001729,FAN_SIM_1728,MATCH003,1,500000,FAILED,FILE_LOCK,2026-07-13 04:30:07,261
TXN00001728,FAN_SIM_1727,MATCH003,1,500000,FAILED,FILE_LOCK,2026-07-13 04:30:07,260
TXN00001753,FAN_SIM_1752,MATCH003,1,500000,FAILED,FILE_LOCK,2026-07-13 04:30:07,260
TXN00001725,FAN_SIM_1724,MATCH003,1,500000,FAILED,FILE_LOCK,2026-07-13 04:30:07,262
TXN00001752,FAN_SIM_1751,MATCH003,1,500000,FAILED,FILE_LOCK,2026-07-13 04:30:07,260
TXN00001759,FAN_SIM_1758,MATCH003,1,500000,FAILED,FILE_LOCK,2026-07-13 04:30:07,259
TXN00001749,FAN_SIM_1748,MATCH003,1,500000,FAILED,FILE_LOCK,2026-07-13 04:30:07,264
TXN00001721,FAN_SIM_1720,MATCH003,1,500000,FAILED,FILE_LOCK,2026-07-13 04:30:07,270
TXN00001744,FAN_SIM_1743,MATCH003,1,500000,FAILED,FILE_LOCK,2026-07-13 04:30:07,265
TXN00001758,FAN_SIM_1757,MATCH003,1,500000,FAILED,FILE_LOCK,2026-07-13 04:30:07,264
TXN00001755,FAN_SIM_1754,MATCH003,1,500000,FAILED,FILE_LOCK,2026-07-13 04:30:07,265
TXN00001770,FAN_SIM_1768,MATCH003,1,500000,FAILED,FILE_LOCK,2026-07-13 04:30:07,264
TXN00001876,FAN_SIM_1875,MATCH003,1,0,FAILED,FILE_LOCK,2026-07-13 04:30:07,169
TXN00001877,FAN_SIM_1876,MATCH003,1,0,FAILED,FILE_LOCK,2026-07-13 04:30:07,169
TXN00001879,FAN_SIM_1878,MATCH003,1,0,FAILED,FILE_LOCK,2026-07-13 04:30:07,167
TXN00001878,FAN_SIM_1877,MATCH003,1,0,FAILED,FILE_LOCK,2026-07-13 04:30:07,169
TXN00001880,FAN_SIM_1879,MATCH003,1,0,FAILED,FILE_LOCK,2026-07-13 04:30:07,167
TXN00001821,FAN_SIM_1820,MATCH003,1,0,FAILED,FILE_LOCK,2026-07-13 04:30:07,174
TXN00001867,FAN_SIM_1866,MATCH003,1,0,FAILED,FILE_LOCK,2026-07-13 04:30:07,171
TXN00001856,FAN_SIM_1856,MATCH003,1,0,FAILED,FILE_LOCK,2026-07-13 04:30:07,172
TXN00001886,FAN_SIM_1885,MATCH003,1,0,FAILED,FILE_LOCK,2026-07-13 04:30:07,21
TXN00001885,FAN_SIM_1884,MATCH003,1,0,FAILED,FILE_LOCK,2026-07-13 04:30:07,21
TXN00001850,FAN_SIM_1850,MATCH003,1,0,FAILED,FILE_LOCK,2026-07-13 04:30:07,195
TXN00001874,FAN_SIM_1873,MATCH003,1,0,FAILED,FILE_LOCK,2026-07-13 04:30:07,193
TXN00001841,FAN_SIM_1840,MATCH003,1,0,FAILED,FILE_LOCK,2026-07-13 04:30:07,194
TXN00001844,FAN_SIM_1843,MATCH003,1,0,FAILED,FILE_LOCK,2026-07-13 04:30:07,195
TXN00001888,FAN_SIM_1887,MATCH003,1,0,FAILED,FILE_LOCK,2026-07-13 04:30:08,26
TXN00001863,FAN_SIM_1862,MATCH003,1,0,FAILED,FILE_LOCK,2026-07-13 04:30:08,199
TXN00001862,FAN_SIM_1847,MATCH003,1,0,FAILED,FILE_LOCK,2026-07-13 04:30:08,199
TXN00001892,FAN_SIM_1891,MATCH003,1,0,FAILED,FILE_LOCK,2026-07-13 04:30:08,1
TXN00001855,FAN_SIM_1855,MATCH003,1,0,FAILED,FILE_LOCK,2026-07-13 04:30:08,200
TXN00001853,FAN_SIM_1852,MATCH003,1,0,FAILED,FILE_LOCK,2026-07-13 04:30:08,200
TXN00001873,FAN_SIM_1872,MATCH003,1,0,FAILED,FILE_LOCK,2026-07-13 04:30:08,199
TXN00001881,FAN_SIM_1880,MATCH003,1,0,FAILED,FILE_LOCK,2026-07-13 04:30:08,195
TXN00001889,FAN_SIM_1888,MATCH003,1,0,FAILED,FILE_LOCK,2026-07-13 04:30:08,26
TXN00001891,FAN_SIM_1890,MATCH003,1,0,FAILED,FILE_LOCK,2026-07-13 04:30:08,1
TXN00001898,FAN_SIM_1897,MATCH003,1,0,FAILED,FILE_LOCK,2026-07-13 04:30:08,4
TXN00001854,FAN_SIM_1854,MATCH003,1,0,FAILED,FILE_LOCK,2026-07-13 04:30:08,205
TXN00001899,FAN_SIM_1898,MATCH003,1,0,FAILED,FILE_LOCK,2026-07-13 04:30:08,4
TXN00001849,FAN_SIM_1849,MATCH003,1,0,FAILED,FILE_LOCK,2026-07-13 04:30:08,205
TXN00001829,FAN_SIM_1828,MATCH003,1,0,FAILED,FILE_LOCK,2026-07-13 04:30:08,207
TXN00001900,FAN_SIM_1899,MATCH003,1,0,FAILED,FILE_LOCK,2026-07-13 04:30:08,6
TXN00001820,FAN_SIM_1819,MATCH003,1,500000,FAILED,FILE_LOCK,2026-07-13 04:30:08,210
TXN00001827,FAN_SIM_1826,MATCH003,1,500000,FAILED,FILE_LOCK,2026-07-13 04:30:08,348
TXN00001894,FAN_SIM_1893,MATCH003,1,0,FAILED,FILE_LOCK,2026-07-13 04:30:08,11
TXN00001897,FAN_SIM_1896,MATCH003,1,0,FAILED,FILE_LOCK,2026-07-13 04:30:08,146
TXN00001904,FAN_SIM_1903,MATCH003,1,0,FAILED,FILE_LOCK,2026-07-13 04:30:08,142
TXN00001893,FAN_SIM_1892,MATCH003,1,0,FAILED,FILE_LOCK,2026-07-13 04:30:08,147
TXN00001908,FAN_SIM_1907,MATCH003,1,0,FAILED,FILE_LOCK,2026-07-13 04:30:08,141
TXN00001909,FAN_SIM_1908,MATCH003,1,0,FAILED,FILE_LOCK,2026-07-13 04:30:08,142
TXN00001911,FAN_SIM_1910,MATCH003,1,0,FAILED,FILE_LOCK,2026-07-13 04:30:08,137
TXN00001906,FAN_SIM_1905,MATCH003,1,0,FAILED,FILE_LOCK,2026-07-13 04:30:08,143
TXN00001907,FAN_SIM_1906,MATCH003,1,0,FAILED,FILE_LOCK,2026-07-13 04:30:08,142
TXN00001901,FAN_SIM_1900,MATCH003,1,0,FAILED,FILE_LOCK,2026-07-13 04:30:08,146
TXN00001910,FAN_SIM_1909,MATCH003,1,0,FAILED,FILE_LOCK,2026-07-13 04:30:08,142
TXN00001866,FAN_SIM_1865,MATCH003,1,0,FAILED,FILE_LOCK,2026-07-13 04:30:08,347
TXN00001903,FAN_SIM_1902,MATCH003,1,0,FAILED,FILE_LOCK,2026-07-13 04:30:08,146
TXN00001840,FAN_SIM_1839,MATCH003,1,0,FAILED,FILE_LOCK,2026-07-13 04:30:08,348
TXN00001846,FAN_SIM_1845,MATCH003,1,0,FAILED,FILE_LOCK,2026-07-13 04:30:08,348
TXN00001838,FAN_SIM_1837,MATCH003,1,0,FAILED,FILE_LOCK,2026-07-13 04:30:08,349
TXN00001905,FAN_SIM_1904,MATCH003,1,0,FAILED,FILE_LOCK,2026-07-13 04:30:08,143
TXN00001887,FAN_SIM_1886,MATCH003,1,0,FAILED,FILE_LOCK,2026-07-13 04:30:08,174
TXN00001839,FAN_SIM_1838,MATCH003,1,0,FAILED,FILE_LOCK,2026-07-13 04:30:08,349
TXN00001912,FAN_SIM_1911,MATCH003,1,0,FAILED,FILE_LOCK,2026-07-13 04:30:08,1
TXN00001869,FAN_SIM_1868,MATCH003,1,0,FAILED,FILE_LOCK,2026-07-13 04:30:08,347
TXN00001870,FAN_SIM_1869,MATCH003,1,0,FAILED,FILE_LOCK,2026-07-13 04:30:08,347
TXN00001833,FAN_SIM_1832,MATCH003,1,0,FAILED,FILE_LOCK,2026-07-13 04:30:08,349
TXN00001843,FAN_SIM_1842,MATCH003,1,0,FAILED,FILE_LOCK,2026-07-13 04:30:08,348
TXN00001913,FAN_SIM_1912,MATCH003,1,0,FAILED,FILE_LOCK,2026-07-13 04:30:08,2
TXN00001902,FAN_SIM_1901,MATCH003,1,0,FAILED,FILE_LOCK,2026-07-13 04:30:08,146
TXN00001857,FAN_SIM_1857,MATCH003,1,0,FAILED,FILE_LOCK,2026-07-13 04:30:08,348
TXN00001834,FAN_SIM_1833,MATCH003,1,0,FAILED,FILE_LOCK,2026-07-13 04:30:08,349
TXN00001818,FAN_SIM_1817,MATCH003,1,0,FAILED,FILE_LOCK,2026-07-13 04:30:08,354
TXN00001837,FAN_SIM_1836,MATCH003,1,0,FAILED,FILE_LOCK,2026-07-13 04:30:08,350
TXN00001915,FAN_SIM_1914,MATCH003,1,0,FAILED,FILE_LOCK,2026-07-13 04:30:08,1
TXN00001832,FAN_SIM_1831,MATCH003,1,0,FAILED,FILE_LOCK,2026-07-13 04:30:08,350
TXN00001914,FAN_SIM_1913,MATCH003,1,0,FAILED,FILE_LOCK,2026-07-13 04:30:08,2
TXN00001918,FAN_SIM_1917,MATCH003,1,0,FAILED,FILE_LOCK,2026-07-13 04:30:08,0
TXN00001916,FAN_SIM_1915,MATCH003,1,0,FAILED,FILE_LOCK,2026-07-13 04:30:08,1
TXN00001917,FAN_SIM_1916,MATCH003,1,0,FAILED,FILE_LOCK,2026-07-13 04:30:08,0
TXN00001895,FAN_SIM_1894,MATCH003,1,0,FAILED,FILE_LOCK,2026-07-13 04:30:08,149
TXN00001845,FAN_SIM_1844,MATCH003,1,0,FAILED,FILE_LOCK,2026-07-13 04:30:08,349
TXN00001922,FAN_SIM_1921,MATCH003,1,0,FAILED,FILE_LOCK,2026-07-13 04:30:08,0
TXN00001920,FAN_SIM_1919,MATCH003,1,0,FAILED,FILE_LOCK,2026-07-13 04:30:08,1
TXN00001923,FAN_SIM_1922,MATCH003,1,0,FAILED,FILE_LOCK,2026-07-13 04:30:08,0
TXN00001921,FAN_SIM_1920,MATCH003,1,0,FAILED,FILE_LOCK,2026-07-13 04:30:08,1
TXN00001824,FAN_SIM_1823,MATCH003,1,500000,FAILED,FILE_LOCK,2026-07-13 04:30:08,352
TXN00001919,FAN_SIM_1918,MATCH003,1,0,FAILED,FILE_LOCK,2026-07-13 04:30:08,2
TXN00001924,FAN_SIM_1923,MATCH003,1,0,FAILED,FILE_LOCK,2026-07-13 04:30:08,0
TXN00001871,FAN_SIM_1870,MATCH003,1,0,FAILED,FILE_LOCK,2026-07-13 04:30:08,350
TXN00001819,FAN_SIM_1818,MATCH003,1,500000,FAILED,FILE_LOCK,2026-07-13 04:30:08,356
TXN00001830,FAN_SIM_1829,MATCH003,1,500000,FAILED,FILE_LOCK,2026-07-13 04:30:08,353
TXN00001865,FAN_SIM_1864,MATCH003,1,0,FAILED,FILE_LOCK,2026-07-13 04:30:08,351
TXN00001848,FAN_SIM_1848,MATCH003,1,500000,FAILED,FILE_LOCK,2026-07-13 04:30:08,352
TXN00001859,FAN_SIM_1859,MATCH003,1,500000,FAILED,FILE_LOCK,2026-07-13 04:30:08,352
TXN00001928,FAN_SIM_1927,MATCH003,1,0,FAILED,FILE_LOCK,2026-07-13 04:30:08,1
TXN00001831,FAN_SIM_1830,MATCH003,1,500000,FAILED,FILE_LOCK,2026-07-13 04:30:08,353
TXN00001861,FAN_SIM_1861,MATCH003,1,500000,FAILED,FILE_LOCK,2026-07-13 04:30:08,352
TXN00001868,FAN_SIM_1867,MATCH003,1,0,FAILED,FILE_LOCK,2026-07-13 04:30:08,351
TXN00001896,FAN_SIM_1895,MATCH003,1,0,FAILED,FILE_LOCK,2026-07-13 04:30:08,151
TXN00001925,FAN_SIM_1924,MATCH003,1,0,FAILED,FILE_LOCK,2026-07-13 04:30:08,1
TXN00001884,FAN_SIM_1883,MATCH003,1,500000,FAILED,FILE_LOCK,2026-07-13 04:30:08,180
TXN00001930,FAN_SIM_1929,MATCH003,1,0,FAILED,FILE_LOCK,2026-07-13 04:30:08,1
TXN00001890,FAN_SIM_1889,MATCH003,1,500000,FAILED,FILE_LOCK,2026-07-13 04:30:08,159
TXN00001931,FAN_SIM_1930,MATCH003,1,0,FAILED,FILE_LOCK,2026-07-13 04:30:08,1
TXN00001823,FAN_SIM_1822,MATCH003,1,500000,FAILED,FILE_LOCK,2026-07-13 04:30:08,354
TXN00001826,FAN_SIM_1824,MATCH003,1,500000,FAILED,FILE_LOCK,2026-07-13 04:30:08,354
TXN00001927,FAN_SIM_1926,MATCH003,1,0,FAILED,FILE_LOCK,2026-07-13 04:30:08,1
TXN00001875,FAN_SIM_1874,MATCH003,1,500000,FAILED,FILE_LOCK,2026-07-13 04:30:08,350
TXN00001825,FAN_SIM_1825,MATCH003,1,500000,FAILED,FILE_LOCK,2026-07-13 04:30:08,353
TXN00001872,FAN_SIM_1871,MATCH003,1,500000,FAILED,FILE_LOCK,2026-07-13 04:30:08,352
TXN00001929,FAN_SIM_1928,MATCH003,1,0,FAILED,FILE_LOCK,2026-07-13 04:30:08,2
TXN00001932,FAN_SIM_1931,MATCH003,1,0,FAILED,FILE_LOCK,2026-07-13 04:30:08,1
TXN00001926,FAN_SIM_1925,MATCH003,1,0,FAILED,FILE_LOCK,2026-07-13 04:30:08,1
TXN00001864,FAN_SIM_1863,MATCH003,1,500000,FAILED,FILE_LOCK,2026-07-13 04:30:08,352
TXN00001938,FAN_SIM_1937,MATCH003,1,0,FAILED,FILE_LOCK,2026-07-13 04:30:08,1
TXN00001937,FAN_SIM_1936,MATCH003,1,0,FAILED,FILE_LOCK,2026-07-13 04:30:08,1
TXN00001939,FAN_SIM_1938,MATCH003,1,0,FAILED,FILE_LOCK,2026-07-13 04:30:08,0
TXN00001944,FAN_SIM_1943,MATCH003,1,0,FAILED,FILE_LOCK,2026-07-13 04:30:08,1
TXN00001883,FAN_SIM_1882,MATCH003,1,500000,FAILED,FILE_LOCK,2026-07-13 04:30:08,181
TXN00001860,FAN_SIM_1860,MATCH003,1,500000,FAILED,FILE_LOCK,2026-07-13 04:30:08,354
TXN00001934,FAN_SIM_1933,MATCH003,1,0,FAILED,FILE_LOCK,2026-07-13 04:30:08,2
TXN00001941,FAN_SIM_1940,MATCH003,1,0,FAILED,FILE_LOCK,2026-07-13 04:30:08,1
TXN00001936,FAN_SIM_1935,MATCH003,1,0,FAILED,FILE_LOCK,2026-07-13 04:30:08,2
TXN00001950,FAN_SIM_1949,MATCH003,1,0,FAILED,FILE_LOCK,2026-07-13 04:30:08,1
TXN00001933,FAN_SIM_1932,MATCH003,1,0,FAILED,FILE_LOCK,2026-07-13 04:30:08,2
TXN00001940,FAN_SIM_1939,MATCH003,1,0,FAILED,FILE_LOCK,2026-07-13 04:30:08,1
TXN00001935,FAN_SIM_1934,MATCH003,1,0,FAILED,FILE_LOCK,2026-07-13 04:30:08,2
TXN00001943,FAN_SIM_1942,MATCH003,1,0,FAILED,FILE_LOCK,2026-07-13 04:30:08,1
TXN00001942,FAN_SIM_1941,MATCH003,1,0,FAILED,FILE_LOCK,2026-07-13 04:30:08,1
TXN00001851,FAN_SIM_1851,MATCH003,1,500000,FAILED,FILE_LOCK,2026-07-13 04:30:08,354
TXN00001948,FAN_SIM_1947,MATCH003,1,0,FAILED,FILE_LOCK,2026-07-13 04:30:08,2
TXN00001882,FAN_SIM_1881,MATCH003,1,500000,FAILED,FILE_LOCK,2026-07-13 04:30:08,183
TXN00001952,FAN_SIM_1951,MATCH003,1,0,FAILED,FILE_LOCK,2026-07-13 04:30:08,1
TXN00001949,FAN_SIM_1948,MATCH003,1,0,FAILED,FILE_LOCK,2026-07-13 04:30:08,1
TXN00001835,FAN_SIM_1834,MATCH003,1,500000,FAILED,FILE_LOCK,2026-07-13 04:30:08,355
TXN00001951,FAN_SIM_1950,MATCH003,1,0,FAILED,FILE_LOCK,2026-07-13 04:30:08,1
TXN00001947,FAN_SIM_1946,MATCH003,1,0,FAILED,FILE_LOCK,2026-07-13 04:30:08,1
TXN00001945,FAN_SIM_1944,MATCH003,1,0,FAILED,FILE_LOCK,2026-07-13 04:30:08,1
TXN00001946,FAN_SIM_1945,MATCH003,1,0,FAILED,FILE_LOCK,2026-07-13 04:30:08,1
TXN00001852,FAN_SIM_1853,MATCH003,1,500000,FAILED,FILE_LOCK,2026-07-13 04:30:08,354
TXN00001828,FAN_SIM_1827,MATCH003,1,500000,FAILED,FILE_LOCK,2026-07-13 04:30:08,355
TXN00001822,FAN_SIM_1821,MATCH003,1,500000,FAILED,FILE_LOCK,2026-07-13 04:30:08,369
TXN00001836,FAN_SIM_1835,MATCH003,1,500000,FAILED,FILE_LOCK,2026-07-13 04:30:08,394
TXN00001842,FAN_SIM_1841,MATCH003,1,500000,FAILED,FILE_LOCK,2026-07-13 04:30:08,395
TXN00001858,FAN_SIM_1858,MATCH003,1,500000,FAILED,FILE_LOCK,2026-07-13 04:30:08,396
TXN00001847,FAN_SIM_1846,MATCH003,1,500000,FAILED,FILE_LOCK,2026-07-13 04:30:08,397
TXN00001985,FAN_SIM_1984,MATCH003,1,0,FAILED,FILE_LOCK,2026-07-13 04:30:08,131
TXN00002010,FAN_SIM_2009,MATCH003,1,0,FAILED,FILE_LOCK,2026-07-13 04:30:08,124
TXN00002009,FAN_SIM_2008,MATCH003,1,0,FAILED,FILE_LOCK,2026-07-13 04:30:08,127
TXN00002003,FAN_SIM_2002,MATCH003,1,0,FAILED,FILE_LOCK,2026-07-13 04:30:08,128
TXN00002007,FAN_SIM_2006,MATCH003,1,0,FAILED,FILE_LOCK,2026-07-13 04:30:08,128
TXN00001975,FAN_SIM_1974,MATCH003,1,0,FAILED,FILE_LOCK,2026-07-13 04:30:08,131
TXN00001988,FAN_SIM_1987,MATCH003,1,0,FAILED,FILE_LOCK,2026-07-13 04:30:08,130
TXN00002012,FAN_SIM_2011,MATCH003,1,0,FAILED,FILE_LOCK,2026-07-13 04:30:08,122
TXN00002008,FAN_SIM_2007,MATCH003,1,0,FAILED,FILE_LOCK,2026-07-13 04:30:08,127
TXN00002005,FAN_SIM_2004,MATCH003,1,0,FAILED,FILE_LOCK,2026-07-13 04:30:08,128
TXN00002011,FAN_SIM_2010,MATCH003,1,0,FAILED,FILE_LOCK,2026-07-13 04:30:08,123
TXN00002002,FAN_SIM_2001,MATCH003,1,0,FAILED,FILE_LOCK,2026-07-13 04:30:08,129
TXN00001991,FAN_SIM_1991,MATCH003,1,0,FAILED,FILE_LOCK,2026-07-13 04:30:08,130
TXN00001982,FAN_SIM_1981,MATCH003,1,0,FAILED,FILE_LOCK,2026-07-13 04:30:08,131
TXN00001976,FAN_SIM_1975,MATCH003,1,0,FAILED,FILE_LOCK,2026-07-13 04:30:08,131
TXN00001993,FAN_SIM_1990,MATCH003,1,0,FAILED,FILE_LOCK,2026-07-13 04:30:08,130
TXN00002006,FAN_SIM_2005,MATCH003,1,0,FAILED,FILE_LOCK,2026-07-13 04:30:08,128
TXN00001974,FAN_SIM_1973,MATCH003,1,0,FAILED,FILE_LOCK,2026-07-13 04:30:08,131
TXN00001977,FAN_SIM_1976,MATCH003,1,0,FAILED,FILE_LOCK,2026-07-13 04:30:08,131
TXN00001989,FAN_SIM_1988,MATCH003,1,0,FAILED,FILE_LOCK,2026-07-13 04:30:08,130
TXN00001970,FAN_SIM_1969,MATCH003,1,0,FAILED,FILE_LOCK,2026-07-13 04:30:08,131
TXN00001966,FAN_SIM_1965,MATCH003,1,500000,FAILED,FILE_LOCK,2026-07-13 04:30:08,131
TXN00002004,FAN_SIM_2003,MATCH003,1,0,FAILED,FILE_LOCK,2026-07-13 04:30:08,128
TXN00001961,FAN_SIM_1960,MATCH003,1,0,FAILED,FILE_LOCK,2026-07-13 04:30:08,132
TXN00001983,FAN_SIM_1982,MATCH003,1,0,FAILED,FILE_LOCK,2026-07-13 04:30:08,131
TXN00001998,FAN_SIM_1997,MATCH003,1,0,FAILED,FILE_LOCK,2026-07-13 04:30:08,130
TXN00002017,FAN_SIM_2016,MATCH003,1,0,FAILED,FILE_LOCK,2026-07-13 04:30:08,1
TXN00001995,FAN_SIM_1994,MATCH003,1,0,FAILED,FILE_LOCK,2026-07-13 04:30:08,131
TXN00002015,FAN_SIM_2014,MATCH003,1,0,FAILED,FILE_LOCK,2026-07-13 04:30:08,93
TXN00001990,FAN_SIM_1989,MATCH003,1,0,FAILED,FILE_LOCK,2026-07-13 04:30:08,130
TXN00002022,FAN_SIM_2021,MATCH003,1,0,FAILED,FILE_LOCK,2026-07-13 04:30:08,1
TXN00002013,FAN_SIM_2012,MATCH003,1,0,FAILED,FILE_LOCK,2026-07-13 04:30:08,98
TXN00002001,FAN_SIM_2000,MATCH003,1,0,FAILED,FILE_LOCK,2026-07-13 04:30:08,130
TXN00002014,FAN_SIM_2013,MATCH003,1,0,FAILED,FILE_LOCK,2026-07-13 04:30:08,94
TXN00001984,FAN_SIM_1983,MATCH003,1,0,FAILED,FILE_LOCK,2026-07-13 04:30:08,131
TXN00001973,FAN_SIM_1972,MATCH003,1,500000,FAILED,FILE_LOCK,2026-07-13 04:30:08,133
TXN00001992,FAN_SIM_1992,MATCH003,1,0,FAILED,FILE_LOCK,2026-07-13 04:30:08,130
TXN00002018,FAN_SIM_2017,MATCH003,1,0,FAILED,FILE_LOCK,2026-07-13 04:30:08,1
TXN00001969,FAN_SIM_1968,MATCH003,1,0,FAILED,FILE_LOCK,2026-07-13 04:30:08,132
TXN00001980,FAN_SIM_1979,MATCH003,1,0,FAILED,FILE_LOCK,2026-07-13 04:30:08,131
TXN00002019,FAN_SIM_2018,MATCH003,1,0,FAILED,FILE_LOCK,2026-07-13 04:30:08,1
TXN00002016,FAN_SIM_2015,MATCH003,1,0,FAILED,FILE_LOCK,2026-07-13 04:30:08,94
TXN00002020,FAN_SIM_2019,MATCH003,1,0,FAILED,FILE_LOCK,2026-07-13 04:30:08,1
TXN00001979,FAN_SIM_1978,MATCH003,1,500000,FAILED,FILE_LOCK,2026-07-13 04:30:08,134
TXN00002021,FAN_SIM_2020,MATCH003,1,0,FAILED,FILE_LOCK,2026-07-13 04:30:08,1
TXN00002024,FAN_SIM_2023,MATCH003,1,0,FAILED,FILE_LOCK,2026-07-13 04:30:08,0
TXN00001981,FAN_SIM_1980,MATCH003,1,500000,FAILED,FILE_LOCK,2026-07-13 04:30:08,135
TXN00002023,FAN_SIM_2022,MATCH003,1,0,FAILED,FILE_LOCK,2026-07-13 04:30:08,1
TXN00001968,FAN_SIM_1967,MATCH003,1,500000,FAILED,FILE_LOCK,2026-07-13 04:30:08,137
TXN00002025,FAN_SIM_2024,MATCH003,1,0,FAILED,FILE_LOCK,2026-07-13 04:30:08,0
TXN00002027,FAN_SIM_2026,MATCH003,1,0,FAILED,FILE_LOCK,2026-07-13 04:30:08,1
TXN00002028,FAN_SIM_2027,MATCH003,1,0,FAILED,FILE_LOCK,2026-07-13 04:30:08,0
TXN00002026,FAN_SIM_2025,MATCH003,1,0,FAILED,FILE_LOCK,2026-07-13 04:30:08,1
TXN00001994,FAN_SIM_1993,MATCH003,1,500000,FAILED,FILE_LOCK,2026-07-13 04:30:08,137
TXN00002030,FAN_SIM_2029,MATCH003,1,0,FAILED,FILE_LOCK,2026-07-13 04:30:08,1
TXN00001956,FAN_SIM_1955,MATCH003,1,500000,FAILED,FILE_LOCK,2026-07-13 04:30:08,141
TXN00001955,FAN_SIM_1954,MATCH003,1,500000,FAILED,FILE_LOCK,2026-07-13 04:30:08,141
TXN00001953,FAN_SIM_1952,MATCH003,1,500000,FAILED,FILE_LOCK,2026-07-13 04:30:08,144
TXN00002029,FAN_SIM_2028,MATCH003,1,0,FAILED,FILE_LOCK,2026-07-13 04:30:08,2
TXN00001954,FAN_SIM_1953,MATCH003,1,500000,FAILED,FILE_LOCK,2026-07-13 04:30:08,144
TXN00002033,FAN_SIM_2032,MATCH003,1,0,FAILED,FILE_LOCK,2026-07-13 04:30:08,2
TXN00001986,FAN_SIM_1985,MATCH003,1,500000,FAILED,FILE_LOCK,2026-07-13 04:30:08,139
TXN00002037,FAN_SIM_2036,MATCH003,1,0,FAILED,FILE_LOCK,2026-07-13 04:30:08,1
TXN00002032,FAN_SIM_2031,MATCH003,1,0,FAILED,FILE_LOCK,2026-07-13 04:30:08,2
TXN00002035,FAN_SIM_2034,MATCH003,1,0,FAILED,FILE_LOCK,2026-07-13 04:30:08,1
TXN00002034,FAN_SIM_2033,MATCH003,1,0,FAILED,FILE_LOCK,2026-07-13 04:30:08,2
TXN00002036,FAN_SIM_2035,MATCH003,1,0,FAILED,FILE_LOCK,2026-07-13 04:30:08,1
TXN00001972,FAN_SIM_1971,MATCH003,1,500000,FAILED,FILE_LOCK,2026-07-13 04:30:08,139
TXN00002039,FAN_SIM_2038,MATCH003,1,0,FAILED,FILE_LOCK,2026-07-13 04:30:08,1
TXN00002038,FAN_SIM_2037,MATCH003,1,0,FAILED,FILE_LOCK,2026-07-13 04:30:08,1
TXN00002031,FAN_SIM_2030,MATCH003,1,0,FAILED,FILE_LOCK,2026-07-13 04:30:08,2
TXN00002040,FAN_SIM_2039,MATCH003,1,0,FAILED,FILE_LOCK,2026-07-13 04:30:08,1
TXN00002041,FAN_SIM_2040,MATCH003,1,0,FAILED,FILE_LOCK,2026-07-13 04:30:08,0
TXN00001978,FAN_SIM_1977,MATCH003,1,500000,FAILED,FILE_LOCK,2026-07-13 04:30:08,139
TXN00001971,FAN_SIM_1970,MATCH003,1,500000,FAILED,FILE_LOCK,2026-07-13 04:30:08,140
TXN00001963,FAN_SIM_1962,MATCH003,1,500000,FAILED,FILE_LOCK,2026-07-13 04:30:08,141
TXN00001962,FAN_SIM_1961,MATCH003,1,500000,FAILED,FILE_LOCK,2026-07-13 04:30:08,140
TXN00001996,FAN_SIM_1995,MATCH003,1,500000,FAILED,FILE_LOCK,2026-07-13 04:30:08,138
TXN00001999,FAN_SIM_1998,MATCH003,1,500000,FAILED,FILE_LOCK,2026-07-13 04:30:08,139
TXN00001997,FAN_SIM_1996,MATCH003,1,500000,FAILED,FILE_LOCK,2026-07-13 04:30:08,139
TXN00001958,FAN_SIM_1957,MATCH003,1,500000,FAILED,FILE_LOCK,2026-07-13 04:30:08,142
TXN00001957,FAN_SIM_1956,MATCH003,1,500000,FAILED,FILE_LOCK,2026-07-13 04:30:08,142
TXN00001959,FAN_SIM_1958,MATCH003,1,500000,FAILED,FILE_LOCK,2026-07-13 04:30:08,142
TXN00002000,FAN_SIM_1999,MATCH003,1,500000,FAILED,FILE_LOCK,2026-07-13 04:30:08,140
TXN00001965,FAN_SIM_1964,MATCH003,1,500000,FAILED,FILE_LOCK,2026-07-13 04:30:08,142
TXN00001967,FAN_SIM_1966,MATCH003,1,500000,FAILED,FILE_LOCK,2026-07-13 04:30:08,142
TXN00001964,FAN_SIM_1963,MATCH003,1,500000,FAILED,FILE_LOCK,2026-07-13 04:30:08,144
TXN00001960,FAN_SIM_1959,MATCH003,1,500000,FAILED,FILE_LOCK,2026-07-13 04:30:08,149
TXN00001987,FAN_SIM_1986,MATCH003,1,500000,FAILED,FILE_LOCK,2026-07-13 04:30:08,150
TXN00002065,FAN_SIM_2064,MATCH003,1,0,FAILED,FILE_LOCK,2026-07-13 04:30:08,184
TXN00002056,FAN_SIM_2055,MATCH003,1,0,FAILED,FILE_LOCK,2026-07-13 04:30:08,184
TXN00002067,FAN_SIM_2066,MATCH003,1,0,FAILED,FILE_LOCK,2026-07-13 04:30:08,183
TXN00002073,FAN_SIM_2072,MATCH003,1,0,FAILED,FILE_LOCK,2026-07-13 04:30:08,183
TXN00002076,FAN_SIM_2075,MATCH003,1,0,FAILED,FILE_LOCK,2026-07-13 04:30:08,183
TXN00002096,FAN_SIM_2096,MATCH003,1,0,FAILED,FILE_LOCK,2026-07-13 04:30:08,183
TXN00002069,FAN_SIM_2068,MATCH003,1,0,FAILED,FILE_LOCK,2026-07-13 04:30:08,183
TXN00002070,FAN_SIM_2069,MATCH003,1,0,FAILED,FILE_LOCK,2026-07-13 04:30:08,184
TXN00002100,FAN_SIM_2099,MATCH003,1,0,FAILED,FILE_LOCK,2026-07-13 04:30:08,181
TXN00002080,FAN_SIM_2079,MATCH003,1,0,FAILED,FILE_LOCK,2026-07-13 04:30:08,183
TXN00002097,FAN_SIM_2094,MATCH003,1,0,FAILED,FILE_LOCK,2026-07-13 04:30:08,182
TXN00002108,FAN_SIM_2107,MATCH003,1,0,FAILED,FILE_LOCK,2026-07-13 04:30:08,1
TXN00002077,FAN_SIM_2076,MATCH003,1,0,FAILED,FILE_LOCK,2026-07-13 04:30:08,183
TXN00002106,FAN_SIM_2105,MATCH003,1,0,FAILED,FILE_LOCK,2026-07-13 04:30:08,1
TXN00002081,FAN_SIM_2080,MATCH003,1,0,FAILED,FILE_LOCK,2026-07-13 04:30:08,184
TXN00002071,FAN_SIM_2070,MATCH003,1,0,FAILED,FILE_LOCK,2026-07-13 04:30:08,184
TXN00002102,FAN_SIM_2101,MATCH003,1,0,FAILED,FILE_LOCK,2026-07-13 04:30:08,182
TXN00002101,FAN_SIM_2100,MATCH003,1,0,FAILED,FILE_LOCK,2026-07-13 04:30:08,181
TXN00002107,FAN_SIM_2106,MATCH003,1,0,FAILED,FILE_LOCK,2026-07-13 04:30:08,1
TXN00002049,FAN_SIM_2048,MATCH003,1,500000,FAILED,FILE_LOCK,2026-07-13 04:30:08,190
TXN00002043,FAN_SIM_2042,MATCH003,1,500000,FAILED,FILE_LOCK,2026-07-13 04:30:08,198
TXN00002083,FAN_SIM_2081,MATCH003,1,500000,FAILED,FILE_LOCK,2026-07-13 04:30:08,193
TXN00002111,FAN_SIM_2110,MATCH003,1,0,FAILED,FILE_LOCK,2026-07-13 04:30:08,28
TXN00002115,FAN_SIM_2114,MATCH003,1,0,FAILED,FILE_LOCK,2026-07-13 04:30:08,28
TXN00002116,FAN_SIM_2115,MATCH003,1,0,FAILED,FILE_LOCK,2026-07-13 04:30:08,28
TXN00002117,FAN_SIM_2116,MATCH003,1,0,FAILED,FILE_LOCK,2026-07-13 04:30:08,28
TXN00002110,FAN_SIM_2109,MATCH003,1,0,FAILED,FILE_LOCK,2026-07-13 04:30:08,29
TXN00002118,FAN_SIM_2117,MATCH003,1,0,FAILED,FILE_LOCK,2026-07-13 04:30:08,28
TXN00002124,FAN_SIM_2123,MATCH003,1,0,FAILED,FILE_LOCK,2026-07-13 04:30:08,26
TXN00002114,FAN_SIM_2113,MATCH003,1,0,FAILED,FILE_LOCK,2026-07-13 04:30:08,28
TXN00002113,FAN_SIM_2112,MATCH003,1,0,FAILED,FILE_LOCK,2026-07-13 04:30:08,28
TXN00002109,FAN_SIM_2108,MATCH003,1,0,FAILED,FILE_LOCK,2026-07-13 04:30:08,29
TXN00002127,FAN_SIM_2126,MATCH003,1,0,FAILED,FILE_LOCK,2026-07-13 04:30:08,21
TXN00002121,FAN_SIM_2120,MATCH003,1,0,FAILED,FILE_LOCK,2026-07-13 04:30:08,28
TXN00002125,FAN_SIM_2124,MATCH003,1,0,FAILED,FILE_LOCK,2026-07-13 04:30:08,27
TXN00002126,FAN_SIM_2125,MATCH003,1,0,FAILED,FILE_LOCK,2026-07-13 04:30:08,21
TXN00002123,FAN_SIM_2122,MATCH003,1,0,FAILED,FILE_LOCK,2026-07-13 04:30:08,27
TXN00002122,FAN_SIM_2121,MATCH003,1,0,FAILED,FILE_LOCK,2026-07-13 04:30:08,28
TXN00002120,FAN_SIM_2119,MATCH003,1,0,FAILED,FILE_LOCK,2026-07-13 04:30:08,29
TXN00002128,FAN_SIM_2127,MATCH003,1,0,FAILED,FILE_LOCK,2026-07-13 04:30:08,1
TXN00002134,FAN_SIM_2133,MATCH003,1,0,FAILED,FILE_LOCK,2026-07-13 04:30:08,0
TXN00002131,FAN_SIM_2130,MATCH003,1,0,FAILED,FILE_LOCK,2026-07-13 04:30:08,2
TXN00002130,FAN_SIM_2129,MATCH003,1,0,FAILED,FILE_LOCK,2026-07-13 04:30:08,2
TXN00002136,FAN_SIM_2135,MATCH003,1,0,FAILED,FILE_LOCK,2026-07-13 04:30:08,1
TXN00002129,FAN_SIM_2128,MATCH003,1,0,FAILED,FILE_LOCK,2026-07-13 04:30:08,2
TXN00002132,FAN_SIM_2131,MATCH003,1,0,FAILED,FILE_LOCK,2026-07-13 04:30:08,1
TXN00002119,FAN_SIM_2118,MATCH003,1,0,FAILED,FILE_LOCK,2026-07-13 04:30:08,31
TXN00002137,FAN_SIM_2136,MATCH003,1,0,FAILED,FILE_LOCK,2026-07-13 04:30:08,1
TXN00002133,FAN_SIM_2132,MATCH003,1,0,FAILED,FILE_LOCK,2026-07-13 04:30:08,1
TXN00002135,FAN_SIM_2134,MATCH003,1,0,FAILED,FILE_LOCK,2026-07-13 04:30:08,1
TXN00002138,FAN_SIM_2137,MATCH003,1,0,FAILED,FILE_LOCK,2026-07-13 04:30:08,1
TXN00002139,FAN_SIM_2138,MATCH003,1,0,FAILED,FILE_LOCK,2026-07-13 04:30:08,1
TXN00002145,FAN_SIM_2144,MATCH003,1,0,FAILED,FILE_LOCK,2026-07-13 04:30:08,1
TXN00002144,FAN_SIM_2143,MATCH003,1,0,FAILED,FILE_LOCK,2026-07-13 04:30:08,1
TXN00002146,FAN_SIM_2145,MATCH003,1,0,FAILED,FILE_LOCK,2026-07-13 04:30:08,1
TXN00002147,FAN_SIM_2146,MATCH003,1,0,FAILED,FILE_LOCK,2026-07-13 04:30:08,1
TXN00002042,FAN_SIM_2041,MATCH003,1,500000,FAILED,FILE_LOCK,2026-07-13 04:30:08,223
TXN00002143,FAN_SIM_2142,MATCH003,1,0,FAILED,FILE_LOCK,2026-07-13 04:30:08,1
TXN00002142,FAN_SIM_2141,MATCH003,1,0,FAILED,FILE_LOCK,2026-07-13 04:30:08,1
TXN00002140,FAN_SIM_2139,MATCH003,1,0,FAILED,FILE_LOCK,2026-07-13 04:30:08,2
TXN00002141,FAN_SIM_2140,MATCH003,1,0,FAILED,FILE_LOCK,2026-07-13 04:30:08,1
TXN00002047,FAN_SIM_2046,MATCH003,1,500000,FAILED,FILE_LOCK,2026-07-13 04:30:08,222
TXN00002082,FAN_SIM_2082,MATCH003,1,500000,FAILED,FILE_LOCK,2026-07-13 04:30:08,220
TXN00002074,FAN_SIM_2073,MATCH003,1,500000,FAILED,FILE_LOCK,2026-07-13 04:30:08,220
TXN00002153,FAN_SIM_2152,MATCH003,1,0,FAILED,FILE_LOCK,2026-07-13 04:30:08,0
TXN00002090,FAN_SIM_2089,MATCH003,1,500000,FAILED,FILE_LOCK,2026-07-13 04:30:08,219
TXN00002093,FAN_SIM_2092,MATCH003,1,500000,FAILED,FILE_LOCK,2026-07-13 04:30:08,219
TXN00002052,FAN_SIM_2051,MATCH003,1,500000,FAILED,FILE_LOCK,2026-07-13 04:30:08,222
TXN00002072,FAN_SIM_2071,MATCH003,1,500000,FAILED,FILE_LOCK,2026-07-13 04:30:08,220
TXN00002152,FAN_SIM_2151,MATCH003,1,0,FAILED,FILE_LOCK,2026-07-13 04:30:08,1
TXN00002050,FAN_SIM_2050,MATCH003,1,500000,FAILED,FILE_LOCK,2026-07-13 04:30:08,222
TXN00002150,FAN_SIM_2149,MATCH003,1,0,FAILED,FILE_LOCK,2026-07-13 04:30:08,0
TXN00002087,FAN_SIM_2086,MATCH003,1,500000,FAILED,FILE_LOCK,2026-07-13 04:30:08,219
TXN00002148,FAN_SIM_2147,MATCH003,1,0,FAILED,FILE_LOCK,2026-07-13 04:30:08,1
TXN00002061,FAN_SIM_2060,MATCH003,1,500000,FAILED,FILE_LOCK,2026-07-13 04:30:08,221
TXN00002151,FAN_SIM_2150,MATCH003,1,0,FAILED,FILE_LOCK,2026-07-13 04:30:08,0
TXN00002154,FAN_SIM_2153,MATCH003,1,0,FAILED,FILE_LOCK,2026-07-13 04:30:08,0
TXN00002149,FAN_SIM_2148,MATCH003,1,0,FAILED,FILE_LOCK,2026-07-13 04:30:08,1
TXN00002084,FAN_SIM_2083,MATCH003,1,500000,FAILED,FILE_LOCK,2026-07-13 04:30:08,221
TXN00002063,FAN_SIM_2062,MATCH003,1,500000,FAILED,FILE_LOCK,2026-07-13 04:30:08,223
TXN00002105,FAN_SIM_2104,MATCH003,1,500000,FAILED,FILE_LOCK,2026-07-13 04:30:08,215
TXN00002092,FAN_SIM_2091,MATCH003,1,500000,FAILED,FILE_LOCK,2026-07-13 04:30:08,220
TXN00002094,FAN_SIM_2093,MATCH003,1,500000,FAILED,FILE_LOCK,2026-07-13 04:30:08,220
TXN00002062,FAN_SIM_2061,MATCH003,1,500000,FAILED,FILE_LOCK,2026-07-13 04:30:08,223
TXN00002053,FAN_SIM_2052,MATCH003,1,500000,FAILED,FILE_LOCK,2026-07-13 04:30:08,224
TXN00002054,FAN_SIM_2053,MATCH003,1,500000,FAILED,FILE_LOCK,2026-07-13 04:30:08,224
TXN00002091,FAN_SIM_2090,MATCH003,1,500000,FAILED,FILE_LOCK,2026-07-13 04:30:08,220
TXN00002057,FAN_SIM_2056,MATCH003,1,500000,FAILED,FILE_LOCK,2026-07-13 04:30:08,221
TXN00002055,FAN_SIM_2054,MATCH003,1,500000,FAILED,FILE_LOCK,2026-07-13 04:30:08,221
TXN00002060,FAN_SIM_2059,MATCH003,1,500000,FAILED,FILE_LOCK,2026-07-13 04:30:08,225
TXN00002066,FAN_SIM_2065,MATCH003,1,500000,FAILED,FILE_LOCK,2026-07-13 04:30:08,225
TXN00002068,FAN_SIM_2067,MATCH003,1,500000,FAILED,FILE_LOCK,2026-07-13 04:30:08,224
TXN00002058,FAN_SIM_2057,MATCH003,1,500000,FAILED,FILE_LOCK,2026-07-13 04:30:08,226
TXN00002088,FAN_SIM_2087,MATCH003,1,500000,FAILED,FILE_LOCK,2026-07-13 04:30:08,222
TXN00002158,FAN_SIM_2157,MATCH003,1,0,FAILED,FILE_LOCK,2026-07-13 04:30:08,1
TXN00002095,FAN_SIM_2095,MATCH003,1,500000,FAILED,FILE_LOCK,2026-07-13 04:30:08,222
TXN00002045,FAN_SIM_2044,MATCH003,1,500000,FAILED,FILE_LOCK,2026-07-13 04:30:08,227
TXN00002157,FAN_SIM_2156,MATCH003,1,0,FAILED,FILE_LOCK,2026-07-13 04:30:08,2
TXN00002059,FAN_SIM_2058,MATCH003,1,500000,FAILED,FILE_LOCK,2026-07-13 04:30:08,224
TXN00002156,FAN_SIM_2155,MATCH003,1,0,FAILED,FILE_LOCK,2026-07-13 04:30:08,2
TXN00002155,FAN_SIM_2154,MATCH003,1,0,FAILED,FILE_LOCK,2026-07-13 04:30:08,2
TXN00002089,FAN_SIM_2088,MATCH003,1,500000,FAILED,FILE_LOCK,2026-07-13 04:30:08,222
TXN00002098,FAN_SIM_2097,MATCH003,1,500000,FAILED,FILE_LOCK,2026-07-13 04:30:08,223
TXN00002044,FAN_SIM_2043,MATCH003,1,500000,FAILED,FILE_LOCK,2026-07-13 04:30:08,228
TXN00002112,FAN_SIM_2111,MATCH003,1,500000,FAILED,FILE_LOCK,2026-07-13 04:30:08,40
TXN00002075,FAN_SIM_2074,MATCH003,1,500000,FAILED,FILE_LOCK,2026-07-13 04:30:08,225
TXN00002064,FAN_SIM_2063,MATCH003,1,500000,FAILED,FILE_LOCK,2026-07-13 04:30:08,226
TXN00002103,FAN_SIM_2102,MATCH003,1,500000,FAILED,FILE_LOCK,2026-07-13 04:30:08,224
TXN00002078,FAN_SIM_2077,MATCH003,1,500000,FAILED,FILE_LOCK,2026-07-13 04:30:08,226
TXN00002048,FAN_SIM_2047,MATCH003,1,500000,FAILED,FILE_LOCK,2026-07-13 04:30:08,228
TXN00002051,FAN_SIM_2049,MATCH003,1,500000,FAILED,FILE_LOCK,2026-07-13 04:30:08,228
TXN00002046,FAN_SIM_2045,MATCH003,1,500000,FAILED,FILE_LOCK,2026-07-13 04:30:08,230
TXN00002104,FAN_SIM_2103,MATCH003,1,500000,FAILED,FILE_LOCK,2026-07-13 04:30:08,223
TXN00002079,FAN_SIM_2078,MATCH003,1,500000,FAILED,FILE_LOCK,2026-07-13 04:30:08,227
TXN00002099,FAN_SIM_2098,MATCH003,1,500000,FAILED,FILE_LOCK,2026-07-13 04:30:08,226
TXN00002085,FAN_SIM_2084,MATCH003,1,500000,FAILED,FILE_LOCK,2026-07-13 04:30:08,260
TXN00002086,FAN_SIM_2085,MATCH003,1,500000,FAILED,FILE_LOCK,2026-07-13 04:30:08,228
TXN00002174,FAN_SIM_2173,MATCH003,1,0,FAILED,FILE_LOCK,2026-07-13 04:30:08,50
TXN00002187,FAN_SIM_2209,MATCH003,1,0,FAILED,FILE_LOCK,2026-07-13 04:30:08,43
TXN00002201,FAN_SIM_2188,MATCH003,1,0,FAILED,FILE_LOCK,2026-07-13 04:30:08,43
TXN00002206,FAN_SIM_2192,MATCH003,1,0,FAILED,FILE_LOCK,2026-07-13 04:30:08,43
TXN00002173,FAN_SIM_2170,MATCH003,1,0,FAILED,FILE_LOCK,2026-07-13 04:30:08,50
TXN00002197,FAN_SIM_2185,MATCH003,1,0,FAILED,FILE_LOCK,2026-07-13 04:30:08,43
TXN00002181,FAN_SIM_2180,MATCH003,1,0,FAILED,FILE_LOCK,2026-07-13 04:30:08,50
TXN00002183,FAN_SIM_2182,MATCH003,1,0,FAILED,FILE_LOCK,2026-07-13 04:30:08,50
TXN00002202,FAN_SIM_2220,MATCH003,1,0,FAILED,FILE_LOCK,2026-07-13 04:30:08,18
TXN00002209,FAN_SIM_2195,MATCH003,1,0,FAILED,FILE_LOCK,2026-07-13 04:30:08,44
TXN00002177,FAN_SIM_2176,MATCH003,1,0,FAILED,FILE_LOCK,2026-07-13 04:30:08,50
TXN00002163,FAN_SIM_2162,MATCH003,1,0,FAILED,FILE_LOCK,2026-07-13 04:30:08,52
TXN00002171,FAN_SIM_2171,MATCH003,1,0,FAILED,FILE_LOCK,2026-07-13 04:30:08,51
TXN00002211,FAN_SIM_2198,MATCH003,1,0,FAILED,FILE_LOCK,2026-07-13 04:30:08,44
TXN00002212,FAN_SIM_2197,MATCH003,1,0,FAILED,FILE_LOCK,2026-07-13 04:30:08,44
TXN00002162,FAN_SIM_2161,MATCH003,1,0,FAILED,FILE_LOCK,2026-07-13 04:30:08,53
TXN00002205,FAN_SIM_2191,MATCH003,1,0,FAILED,FILE_LOCK,2026-07-13 04:30:08,44
TXN00002217,FAN_SIM_2202,MATCH003,1,0,FAILED,FILE_LOCK,2026-07-13 04:30:08,44
TXN00002179,FAN_SIM_2179,MATCH003,1,0,FAILED,FILE_LOCK,2026-07-13 04:30:08,50
TXN00002182,FAN_SIM_2181,MATCH003,1,0,FAILED,FILE_LOCK,2026-07-13 04:30:08,50
TXN00002213,FAN_SIM_2199,MATCH003,1,0,FAILED,FILE_LOCK,2026-07-13 04:30:08,44
TXN00002176,FAN_SIM_2175,MATCH003,1,0,FAILED,FILE_LOCK,2026-07-13 04:30:08,50
TXN00002168,FAN_SIM_2167,MATCH003,1,0,FAILED,FILE_LOCK,2026-07-13 04:30:08,51
TXN00002200,FAN_SIM_2187,MATCH003,1,0,FAILED,FILE_LOCK,2026-07-13 04:30:08,44
TXN00002216,FAN_SIM_2201,MATCH003,1,0,FAILED,FILE_LOCK,2026-07-13 04:30:08,44
TXN00002215,FAN_SIM_2203,MATCH003,1,0,FAILED,FILE_LOCK,2026-07-13 04:30:08,44
TXN00002214,FAN_SIM_2200,MATCH003,1,0,FAILED,FILE_LOCK,2026-07-13 04:30:08,44
TXN00002204,FAN_SIM_2190,MATCH003,1,0,FAILED,FILE_LOCK,2026-07-13 04:30:08,44
TXN00002203,FAN_SIM_2189,MATCH003,1,0,FAILED,FILE_LOCK,2026-07-13 04:30:08,44
TXN00002165,FAN_SIM_2164,MATCH003,1,0,FAILED,FILE_LOCK,2026-07-13 04:30:08,51
TXN00002192,FAN_SIM_2214,MATCH003,1,0,FAILED,FILE_LOCK,2026-07-13 04:30:08,43
TXN00002172,FAN_SIM_2172,MATCH003,1,0,FAILED,FILE_LOCK,2026-07-13 04:30:08,51
TXN00002170,FAN_SIM_2169,MATCH003,1,0,FAILED,FILE_LOCK,2026-07-13 04:30:08,52
TXN00002169,FAN_SIM_2168,MATCH003,1,0,FAILED,FILE_LOCK,2026-07-13 04:30:08,51
TXN00002175,FAN_SIM_2174,MATCH003,1,0,FAILED,FILE_LOCK,2026-07-13 04:30:08,50
TXN00002218,FAN_SIM_2204,MATCH003,1,0,FAILED,FILE_LOCK,2026-07-13 04:30:08,44
TXN00002198,FAN_SIM_2219,MATCH003,1,0,FAILED,FILE_LOCK,2026-07-13 04:30:08,40
TXN00002221,FAN_SIM_2206,MATCH003,1,0,FAILED,FILE_LOCK,2026-07-13 04:30:08,44
TXN00002219,FAN_SIM_2221,MATCH003,1,0,FAILED,FILE_LOCK,2026-07-13 04:30:08,6
TXN00002178,FAN_SIM_2177,MATCH003,1,0,FAILED,FILE_LOCK,2026-07-13 04:30:08,50
TXN00002210,FAN_SIM_2196,MATCH003,1,0,FAILED,FILE_LOCK,2026-07-13 04:30:08,45
TXN00002167,FAN_SIM_2166,MATCH003,1,0,FAILED,FILE_LOCK,2026-07-13 04:30:08,51
TXN00002199,FAN_SIM_2186,MATCH003,1,0,FAILED,FILE_LOCK,2026-07-13 04:30:08,44
TXN00002223,FAN_SIM_2222,MATCH003,1,0,FAILED,FILE_LOCK,2026-07-13 04:30:08,1
TXN00002207,FAN_SIM_2194,MATCH003,1,0,FAILED,FILE_LOCK,2026-07-13 04:30:08,45
TXN00002208,FAN_SIM_2193,MATCH003,1,0,FAILED,FILE_LOCK,2026-07-13 04:30:08,45
TXN00002164,FAN_SIM_2163,MATCH003,1,0,FAILED,FILE_LOCK,2026-07-13 04:30:08,52
TXN00002196,FAN_SIM_2218,MATCH003,1,0,FAILED,FILE_LOCK,2026-07-13 04:30:08,44
TXN00002166,FAN_SIM_2165,MATCH003,1,0,FAILED,FILE_LOCK,2026-07-13 04:30:08,52
TXN00002159,FAN_SIM_2158,MATCH003,1,0,FAILED,FILE_LOCK,2026-07-13 04:30:08,56
TXN00002220,FAN_SIM_2205,MATCH003,1,0,FAILED,FILE_LOCK,2026-07-13 04:30:08,45
TXN00002222,FAN_SIM_2207,MATCH003,1,0,FAILED,FILE_LOCK,2026-07-13 04:30:08,45
TXN00002180,FAN_SIM_2178,MATCH003,1,500000,FAILED,FILE_LOCK,2026-07-13 04:30:08,51
TXN00002227,FAN_SIM_2226,MATCH003,1,0,FAILED,FILE_LOCK,2026-07-13 04:30:08,1
TXN00002225,FAN_SIM_2224,MATCH003,1,0,FAILED,FILE_LOCK,2026-07-13 04:30:08,2
TXN00002230,FAN_SIM_2229,MATCH003,1,0,FAILED,FILE_LOCK,2026-07-13 04:30:08,1
TXN00002193,FAN_SIM_2215,MATCH003,1,500000,FAILED,FILE_LOCK,2026-07-13 04:30:08,48
TXN00002184,FAN_SIM_2183,MATCH003,1,500000,FAILED,FILE_LOCK,2026-07-13 04:30:08,49
TXN00002228,FAN_SIM_2227,MATCH003,1,0,FAILED,FILE_LOCK,2026-07-13 04:30:08,1
TXN00002161,FAN_SIM_2160,MATCH003,1,500000,FAILED,FILE_LOCK,2026-07-13 04:30:08,57
TXN00002160,FAN_SIM_2159,MATCH003,1,500000,FAILED,FILE_LOCK,2026-07-13 04:30:08,58
TXN00002236,FAN_SIM_2235,MATCH003,1,0,FAILED,FILE_LOCK,2026-07-13 04:30:08,1
TXN00002229,FAN_SIM_2228,MATCH003,1,0,FAILED,FILE_LOCK,2026-07-13 04:30:08,1
TXN00002234,FAN_SIM_2233,MATCH003,1,0,FAILED,FILE_LOCK,2026-07-13 04:30:08,2
TXN00002185,FAN_SIM_2184,MATCH003,1,500000,FAILED,FILE_LOCK,2026-07-13 04:30:08,47
TXN00002224,FAN_SIM_2223,MATCH003,1,0,FAILED,FILE_LOCK,2026-07-13 04:30:08,2
TXN00002231,FAN_SIM_2230,MATCH003,1,0,FAILED,FILE_LOCK,2026-07-13 04:30:08,0
TXN00002235,FAN_SIM_2234,MATCH003,1,0,FAILED,FILE_LOCK,2026-07-13 04:30:08,0
TXN00002233,FAN_SIM_2232,MATCH003,1,0,FAILED,FILE_LOCK,2026-07-13 04:30:08,0
TXN00002226,FAN_SIM_2225,MATCH003,1,0,FAILED,FILE_LOCK,2026-07-13 04:30:08,0
TXN00002232,FAN_SIM_2231,MATCH003,1,0,FAILED,FILE_LOCK,2026-07-13 04:30:08,0
TXN00002237,FAN_SIM_2236,MATCH003,1,0,FAILED,FILE_LOCK,2026-07-13 04:30:08,0
TXN00002190,FAN_SIM_2212,MATCH003,1,500000,FAILED,FILE_LOCK,2026-07-13 04:30:08,49
TXN00002186,FAN_SIM_2208,MATCH003,1,500000,FAILED,FILE_LOCK,2026-07-13 04:30:08,50
TXN00002194,FAN_SIM_2216,MATCH003,1,500000,FAILED,FILE_LOCK,2026-07-13 04:30:08,48
TXN00002191,FAN_SIM_2213,MATCH003,1,500000,FAILED,FILE_LOCK,2026-07-13 04:30:08,48
TXN00002188,FAN_SIM_2211,MATCH003,1,500000,FAILED,FILE_LOCK,2026-07-13 04:30:08,50
TXN00002189,FAN_SIM_2210,MATCH003,1,500000,FAILED,FILE_LOCK,2026-07-13 04:30:08,49
TXN00002195,FAN_SIM_2217,MATCH003,1,500000,FAILED,FILE_LOCK,2026-07-13 04:30:08,49
TXN00002252,FAN_SIM_2251,MATCH003,1,0,FAILED,FILE_LOCK,2026-07-13 04:30:08,145
TXN00002246,FAN_SIM_2245,MATCH003,1,0,FAILED,FILE_LOCK,2026-07-13 04:30:08,145
TXN00002278,FAN_SIM_2277,MATCH003,1,0,FAILED,FILE_LOCK,2026-07-13 04:30:08,143
TXN00002272,FAN_SIM_2271,MATCH003,1,0,FAILED,FILE_LOCK,2026-07-13 04:30:08,143
TXN00002301,FAN_SIM_2300,MATCH003,1,0,FAILED,FILE_LOCK,2026-07-13 04:30:08,132
TXN00002253,FAN_SIM_2252,MATCH003,1,0,FAILED,FILE_LOCK,2026-07-13 04:30:08,145
TXN00002279,FAN_SIM_2279,MATCH003,1,0,FAILED,FILE_LOCK,2026-07-13 04:30:08,143
TXN00002284,FAN_SIM_2284,MATCH003,1,0,FAILED,FILE_LOCK,2026-07-13 04:30:08,143
TXN00002295,FAN_SIM_2294,MATCH003,1,0,FAILED,FILE_LOCK,2026-07-13 04:30:08,144
TXN00002262,FAN_SIM_2261,MATCH003,1,0,FAILED,FILE_LOCK,2026-07-13 04:30:08,145
TXN00002256,FAN_SIM_2255,MATCH003,1,0,FAILED,FILE_LOCK,2026-07-13 04:30:08,144
TXN00002289,FAN_SIM_2278,MATCH003,1,0,FAILED,FILE_LOCK,2026-07-13 04:30:08,143
TXN00002239,FAN_SIM_2238,MATCH003,1,0,FAILED,FILE_LOCK,2026-07-13 04:30:08,147
TXN00002250,FAN_SIM_2249,MATCH003,1,0,FAILED,FILE_LOCK,2026-07-13 04:30:08,146
TXN00002241,FAN_SIM_2240,MATCH003,1,0,FAILED,FILE_LOCK,2026-07-13 04:30:08,147
TXN00002277,FAN_SIM_2276,MATCH003,1,0,FAILED,FILE_LOCK,2026-07-13 04:30:08,144
TXN00002281,FAN_SIM_2281,MATCH003,1,0,FAILED,FILE_LOCK,2026-07-13 04:30:08,144
TXN00002270,FAN_SIM_2269,MATCH003,1,0,FAILED,FILE_LOCK,2026-07-13 04:30:08,145
TXN00002261,FAN_SIM_2260,MATCH003,1,0,FAILED,FILE_LOCK,2026-07-13 04:30:08,145
TXN00002298,FAN_SIM_2297,MATCH003,1,0,FAILED,FILE_LOCK,2026-07-13 04:30:08,143
TXN00002244,FAN_SIM_2243,MATCH003,1,0,FAILED,FILE_LOCK,2026-07-13 04:30:08,146
TXN00002280,FAN_SIM_2280,MATCH003,1,0,FAILED,FILE_LOCK,2026-07-13 04:30:08,144
TXN00002292,FAN_SIM_2291,MATCH003,1,0,FAILED,FILE_LOCK,2026-07-13 04:30:08,144
TXN00002297,FAN_SIM_2296,MATCH003,1,0,FAILED,FILE_LOCK,2026-07-13 04:30:08,143
TXN00002293,FAN_SIM_2292,MATCH003,1,0,FAILED,FILE_LOCK,2026-07-13 04:30:08,144
TXN00002249,FAN_SIM_2248,MATCH003,1,0,FAILED,FILE_LOCK,2026-07-13 04:30:08,146
TXN00002242,FAN_SIM_2241,MATCH003,1,500000,FAILED,FILE_LOCK,2026-07-13 04:30:08,147
TXN00002300,FAN_SIM_2299,MATCH003,1,0,FAILED,FILE_LOCK,2026-07-13 04:30:08,138
TXN00002282,FAN_SIM_2282,MATCH003,1,0,FAILED,FILE_LOCK,2026-07-13 04:30:08,144
TXN00002291,FAN_SIM_2290,MATCH003,1,0,FAILED,FILE_LOCK,2026-07-13 04:30:08,144
TXN00002245,FAN_SIM_2244,MATCH003,1,0,FAILED,FILE_LOCK,2026-07-13 04:30:08,146
TXN00002254,FAN_SIM_2253,MATCH003,1,0,FAILED,FILE_LOCK,2026-07-13 04:30:08,145
TXN00002290,FAN_SIM_2289,MATCH003,1,0,FAILED,FILE_LOCK,2026-07-13 04:30:08,145
TXN00002276,FAN_SIM_2275,MATCH003,1,0,FAILED,FILE_LOCK,2026-07-13 04:30:08,144
TXN00002263,FAN_SIM_2262,MATCH003,1,0,FAILED,FILE_LOCK,2026-07-13 04:30:08,145
TXN00002285,FAN_SIM_2285,MATCH003,1,0,FAILED,FILE_LOCK,2026-07-13 04:30:08,144
TXN00002271,FAN_SIM_2270,MATCH003,1,0,FAILED,FILE_LOCK,2026-07-13 04:30:08,145
TXN00002296,FAN_SIM_2295,MATCH003,1,0,FAILED,FILE_LOCK,2026-07-13 04:30:08,144
TXN00002275,FAN_SIM_2274,MATCH003,1,0,FAILED,FILE_LOCK,2026-07-13 04:30:08,144
TXN00002243,FAN_SIM_2242,MATCH003,1,0,FAILED,FILE_LOCK,2026-07-13 04:30:08,146
TXN00002259,FAN_SIM_2258,MATCH003,1,0,FAILED,FILE_LOCK,2026-07-13 04:30:08,145
TXN00002264,FAN_SIM_2263,MATCH003,1,0,FAILED,FILE_LOCK,2026-07-13 04:30:08,145
TXN00002265,FAN_SIM_2264,MATCH003,1,0,FAILED,FILE_LOCK,2026-07-13 04:30:08,146
TXN00002248,FAN_SIM_2247,MATCH003,1,0,FAILED,FILE_LOCK,2026-07-13 04:30:08,146
TXN00002287,FAN_SIM_2287,MATCH003,1,0,FAILED,FILE_LOCK,2026-07-13 04:30:08,145
TXN00002251,FAN_SIM_2250,MATCH003,1,0,FAILED,FILE_LOCK,2026-07-13 04:30:08,146
TXN00002267,FAN_SIM_2266,MATCH003,1,0,FAILED,FILE_LOCK,2026-07-13 04:30:08,146
TXN00002260,FAN_SIM_2259,MATCH003,1,0,FAILED,FILE_LOCK,2026-07-13 04:30:08,145
TXN00002283,FAN_SIM_2283,MATCH003,1,0,FAILED,FILE_LOCK,2026-07-13 04:30:08,144
TXN00002286,FAN_SIM_2286,MATCH003,1,0,FAILED,FILE_LOCK,2026-07-13 04:30:08,144
TXN00002273,FAN_SIM_2272,MATCH003,1,0,FAILED,FILE_LOCK,2026-07-13 04:30:08,144
TXN00002294,FAN_SIM_2293,MATCH003,1,0,FAILED,FILE_LOCK,2026-07-13 04:30:08,145
TXN00002268,FAN_SIM_2267,MATCH003,1,0,FAILED,FILE_LOCK,2026-07-13 04:30:08,146
TXN00002255,FAN_SIM_2254,MATCH003,1,0,FAILED,FILE_LOCK,2026-07-13 04:30:08,145
TXN00002274,FAN_SIM_2273,MATCH003,1,0,FAILED,FILE_LOCK,2026-07-13 04:30:08,145
TXN00002288,FAN_SIM_2288,MATCH003,1,0,FAILED,FILE_LOCK,2026-07-13 04:30:08,145
TXN00002299,FAN_SIM_2298,MATCH003,1,0,FAILED,FILE_LOCK,2026-07-13 04:30:08,141
TXN00002258,FAN_SIM_2257,MATCH003,1,0,FAILED,FILE_LOCK,2026-07-13 04:30:08,145
TXN00002257,FAN_SIM_2256,MATCH003,1,0,FAILED,FILE_LOCK,2026-07-13 04:30:08,146
TXN00002269,FAN_SIM_2268,MATCH003,1,0,FAILED,FILE_LOCK,2026-07-13 04:30:08,146
TXN00002305,FAN_SIM_2304,MATCH003,1,0,FAILED,FILE_LOCK,2026-07-13 04:30:08,2
TXN00002247,FAN_SIM_2246,MATCH003,1,500000,FAILED,FILE_LOCK,2026-07-13 04:30:08,150
TXN00002238,FAN_SIM_2237,MATCH003,1,500000,FAILED,FILE_LOCK,2026-07-13 04:30:08,152
TXN00002309,FAN_SIM_2308,MATCH003,1,0,FAILED,FILE_LOCK,2026-07-13 04:30:08,1
TXN00002240,FAN_SIM_2239,MATCH003,1,500000,FAILED,FILE_LOCK,2026-07-13 04:30:08,152
TXN00002266,FAN_SIM_2265,MATCH003,1,500000,FAILED,FILE_LOCK,2026-07-13 04:30:08,149
TXN00002306,FAN_SIM_2305,MATCH003,1,0,FAILED,FILE_LOCK,2026-07-13 04:30:08,2
TXN00002302,FAN_SIM_2301,MATCH003,1,0,FAILED,FILE_LOCK,2026-07-13 04:30:08,3
TXN00002308,FAN_SIM_2307,MATCH003,1,0,FAILED,FILE_LOCK,2026-07-13 04:30:08,1
TXN00002307,FAN_SIM_2306,MATCH003,1,0,FAILED,FILE_LOCK,2026-07-13 04:30:08,1
TXN00002304,FAN_SIM_2303,MATCH003,1,0,FAILED,FILE_LOCK,2026-07-13 04:30:08,2
TXN00002303,FAN_SIM_2302,MATCH003,1,0,FAILED,FILE_LOCK,2026-07-13 04:30:08,3
TXN00002333,FAN_SIM_2333,MATCH003,1,0,FAILED,FILE_LOCK,2026-07-13 04:30:08,39
TXN00002342,FAN_SIM_2341,MATCH003,1,0,FAILED,FILE_LOCK,2026-07-13 04:30:08,39
TXN00002349,FAN_SIM_2348,MATCH003,1,0,FAILED,FILE_LOCK,2026-07-13 04:30:08,75
TXN00002343,FAN_SIM_2342,MATCH003,1,0,FAILED,FILE_LOCK,2026-07-13 04:30:08,71
TXN00002346,FAN_SIM_2345,MATCH003,1,0,FAILED,FILE_LOCK,2026-07-13 04:30:08,39
TXN00002356,FAN_SIM_2355,MATCH003,1,0,FAILED,FILE_LOCK,2026-07-13 04:30:08,38
TXN00002366,FAN_SIM_2365,MATCH003,1,0,FAILED,FILE_LOCK,2026-07-13 04:30:08,159
TXN00002353,FAN_SIM_2352,MATCH003,1,0,FAILED,FILE_LOCK,2026-07-13 04:30:08,39
TXN00002367,FAN_SIM_2366,MATCH003,1,0,FAILED,FILE_LOCK,2026-07-13 04:30:08,159
TXN00002370,FAN_SIM_2368,MATCH003,1,0,FAILED,FILE_LOCK,2026-07-13 04:30:08,159
TXN00002344,FAN_SIM_2343,MATCH003,1,0,FAILED,FILE_LOCK,2026-07-13 04:30:08,159
TXN00002348,FAN_SIM_2347,MATCH003,1,0,FAILED,FILE_LOCK,2026-07-13 04:30:08,39
TXN00002347,FAN_SIM_2346,MATCH003,1,0,FAILED,FILE_LOCK,2026-07-13 04:30:08,39
TXN00002323,FAN_SIM_2322,MATCH003,1,0,FAILED,FILE_LOCK,2026-07-13 04:30:08,161
TXN00002358,FAN_SIM_2357,MATCH003,1,0,FAILED,FILE_LOCK,2026-07-13 04:30:08,159
TXN00002359,FAN_SIM_2358,MATCH003,1,0,FAILED,FILE_LOCK,2026-07-13 04:30:08,159
TXN00002368,FAN_SIM_2367,MATCH003,1,0,FAILED,FILE_LOCK,2026-07-13 04:30:08,158
TXN00002328,FAN_SIM_2328,MATCH003,1,0,FAILED,FILE_LOCK,2026-07-13 04:30:08,161
TXN00002324,FAN_SIM_2323,MATCH003,1,0,FAILED,FILE_LOCK,2026-07-13 04:30:08,40
TXN00002355,FAN_SIM_2354,MATCH003,1,0,FAILED,FILE_LOCK,2026-07-13 04:30:08,159
TXN00002320,FAN_SIM_2319,MATCH003,1,0,FAILED,FILE_LOCK,2026-07-13 04:30:08,42
TXN00002325,FAN_SIM_2324,MATCH003,1,0,FAILED,FILE_LOCK,2026-07-13 04:30:08,40
TXN00002319,FAN_SIM_2318,MATCH003,1,0,FAILED,FILE_LOCK,2026-07-13 04:30:08,42
TXN00002326,FAN_SIM_2325,MATCH003,1,0,FAILED,FILE_LOCK,2026-07-13 04:30:08,40
TXN00002336,FAN_SIM_2336,MATCH003,1,0,FAILED,FILE_LOCK,2026-07-13 04:30:08,161
TXN00002332,FAN_SIM_2332,MATCH003,1,0,FAILED,FILE_LOCK,2026-07-13 04:30:08,39
TXN00002371,FAN_SIM_2370,MATCH003,1,0,FAILED,FILE_LOCK,2026-07-13 04:30:08,159
TXN00002364,FAN_SIM_2363,MATCH003,1,0,FAILED,FILE_LOCK,2026-07-13 04:30:08,159
TXN00002352,FAN_SIM_2351,MATCH003,1,0,FAILED,FILE_LOCK,2026-07-13 04:30:08,160
TXN00002369,FAN_SIM_2369,MATCH003,1,0,FAILED,FILE_LOCK,2026-07-13 04:30:08,159
TXN00002372,FAN_SIM_2371,MATCH003,1,0,FAILED,FILE_LOCK,2026-07-13 04:30:08,156
TXN00002365,FAN_SIM_2364,MATCH003,1,0,FAILED,FILE_LOCK,2026-07-13 04:30:08,159
TXN00002351,FAN_SIM_2350,MATCH003,1,0,FAILED,FILE_LOCK,2026-07-13 04:30:08,157
TXN00002373,FAN_SIM_2372,MATCH003,1,0,FAILED,FILE_LOCK,2026-07-13 04:30:08,140
TXN00002335,FAN_SIM_2335,MATCH003,1,0,FAILED,FILE_LOCK,2026-07-13 04:30:08,160
TXN00002321,FAN_SIM_2320,MATCH003,1,500000,FAILED,FILE_LOCK,2026-07-13 04:30:08,162
TXN00002337,FAN_SIM_2326,MATCH003,1,0,FAILED,FILE_LOCK,2026-07-13 04:30:08,159
TXN00002360,FAN_SIM_2359,MATCH003,1,0,FAILED,FILE_LOCK,2026-07-13 04:30:08,156
TXN00002341,FAN_SIM_2340,MATCH003,1,0,FAILED,FILE_LOCK,2026-07-13 04:30:08,39
TXN00002339,FAN_SIM_2338,MATCH003,1,0,FAILED,FILE_LOCK,2026-07-13 04:30:08,39
TXN00002322,FAN_SIM_2321,MATCH003,1,0,FAILED,FILE_LOCK,2026-07-13 04:30:08,40
TXN00002331,FAN_SIM_2331,MATCH003,1,0,FAILED,FILE_LOCK,2026-07-13 04:30:08,39
TXN00002329,FAN_SIM_2329,MATCH003,1,0,FAILED,FILE_LOCK,2026-07-13 04:30:08,159
TXN00002350,FAN_SIM_2349,MATCH003,1,0,FAILED,FILE_LOCK,2026-07-13 04:30:08,159
TXN00002334,FAN_SIM_2334,MATCH003,1,0,FAILED,FILE_LOCK,2026-07-13 04:30:08,159
TXN00002327,FAN_SIM_2327,MATCH003,1,0,FAILED,FILE_LOCK,2026-07-13 04:30:08,159
TXN00002338,FAN_SIM_2337,MATCH003,1,0,FAILED,FILE_LOCK,2026-07-13 04:30:08,161
TXN00002363,FAN_SIM_2362,MATCH003,1,0,FAILED,FILE_LOCK,2026-07-13 04:30:08,189
TXN00002330,FAN_SIM_2330,MATCH003,1,0,FAILED,FILE_LOCK,2026-07-13 04:30:08,190
TXN00002345,FAN_SIM_2344,MATCH003,1,0,FAILED,FILE_LOCK,2026-07-13 04:30:08,190
TXN00002316,FAN_SIM_2315,MATCH003,1,500000,FAILED,FILE_LOCK,2026-07-13 04:30:08,194
TXN00002407,FAN_SIM_2406,MATCH003,1,0,FAILED,FILE_LOCK,2026-07-13 04:30:08,6
TXN00002354,FAN_SIM_2353,MATCH003,1,0,FAILED,FILE_LOCK,2026-07-13 04:30:08,194
TXN00002412,FAN_SIM_2411,MATCH003,1,0,FAILED,FILE_LOCK,2026-07-13 04:30:08,6
TXN00002420,FAN_SIM_2419,MATCH003,1,0,FAILED,FILE_LOCK,2026-07-13 04:30:08,5
TXN00002398,FAN_SIM_2397,MATCH003,1,0,FAILED,FILE_LOCK,2026-07-13 04:30:08,11
TXN00002375,FAN_SIM_2374,MATCH003,1,0,FAILED,FILE_LOCK,2026-07-13 04:30:08,33
TXN00002418,FAN_SIM_2417,MATCH003,1,0,FAILED,FILE_LOCK,2026-07-13 04:30:08,5
TXN00002409,FAN_SIM_2408,MATCH003,1,0,FAILED,FILE_LOCK,2026-07-13 04:30:08,6
TXN00002419,FAN_SIM_2418,MATCH003,1,0,FAILED,FILE_LOCK,2026-07-13 04:30:08,5
TXN00002415,FAN_SIM_2414,MATCH003,1,0,FAILED,FILE_LOCK,2026-07-13 04:30:08,6
TXN00002417,FAN_SIM_2416,MATCH003,1,0,FAILED,FILE_LOCK,2026-07-13 04:30:08,5
TXN00002408,FAN_SIM_2407,MATCH003,1,0,FAILED,FILE_LOCK,2026-07-13 04:30:08,6
TXN00002405,FAN_SIM_2398,MATCH003,1,0,FAILED,FILE_LOCK,2026-07-13 04:30:08,11
TXN00002401,FAN_SIM_2401,MATCH003,1,0,FAILED,FILE_LOCK,2026-07-13 04:30:08,11
TXN00002391,FAN_SIM_2390,MATCH003,1,0,FAILED,FILE_LOCK,2026-07-13 04:30:08,31
TXN00002421,FAN_SIM_2420,MATCH003,1,0,FAILED,FILE_LOCK,2026-07-13 04:30:08,5
TXN00002376,FAN_SIM_2375,MATCH003,1,0,FAILED,FILE_LOCK,2026-07-13 04:30:08,34
TXN00002400,FAN_SIM_2400,MATCH003,1,0,FAILED,FILE_LOCK,2026-07-13 04:30:08,12
TXN00002411,FAN_SIM_2410,MATCH003,1,0,FAILED,FILE_LOCK,2026-07-13 04:30:08,7
TXN00002413,FAN_SIM_2412,MATCH003,1,0,FAILED,FILE_LOCK,2026-07-13 04:30:08,7
TXN00002423,FAN_SIM_2422,MATCH003,1,0,FAILED,FILE_LOCK,2026-07-13 04:30:08,4
TXN00002386,FAN_SIM_2385,MATCH003,1,0,FAILED,FILE_LOCK,2026-07-13 04:30:08,32
TXN00002395,FAN_SIM_2394,MATCH003,1,0,FAILED,FILE_LOCK,2026-07-13 04:30:08,31
TXN00002410,FAN_SIM_2409,MATCH003,1,0,FAILED,FILE_LOCK,2026-07-13 04:30:08,7
TXN00002397,FAN_SIM_2396,MATCH003,1,0,FAILED,FILE_LOCK,2026-07-13 04:30:08,31
TXN00002392,FAN_SIM_2391,MATCH003,1,0,FAILED,FILE_LOCK,2026-07-13 04:30:08,31
TXN00002416,FAN_SIM_2415,MATCH003,1,0,FAILED,FILE_LOCK,2026-07-13 04:30:08,7
TXN00002385,FAN_SIM_2384,MATCH003,1,0,FAILED,FILE_LOCK,2026-07-13 04:30:08,32
TXN00002404,FAN_SIM_2404,MATCH003,1,0,FAILED,FILE_LOCK,2026-07-13 04:30:08,13
TXN00002361,FAN_SIM_2360,MATCH003,1,0,FAILED,FILE_LOCK,2026-07-13 04:30:08,194
TXN00002362,FAN_SIM_2361,MATCH003,1,0,FAILED,FILE_LOCK,2026-07-13 04:30:08,194
TXN00002394,FAN_SIM_2393,MATCH003,1,0,FAILED,FILE_LOCK,2026-07-13 04:30:08,32
TXN00002389,FAN_SIM_2388,MATCH003,1,0,FAILED,FILE_LOCK,2026-07-13 04:30:08,33
TXN00002396,FAN_SIM_2395,MATCH003,1,0,FAILED,FILE_LOCK,2026-07-13 04:30:08,32
TXN00002414,FAN_SIM_2413,MATCH003,1,0,FAILED,FILE_LOCK,2026-07-13 04:30:08,7
TXN00002390,FAN_SIM_2389,MATCH003,1,0,FAILED,FILE_LOCK,2026-07-13 04:30:08,33
TXN00002388,FAN_SIM_2387,MATCH003,1,0,FAILED,FILE_LOCK,2026-07-13 04:30:08,33
TXN00002382,FAN_SIM_2381,MATCH003,1,0,FAILED,FILE_LOCK,2026-07-13 04:30:08,33
TXN00002406,FAN_SIM_2405,MATCH003,1,0,FAILED,FILE_LOCK,2026-07-13 04:30:08,13
TXN00002424,FAN_SIM_2423,MATCH003,1,0,FAILED,FILE_LOCK,2026-07-13 04:30:08,5
TXN00002402,FAN_SIM_2402,MATCH003,1,0,FAILED,FILE_LOCK,2026-07-13 04:30:08,14
TXN00002393,FAN_SIM_2392,MATCH003,1,0,FAILED,FILE_LOCK,2026-07-13 04:30:08,32
TXN00002383,FAN_SIM_2382,MATCH003,1,0,FAILED,FILE_LOCK,2026-07-13 04:30:08,33
TXN00002422,FAN_SIM_2421,MATCH003,1,0,FAILED,FILE_LOCK,2026-07-13 04:30:08,7
TXN00002428,FAN_SIM_2427,MATCH003,1,0,FAILED,FILE_LOCK,2026-07-13 04:30:08,2
TXN00002357,FAN_SIM_2356,MATCH003,1,0,FAILED,FILE_LOCK,2026-07-13 04:30:08,196
TXN00002311,FAN_SIM_2310,MATCH003,1,500000,FAILED,FILE_LOCK,2026-07-13 04:30:08,204
TXN00002436,FAN_SIM_2435,MATCH003,1,0,FAILED,FILE_LOCK,2026-07-13 04:30:08,0
TXN00002403,FAN_SIM_2403,MATCH003,1,0,FAILED,FILE_LOCK,2026-07-13 04:30:08,14
TXN00002427,FAN_SIM_2426,MATCH003,1,0,FAILED,FILE_LOCK,2026-07-13 04:30:08,2
TXN00002426,FAN_SIM_2425,MATCH003,1,0,FAILED,FILE_LOCK,2026-07-13 04:30:08,2
TXN00002340,FAN_SIM_2339,MATCH003,1,0,FAILED,FILE_LOCK,2026-07-13 04:30:08,197
TXN00002431,FAN_SIM_2430,MATCH003,1,0,FAILED,FILE_LOCK,2026-07-13 04:30:08,1
TXN00002387,FAN_SIM_2386,MATCH003,1,0,FAILED,FILE_LOCK,2026-07-13 04:30:08,34
TXN00002384,FAN_SIM_2383,MATCH003,1,0,FAILED,FILE_LOCK,2026-07-13 04:30:08,34
TXN00002399,FAN_SIM_2399,MATCH003,1,0,FAILED,FILE_LOCK,2026-07-13 04:30:08,14
TXN00002429,FAN_SIM_2428,MATCH003,1,0,FAILED,FILE_LOCK,2026-07-13 04:30:08,1
TXN00002433,FAN_SIM_2432,MATCH003,1,0,FAILED,FILE_LOCK,2026-07-13 04:30:08,1
TXN00002425,FAN_SIM_2424,MATCH003,1,0,FAILED,FILE_LOCK,2026-07-13 04:30:08,2
TXN00002434,FAN_SIM_2433,MATCH003,1,0,FAILED,FILE_LOCK,2026-07-13 04:30:08,0
TXN00002430,FAN_SIM_2429,MATCH003,1,0,FAILED,FILE_LOCK,2026-07-13 04:30:08,1
TXN00002432,FAN_SIM_2431,MATCH003,1,0,FAILED,FILE_LOCK,2026-07-13 04:30:08,1
TXN00002435,FAN_SIM_2434,MATCH003,1,0,FAILED,FILE_LOCK,2026-07-13 04:30:08,0
TXN00002313,FAN_SIM_2312,MATCH003,1,500000,FAILED,FILE_LOCK,2026-07-13 04:30:08,203
TXN00002317,FAN_SIM_2316,MATCH003,1,500000,FAILED,FILE_LOCK,2026-07-13 04:30:08,211
TXN00002314,FAN_SIM_2313,MATCH003,1,500000,FAILED,FILE_LOCK,2026-07-13 04:30:08,214
TXN00002312,FAN_SIM_2311,MATCH003,1,500000,FAILED,FILE_LOCK,2026-07-13 04:30:08,252
TXN00002310,FAN_SIM_2309,MATCH003,1,500000,FAILED,FILE_LOCK,2026-07-13 04:30:09,260
TXN00002318,FAN_SIM_2317,MATCH003,1,500000,FAILED,FILE_LOCK,2026-07-13 04:30:09,257
TXN00002374,FAN_SIM_2373,MATCH003,1,500000,FAILED,FILE_LOCK,2026-07-13 04:30:09,103
TXN00002378,FAN_SIM_2377,MATCH003,1,500000,FAILED,FILE_LOCK,2026-07-13 04:30:09,122
TXN00002469,FAN_SIM_2468,MATCH003,1,0,FAILED,FILE_LOCK,2026-07-13 04:30:09,140
TXN00002488,FAN_SIM_2487,MATCH003,1,0,FAILED,FILE_LOCK,2026-07-13 04:30:09,111
TXN00002491,FAN_SIM_2490,MATCH003,1,0,FAILED,FILE_LOCK,2026-07-13 04:30:09,95
TXN00002473,FAN_SIM_2472,MATCH003,1,0,FAILED,FILE_LOCK,2026-07-13 04:30:09,140
TXN00002494,FAN_SIM_2493,MATCH003,1,0,FAILED,FILE_LOCK,2026-07-13 04:30:09,17
TXN00002476,FAN_SIM_2475,MATCH003,1,0,FAILED,FILE_LOCK,2026-07-13 04:30:09,141
TXN00002439,FAN_SIM_2438,MATCH003,1,0,FAILED,FILE_LOCK,2026-07-13 04:30:09,144
TXN00002495,FAN_SIM_2494,MATCH003,1,0,FAILED,FILE_LOCK,2026-07-13 04:30:09,17
TXN00002464,FAN_SIM_2458,MATCH003,1,0,FAILED,FILE_LOCK,2026-07-13 04:30:09,141
TXN00002487,FAN_SIM_2486,MATCH003,1,0,FAILED,FILE_LOCK,2026-07-13 04:30:09,140
TXN00002467,FAN_SIM_2466,MATCH003,1,0,FAILED,FILE_LOCK,2026-07-13 04:30:09,140
TXN00002478,FAN_SIM_2477,MATCH003,1,0,FAILED,FILE_LOCK,2026-07-13 04:30:09,140
TXN00002459,FAN_SIM_2459,MATCH003,1,0,FAILED,FILE_LOCK,2026-07-13 04:30:09,141
TXN00002489,FAN_SIM_2488,MATCH003,1,0,FAILED,FILE_LOCK,2026-07-13 04:30:09,111
TXN00002493,FAN_SIM_2492,MATCH003,1,0,FAILED,FILE_LOCK,2026-07-13 04:30:09,59
TXN00002483,FAN_SIM_2482,MATCH003,1,0,FAILED,FILE_LOCK,2026-07-13 04:30:09,141
TXN00002496,FAN_SIM_2495,MATCH003,1,0,FAILED,FILE_LOCK,2026-07-13 04:30:09,1
TXN00002456,FAN_SIM_2455,MATCH003,1,0,FAILED,FILE_LOCK,2026-07-13 04:30:09,142
TXN00002490,FAN_SIM_2489,MATCH003,1,0,FAILED,FILE_LOCK,2026-07-13 04:30:09,105
TXN00002468,FAN_SIM_2467,MATCH003,1,0,FAILED,FILE_LOCK,2026-07-13 04:30:09,141
TXN00002437,FAN_SIM_2436,MATCH003,1,0,FAILED,FILE_LOCK,2026-07-13 04:30:09,148
TXN00002457,FAN_SIM_2456,MATCH003,1,0,FAILED,FILE_LOCK,2026-07-13 04:30:09,144
TXN00002379,FAN_SIM_2378,MATCH003,1,500000,FAILED,FILE_LOCK,2026-07-13 04:30:09,184
TXN00002497,FAN_SIM_2496,MATCH003,1,0,FAILED,FILE_LOCK,2026-07-13 04:30:09,1
TXN00002480,FAN_SIM_2479,MATCH003,1,0,FAILED,FILE_LOCK,2026-07-13 04:30:09,144
TXN00002458,FAN_SIM_2457,MATCH003,1,0,FAILED,FILE_LOCK,2026-07-13 04:30:09,144
TXN00002498,FAN_SIM_2497,MATCH003,1,0,FAILED,FILE_LOCK,2026-07-13 04:30:09,1
TXN00002315,FAN_SIM_2314,MATCH003,1,500000,FAILED,FILE_LOCK,2026-07-13 04:30:09,350
TXN00002455,FAN_SIM_2454,MATCH003,1,0,FAILED,FILE_LOCK,2026-07-13 04:30:09,145
TXN00002486,FAN_SIM_2485,MATCH003,1,0,FAILED,FILE_LOCK,2026-07-13 04:30:09,144
TXN00002471,FAN_SIM_2470,MATCH003,1,0,FAILED,FILE_LOCK,2026-07-13 04:30:09,144
TXN00002463,FAN_SIM_2463,MATCH003,1,0,FAILED,FILE_LOCK,2026-07-13 04:30:09,144
TXN00002481,FAN_SIM_2480,MATCH003,1,0,FAILED,FILE_LOCK,2026-07-13 04:30:09,144
TXN00002377,FAN_SIM_2376,MATCH003,1,500000,FAILED,FILE_LOCK,2026-07-13 04:30:09,185
TXN00002492,FAN_SIM_2491,MATCH003,1,0,FAILED,FILE_LOCK,2026-07-13 04:30:09,84
TXN00002465,FAN_SIM_2464,MATCH003,1,0,FAILED,FILE_LOCK,2026-07-13 04:30:09,144
TXN00002461,FAN_SIM_2461,MATCH003,1,0,FAILED,FILE_LOCK,2026-07-13 04:30:09,145
TXN00002479,FAN_SIM_2478,MATCH003,1,0,FAILED,FILE_LOCK,2026-07-13 04:30:09,144
TXN00002484,FAN_SIM_2483,MATCH003,1,0,FAILED,FILE_LOCK,2026-07-13 04:30:09,144
TXN00002472,FAN_SIM_2471,MATCH003,1,0,FAILED,FILE_LOCK,2026-07-13 04:30:09,145
TXN00002470,FAN_SIM_2469,MATCH003,1,0,FAILED,FILE_LOCK,2026-07-13 04:30:09,145
TXN00002500,FAN_SIM_2499,MATCH003,1,0,FAILED,FILE_LOCK,2026-07-13 04:30:09,2
TXN00002449,FAN_SIM_2448,MATCH003,1,0,FAILED,FILE_LOCK,2026-07-13 04:30:09,146
TXN00002452,FAN_SIM_2451,MATCH003,1,0,FAILED,FILE_LOCK,2026-07-13 04:30:09,146
TXN00002499,FAN_SIM_2498,MATCH003,1,0,FAILED,FILE_LOCK,2026-07-13 04:30:09,2
TXN00002462,FAN_SIM_2462,MATCH003,1,0,FAILED,FILE_LOCK,2026-07-13 04:30:09,145
TXN00002466,FAN_SIM_2465,MATCH003,1,0,FAILED,FILE_LOCK,2026-07-13 04:30:09,145
TXN00002448,FAN_SIM_2447,MATCH003,1,500000,FAILED,FILE_LOCK,2026-07-13 04:30:09,146
TXN00002485,FAN_SIM_2484,MATCH003,1,0,FAILED,FILE_LOCK,2026-07-13 04:30:09,145
TXN00002447,FAN_SIM_2446,MATCH003,1,0,FAILED,FILE_LOCK,2026-07-13 04:30:09,146
TXN00002450,FAN_SIM_2449,MATCH003,1,500000,FAILED,FILE_LOCK,2026-07-13 04:30:09,148
TXN00002380,FAN_SIM_2379,MATCH003,1,500000,FAILED,FILE_LOCK,2026-07-13 04:30:09,188
TXN00002381,FAN_SIM_2380,MATCH003,1,500000,FAILED,FILE_LOCK,2026-07-13 04:30:09,205
TXN00002482,FAN_SIM_2481,MATCH003,1,500000,FAILED,FILE_LOCK,2026-07-13 04:30:09,168
TXN00002445,FAN_SIM_2444,MATCH003,1,500000,FAILED,FILE_LOCK,2026-07-13 04:30:09,170
TXN00002475,FAN_SIM_2474,MATCH003,1,500000,FAILED,FILE_LOCK,2026-07-13 04:30:09,169
TXN00002446,FAN_SIM_2445,MATCH003,1,500000,FAILED,FILE_LOCK,2026-07-13 04:30:09,171
TXN00002444,FAN_SIM_2443,MATCH003,1,500000,FAILED,FILE_LOCK,2026-07-13 04:30:09,172
TXN00002460,FAN_SIM_2460,MATCH003,1,500000,FAILED,FILE_LOCK,2026-07-13 04:30:09,171
TXN00002442,FAN_SIM_2441,MATCH003,1,500000,FAILED,FILE_LOCK,2026-07-13 04:30:09,173
TXN00002441,FAN_SIM_2440,MATCH003,1,500000,FAILED,FILE_LOCK,2026-07-13 04:30:09,173
TXN00002451,FAN_SIM_2450,MATCH003,1,500000,FAILED,FILE_LOCK,2026-07-13 04:30:09,172
TXN00002443,FAN_SIM_2442,MATCH003,1,500000,FAILED,FILE_LOCK,2026-07-13 04:30:09,173
TXN00002453,FAN_SIM_2452,MATCH003,1,500000,FAILED,FILE_LOCK,2026-07-13 04:30:09,172
TXN00002440,FAN_SIM_2439,MATCH003,1,500000,FAILED,FILE_LOCK,2026-07-13 04:30:09,175
TXN00002454,FAN_SIM_2453,MATCH003,1,500000,FAILED,FILE_LOCK,2026-07-13 04:30:09,173
TXN00002438,FAN_SIM_2437,MATCH003,1,500000,FAILED,FILE_LOCK,2026-07-13 04:30:09,176
TXN00002527,FAN_SIM_2526,MATCH003,1,0,FAILED,FILE_LOCK,2026-07-13 04:30:09,78
TXN00002524,FAN_SIM_2524,MATCH003,1,0,FAILED,FILE_LOCK,2026-07-13 04:30:09,78
TXN00002536,FAN_SIM_2535,MATCH003,1,0,FAILED,FILE_LOCK,2026-07-13 04:30:09,78
TXN00002501,FAN_SIM_2500,MATCH003,1,0,FAILED,FILE_LOCK,2026-07-13 04:30:09,82
TXN00002512,FAN_SIM_2511,MATCH003,1,0,FAILED,FILE_LOCK,2026-07-13 04:30:09,79
TXN00002543,FAN_SIM_2542,MATCH003,1,0,FAILED,FILE_LOCK,2026-07-13 04:30:09,78
TXN00002523,FAN_SIM_2523,MATCH003,1,0,FAILED,FILE_LOCK,2026-07-13 04:30:09,78
TXN00002535,FAN_SIM_2530,MATCH003,1,0,FAILED,FILE_LOCK,2026-07-13 04:30:09,78
TXN00002518,FAN_SIM_2518,MATCH003,1,0,FAILED,FILE_LOCK,2026-07-13 04:30:09,79
TXN00002544,FAN_SIM_2543,MATCH003,1,0,FAILED,FILE_LOCK,2026-07-13 04:30:09,78
TXN00002542,FAN_SIM_2541,MATCH003,1,0,FAILED,FILE_LOCK,2026-07-13 04:30:09,78
TXN00002525,FAN_SIM_2514,MATCH003,1,0,FAILED,FILE_LOCK,2026-07-13 04:30:09,79
TXN00002520,FAN_SIM_2520,MATCH003,1,0,FAILED,FILE_LOCK,2026-07-13 04:30:09,80
TXN00002505,FAN_SIM_2504,MATCH003,1,500000,FAILED,FILE_LOCK,2026-07-13 04:30:09,118
TXN00002477,FAN_SIM_2476,MATCH003,1,500000,FAILED,FILE_LOCK,2026-07-13 04:30:09,170
TXN00002474,FAN_SIM_2473,MATCH003,1,500000,FAILED,FILE_LOCK,2026-07-13 04:30:09,170
TXN00002564,FAN_SIM_2563,MATCH003,1,0,FAILED,FILE_LOCK,2026-07-13 04:30:09,72
TXN00002531,FAN_SIM_2531,MATCH003,1,0,FAILED,FILE_LOCK,2026-07-13 04:30:09,219
TXN00002576,FAN_SIM_2575,MATCH003,1,0,FAILED,FILE_LOCK,2026-07-13 04:30:09,12
TXN00002517,FAN_SIM_2517,MATCH003,1,0,FAILED,FILE_LOCK,2026-07-13 04:30:09,220
TXN00002560,FAN_SIM_2559,MATCH003,1,0,FAILED,FILE_LOCK,2026-07-13 04:30:09,196
TXN00002516,FAN_SIM_2516,MATCH003,1,0,FAILED,FILE_LOCK,2026-07-13 04:30:09,220
TXN00002572,FAN_SIM_2571,MATCH003,1,0,FAILED,FILE_LOCK,2026-07-13 04:30:09,37
TXN00002573,FAN_SIM_2572,MATCH003,1,0,FAILED,FILE_LOCK,2026-07-13 04:30:09,28
TXN00002575,FAN_SIM_2574,MATCH003,1,0,FAILED,FILE_LOCK,2026-07-13 04:30:09,28
TXN00002561,FAN_SIM_2560,MATCH003,1,0,FAILED,FILE_LOCK,2026-07-13 04:30:09,196
TXN00002574,FAN_SIM_2573,MATCH003,1,0,FAILED,FILE_LOCK,2026-07-13 04:30:09,29
TXN00002562,FAN_SIM_2561,MATCH003,1,0,FAILED,FILE_LOCK,2026-07-13 04:30:09,196
TXN00002556,FAN_SIM_2555,MATCH003,1,0,FAILED,FILE_LOCK,2026-07-13 04:30:09,198
TXN00002577,FAN_SIM_2576,MATCH003,1,0,FAILED,FILE_LOCK,2026-07-13 04:30:09,0
TXN00002579,FAN_SIM_2578,MATCH003,1,0,FAILED,FILE_LOCK,2026-07-13 04:30:09,0
TXN00002578,FAN_SIM_2577,MATCH003,1,0,FAILED,FILE_LOCK,2026-07-13 04:30:09,0
TXN00002584,FAN_SIM_2583,MATCH003,1,0,FAILED,FILE_LOCK,2026-07-13 04:30:09,1
TXN00002581,FAN_SIM_2580,MATCH003,1,0,FAILED,FILE_LOCK,2026-07-13 04:30:09,2
TXN00002555,FAN_SIM_2554,MATCH003,1,0,FAILED,FILE_LOCK,2026-07-13 04:30:09,199
TXN00002559,FAN_SIM_2558,MATCH003,1,0,FAILED,FILE_LOCK,2026-07-13 04:30:09,197
TXN00002580,FAN_SIM_2579,MATCH003,1,0,FAILED,FILE_LOCK,2026-07-13 04:30:09,3
TXN00002585,FAN_SIM_2584,MATCH003,1,0,FAILED,FILE_LOCK,2026-07-13 04:30:09,3
TXN00002504,FAN_SIM_2503,MATCH003,1,500000,FAILED,FILE_LOCK,2026-07-13 04:30:09,227
TXN00002509,FAN_SIM_2508,MATCH003,1,500000,FAILED,FILE_LOCK,2026-07-13 04:30:09,226
TXN00002506,FAN_SIM_2505,MATCH003,1,500000,FAILED,FILE_LOCK,2026-07-13 04:30:09,226
TXN00002582,FAN_SIM_2581,MATCH003,1,0,FAILED,FILE_LOCK,2026-07-13 04:30:09,3
TXN00002513,FAN_SIM_2512,MATCH003,1,0,FAILED,FILE_LOCK,2026-07-13 04:30:09,225
TXN00002529,FAN_SIM_2528,MATCH003,1,0,FAILED,FILE_LOCK,2026-07-13 04:30:09,224
TXN00002586,FAN_SIM_2585,MATCH003,1,0,FAILED,FILE_LOCK,2026-07-13 04:30:09,2
TXN00002554,FAN_SIM_2553,MATCH003,1,0,FAILED,FILE_LOCK,2026-07-13 04:30:09,203
TXN00002552,FAN_SIM_2551,MATCH003,1,0,FAILED,FILE_LOCK,2026-07-13 04:30:09,203
TXN00002510,FAN_SIM_2509,MATCH003,1,500000,FAILED,FILE_LOCK,2026-07-13 04:30:09,225
TXN00002538,FAN_SIM_2537,MATCH003,1,0,FAILED,FILE_LOCK,2026-07-13 04:30:09,224
TXN00002583,FAN_SIM_2582,MATCH003,1,0,FAILED,FILE_LOCK,2026-07-13 04:30:09,3
TXN00002558,FAN_SIM_2557,MATCH003,1,0,FAILED,FILE_LOCK,2026-07-13 04:30:09,202
TXN00002502,FAN_SIM_2501,MATCH003,1,500000,FAILED,FILE_LOCK,2026-07-13 04:30:09,228
TXN00002549,FAN_SIM_2548,MATCH003,1,0,FAILED,FILE_LOCK,2026-07-13 04:30:09,205
TXN00002587,FAN_SIM_2586,MATCH003,1,0,FAILED,FILE_LOCK,2026-07-13 04:30:09,2
TXN00002588,FAN_SIM_2587,MATCH003,1,0,FAILED,FILE_LOCK,2026-07-13 04:30:09,2
TXN00002557,FAN_SIM_2556,MATCH003,1,0,FAILED,FILE_LOCK,2026-07-13 04:30:09,202
TXN00002551,FAN_SIM_2550,MATCH003,1,0,FAILED,FILE_LOCK,2026-07-13 04:30:09,204
TXN00002563,FAN_SIM_2562,MATCH003,1,0,FAILED,FILE_LOCK,2026-07-13 04:30:09,109
TXN00002539,FAN_SIM_2538,MATCH003,1,500000,FAILED,FILE_LOCK,2026-07-13 04:30:09,224
TXN00002547,FAN_SIM_2546,MATCH003,1,0,FAILED,FILE_LOCK,2026-07-13 04:30:09,221
TXN00002565,FAN_SIM_2564,MATCH003,1,0,FAILED,FILE_LOCK,2026-07-13 04:30:09,77
TXN00002546,FAN_SIM_2545,MATCH003,1,0,FAILED,FILE_LOCK,2026-07-13 04:30:09,221
TXN00002530,FAN_SIM_2529,MATCH003,1,0,FAILED,FILE_LOCK,2026-07-13 04:30:09,224
TXN00002514,FAN_SIM_2513,MATCH003,1,500000,FAILED,FILE_LOCK,2026-07-13 04:30:09,225
TXN00002503,FAN_SIM_2502,MATCH003,1,500000,FAILED,FILE_LOCK,2026-07-13 04:30:09,227
TXN00002545,FAN_SIM_2544,MATCH003,1,0,FAILED,FILE_LOCK,2026-07-13 04:30:09,223
TXN00002590,FAN_SIM_2589,MATCH003,1,0,FAILED,FILE_LOCK,2026-07-13 04:30:09,2
TXN00002526,FAN_SIM_2525,MATCH003,1,0,FAILED,FILE_LOCK,2026-07-13 04:30:09,224
TXN00002571,FAN_SIM_2570,MATCH003,1,0,FAILED,FILE_LOCK,2026-07-13 04:30:09,68
TXN00002548,FAN_SIM_2547,MATCH003,1,0,FAILED,FILE_LOCK,2026-07-13 04:30:09,209
TXN00002568,FAN_SIM_2567,MATCH003,1,0,FAILED,FILE_LOCK,2026-07-13 04:30:09,70
TXN00002511,FAN_SIM_2510,MATCH003,1,500000,FAILED,FILE_LOCK,2026-07-13 04:30:09,226
TXN00002599,FAN_SIM_2598,MATCH003,1,0,FAILED,FILE_LOCK,2026-07-13 04:30:09,1
TXN00002567,FAN_SIM_2566,MATCH003,1,0,FAILED,FILE_LOCK,2026-07-13 04:30:09,70
TXN00002507,FAN_SIM_2506,MATCH003,1,500000,FAILED,FILE_LOCK,2026-07-13 04:30:09,227
TXN00002595,FAN_SIM_2594,MATCH003,1,0,FAILED,FILE_LOCK,2026-07-13 04:30:09,2
TXN00002541,FAN_SIM_2540,MATCH003,1,0,FAILED,FILE_LOCK,2026-07-13 04:30:09,224
TXN00002566,FAN_SIM_2565,MATCH003,1,0,FAILED,FILE_LOCK,2026-07-13 04:30:09,77
TXN00002569,FAN_SIM_2568,MATCH003,1,0,FAILED,FILE_LOCK,2026-07-13 04:30:09,70
TXN00002540,FAN_SIM_2539,MATCH003,1,0,FAILED,FILE_LOCK,2026-07-13 04:30:09,225
TXN00002550,FAN_SIM_2549,MATCH003,1,0,FAILED,FILE_LOCK,2026-07-13 04:30:09,204
TXN00002597,FAN_SIM_2596,MATCH003,1,0,FAILED,FILE_LOCK,2026-07-13 04:30:09,2
TXN00002594,FAN_SIM_2593,MATCH003,1,0,FAILED,FILE_LOCK,2026-07-13 04:30:09,2
TXN00002589,FAN_SIM_2588,MATCH003,1,0,FAILED,FILE_LOCK,2026-07-13 04:30:09,2
TXN00002521,FAN_SIM_2521,MATCH003,1,0,FAILED,FILE_LOCK,2026-07-13 04:30:09,225
TXN00002592,FAN_SIM_2591,MATCH003,1,0,FAILED,FILE_LOCK,2026-07-13 04:30:09,2
TXN00002508,FAN_SIM_2507,MATCH003,1,500000,FAILED,FILE_LOCK,2026-07-13 04:30:09,227
TXN00002528,FAN_SIM_2527,MATCH003,1,500000,FAILED,FILE_LOCK,2026-07-13 04:30:09,224
TXN00002596,FAN_SIM_2595,MATCH003,1,0,FAILED,FILE_LOCK,2026-07-13 04:30:09,2
TXN00002591,FAN_SIM_2590,MATCH003,1,0,FAILED,FILE_LOCK,2026-07-13 04:30:09,2
TXN00002537,FAN_SIM_2536,MATCH003,1,500000,FAILED,FILE_LOCK,2026-07-13 04:30:09,225
TXN00002515,FAN_SIM_2515,MATCH003,1,0,FAILED,FILE_LOCK,2026-07-13 04:30:09,226
TXN00002534,FAN_SIM_2534,MATCH003,1,0,FAILED,FILE_LOCK,2026-07-13 04:30:09,225
TXN00002553,FAN_SIM_2552,MATCH003,1,0,FAILED,FILE_LOCK,2026-07-13 04:30:09,204
TXN00002519,FAN_SIM_2519,MATCH003,1,500000,FAILED,FILE_LOCK,2026-07-13 04:30:09,226
TXN00002532,FAN_SIM_2532,MATCH003,1,500000,FAILED,FILE_LOCK,2026-07-13 04:30:09,225
TXN00002533,FAN_SIM_2533,MATCH003,1,500000,FAILED,FILE_LOCK,2026-07-13 04:30:09,225
TXN00002593,FAN_SIM_2592,MATCH003,1,0,FAILED,FILE_LOCK,2026-07-13 04:30:09,2
TXN00002570,FAN_SIM_2569,MATCH003,1,0,FAILED,FILE_LOCK,2026-07-13 04:30:09,68
TXN00002522,FAN_SIM_2522,MATCH003,1,500000,FAILED,FILE_LOCK,2026-07-13 04:30:09,225
TXN00002659,FAN_SIM_2658,MATCH003,1,0,FAILED,FILE_LOCK,2026-07-13 04:30:09,266
TXN00002643,FAN_SIM_2642,MATCH003,1,0,FAILED,FILE_LOCK,2026-07-13 04:30:09,268
TXN00002641,FAN_SIM_2640,MATCH003,1,0,FAILED,FILE_LOCK,2026-07-13 04:30:09,268
TXN00002620,FAN_SIM_2619,MATCH003,1,0,FAILED,FILE_LOCK,2026-07-13 04:30:09,300
TXN00002637,FAN_SIM_2636,MATCH003,1,0,FAILED,FILE_LOCK,2026-07-13 04:30:09,268
TXN00002606,FAN_SIM_2605,MATCH003,1,0,FAILED,FILE_LOCK,2026-07-13 04:30:09,302
TXN00002652,FAN_SIM_2651,MATCH003,1,0,FAILED,FILE_LOCK,2026-07-13 04:30:09,267
TXN00002644,FAN_SIM_2643,MATCH003,1,0,FAILED,FILE_LOCK,2026-07-13 04:30:09,267
TXN00002635,FAN_SIM_2634,MATCH003,1,0,FAILED,FILE_LOCK,2026-07-13 04:30:09,268
TXN00002630,FAN_SIM_2629,MATCH003,1,0,FAILED,FILE_LOCK,2026-07-13 04:30:09,293
TXN00002638,FAN_SIM_2637,MATCH003,1,0,FAILED,FILE_LOCK,2026-07-13 04:30:09,268
TXN00002653,FAN_SIM_2652,MATCH003,1,0,FAILED,FILE_LOCK,2026-07-13 04:30:09,267
TXN00002657,FAN_SIM_2656,MATCH003,1,0,FAILED,FILE_LOCK,2026-07-13 04:30:09,266
TXN00002603,FAN_SIM_2602,MATCH003,1,0,FAILED,FILE_LOCK,2026-07-13 04:30:09,304
TXN00002622,FAN_SIM_2621,MATCH003,1,0,FAILED,FILE_LOCK,2026-07-13 04:30:09,300
TXN00002661,FAN_SIM_2660,MATCH003,1,0,FAILED,FILE_LOCK,2026-07-13 04:30:09,265
TXN00002662,FAN_SIM_2661,MATCH003,1,0,FAILED,FILE_LOCK,2026-07-13 04:30:09,165
TXN00002648,FAN_SIM_2647,MATCH003,1,0,FAILED,FILE_LOCK,2026-07-13 04:30:09,267
TXN00002625,FAN_SIM_2624,MATCH003,1,0,FAILED,FILE_LOCK,2026-07-13 04:30:09,299
TXN00002646,FAN_SIM_2645,MATCH003,1,0,FAILED,FILE_LOCK,2026-07-13 04:30:09,267
TXN00002628,FAN_SIM_2627,MATCH003,1,0,FAILED,FILE_LOCK,2026-07-13 04:30:09,298
TXN00002633,FAN_SIM_2632,MATCH003,1,0,FAILED,FILE_LOCK,2026-07-13 04:30:09,269
TXN00002605,FAN_SIM_2604,MATCH003,1,0,FAILED,FILE_LOCK,2026-07-13 04:30:09,302
TXN00002621,FAN_SIM_2620,MATCH003,1,0,FAILED,FILE_LOCK,2026-07-13 04:30:09,300
TXN00002631,FAN_SIM_2630,MATCH003,1,0,FAILED,FILE_LOCK,2026-07-13 04:30:09,291
TXN00002639,FAN_SIM_2638,MATCH003,1,0,FAILED,FILE_LOCK,2026-07-13 04:30:09,268
TXN00002642,FAN_SIM_2641,MATCH003,1,0,FAILED,FILE_LOCK,2026-07-13 04:30:09,269
TXN00002634,FAN_SIM_2633,MATCH003,1,0,FAILED,FILE_LOCK,2026-07-13 04:30:09,270
TXN00002614,FAN_SIM_2613,MATCH003,1,0,FAILED,FILE_LOCK,2026-07-13 04:30:09,302
TXN00002656,FAN_SIM_2655,MATCH003,1,0,FAILED,FILE_LOCK,2026-07-13 04:30:09,268
TXN00002624,FAN_SIM_2623,MATCH003,1,0,FAILED,FILE_LOCK,2026-07-13 04:30:09,300
TXN00002655,FAN_SIM_2654,MATCH003,1,0,FAILED,FILE_LOCK,2026-07-13 04:30:09,268
TXN00002615,FAN_SIM_2614,MATCH003,1,0,FAILED,FILE_LOCK,2026-07-13 04:30:09,301
TXN00002632,FAN_SIM_2631,MATCH003,1,0,FAILED,FILE_LOCK,2026-07-13 04:30:09,273
TXN00002647,FAN_SIM_2646,MATCH003,1,0,FAILED,FILE_LOCK,2026-07-13 04:30:09,268
TXN00002618,FAN_SIM_2617,MATCH003,1,0,FAILED,FILE_LOCK,2026-07-13 04:30:09,301
TXN00002658,FAN_SIM_2657,MATCH003,1,0,FAILED,FILE_LOCK,2026-07-13 04:30:09,267
TXN00002645,FAN_SIM_2644,MATCH003,1,0,FAILED,FILE_LOCK,2026-07-13 04:30:09,268
TXN00002627,FAN_SIM_2626,MATCH003,1,0,FAILED,FILE_LOCK,2026-07-13 04:30:09,299
TXN00002600,FAN_SIM_2599,MATCH003,1,0,FAILED,FILE_LOCK,2026-07-13 04:30:09,306
TXN00002636,FAN_SIM_2635,MATCH003,1,0,FAILED,FILE_LOCK,2026-07-13 04:30:09,269
TXN00002629,FAN_SIM_2628,MATCH003,1,0,FAILED,FILE_LOCK,2026-07-13 04:30:09,299
TXN00002651,FAN_SIM_2650,MATCH003,1,0,FAILED,FILE_LOCK,2026-07-13 04:30:09,268
TXN00002604,FAN_SIM_2603,MATCH003,1,0,FAILED,FILE_LOCK,2026-07-13 04:30:09,303
TXN00002649,FAN_SIM_2648,MATCH003,1,0,FAILED,FILE_LOCK,2026-07-13 04:30:09,268
TXN00002640,FAN_SIM_2639,MATCH003,1,0,FAILED,FILE_LOCK,2026-07-13 04:30:09,269
TXN00002650,FAN_SIM_2649,MATCH003,1,0,FAILED,FILE_LOCK,2026-07-13 04:30:09,268
TXN00002613,FAN_SIM_2612,MATCH003,1,0,FAILED,FILE_LOCK,2026-07-13 04:30:09,302
TXN00002616,FAN_SIM_2615,MATCH003,1,0,FAILED,FILE_LOCK,2026-07-13 04:30:09,301
TXN00002623,FAN_SIM_2622,MATCH003,1,0,FAILED,FILE_LOCK,2026-07-13 04:30:09,300
TXN00002663,FAN_SIM_2662,MATCH003,1,0,FAILED,FILE_LOCK,2026-07-13 04:30:09,0
TXN00002617,FAN_SIM_2616,MATCH003,1,500000,FAILED,FILE_LOCK,2026-07-13 04:30:09,301
TXN00002667,FAN_SIM_2666,MATCH003,1,0,FAILED,FILE_LOCK,2026-07-13 04:30:09,0
TXN00002610,FAN_SIM_2609,MATCH003,1,500000,FAILED,FILE_LOCK,2026-07-13 04:30:09,304
TXN00002673,FAN_SIM_2672,MATCH003,1,0,FAILED,FILE_LOCK,2026-07-13 04:30:09,1
TXN00002607,FAN_SIM_2606,MATCH003,1,500000,FAILED,FILE_LOCK,2026-07-13 04:30:09,306
TXN00002608,FAN_SIM_2607,MATCH003,1,500000,FAILED,FILE_LOCK,2026-07-13 04:30:09,304
TXN00002612,FAN_SIM_2611,MATCH003,1,500000,FAILED,FILE_LOCK,2026-07-13 04:30:09,303
TXN00002666,FAN_SIM_2665,MATCH003,1,0,FAILED,FILE_LOCK,2026-07-13 04:30:09,0
TXN00002626,FAN_SIM_2625,MATCH003,1,500000,FAILED,FILE_LOCK,2026-07-13 04:30:09,301
TXN00002675,FAN_SIM_2674,MATCH003,1,0,FAILED,FILE_LOCK,2026-07-13 04:30:09,1
TXN00002601,FAN_SIM_2600,MATCH003,1,500000,FAILED,FILE_LOCK,2026-07-13 04:30:09,306
TXN00002598,FAN_SIM_2597,MATCH003,1,500000,FAILED,FILE_LOCK,2026-07-13 04:30:09,309
TXN00002676,FAN_SIM_2675,MATCH003,1,0,FAILED,FILE_LOCK,2026-07-13 04:30:09,0
TXN00002602,FAN_SIM_2601,MATCH003,1,500000,FAILED,FILE_LOCK,2026-07-13 04:30:09,308
TXN00002660,FAN_SIM_2659,MATCH003,1,500000,FAILED,FILE_LOCK,2026-07-13 04:30:09,267
TXN00002611,FAN_SIM_2610,MATCH003,1,500000,FAILED,FILE_LOCK,2026-07-13 04:30:09,303
TXN00002609,FAN_SIM_2608,MATCH003,1,500000,FAILED,FILE_LOCK,2026-07-13 04:30:09,306
TXN00002665,FAN_SIM_2664,MATCH003,1,0,FAILED,FILE_LOCK,2026-07-13 04:30:09,0
TXN00002674,FAN_SIM_2673,MATCH003,1,0,FAILED,FILE_LOCK,2026-07-13 04:30:09,0
TXN00002654,FAN_SIM_2653,MATCH003,1,500000,FAILED,FILE_LOCK,2026-07-13 04:30:09,269
TXN00002668,FAN_SIM_2667,MATCH003,1,0,FAILED,FILE_LOCK,2026-07-13 04:30:09,0
TXN00002670,FAN_SIM_2669,MATCH003,1,0,FAILED,FILE_LOCK,2026-07-13 04:30:09,2
TXN00002671,FAN_SIM_2670,MATCH003,1,0,FAILED,FILE_LOCK,2026-07-13 04:30:09,2
TXN00002677,FAN_SIM_2676,MATCH003,1,0,FAILED,FILE_LOCK,2026-07-13 04:30:09,1
TXN00002669,FAN_SIM_2668,MATCH003,1,0,FAILED,FILE_LOCK,2026-07-13 04:30:09,0
TXN00002672,FAN_SIM_2671,MATCH003,1,0,FAILED,FILE_LOCK,2026-07-13 04:30:09,1
TXN00002664,FAN_SIM_2663,MATCH003,1,0,FAILED,FILE_LOCK,2026-07-13 04:30:09,1
TXN00002678,FAN_SIM_2677,MATCH003,1,0,FAILED,FILE_LOCK,2026-07-13 04:30:09,1
TXN00002619,FAN_SIM_2618,MATCH003,1,500000,FAILED,FILE_LOCK,2026-07-13 04:30:09,301
TXN00002705,FAN_SIM_2705,MATCH003,1,0,FAILED,FILE_LOCK,2026-07-13 04:30:09,41
TXN00002701,FAN_SIM_2701,MATCH003,1,0,FAILED,FILE_LOCK,2026-07-13 04:30:09,41
TXN00002698,FAN_SIM_2698,MATCH003,1,0,FAILED,FILE_LOCK,2026-07-13 04:30:09,41
TXN00002741,FAN_SIM_2740,MATCH003,1,0,FAILED,FILE_LOCK,2026-07-13 04:30:09,24
TXN00002702,FAN_SIM_2702,MATCH003,1,0,FAILED,FILE_LOCK,2026-07-13 04:30:09,41
TXN00002710,FAN_SIM_2711,MATCH003,1,0,FAILED,FILE_LOCK,2026-07-13 04:30:09,41
TXN00002713,FAN_SIM_2714,MATCH003,1,0,FAILED,FILE_LOCK,2026-07-13 04:30:09,41
TXN00002697,FAN_SIM_2697,MATCH003,1,0,FAILED,FILE_LOCK,2026-07-13 04:30:09,41
TXN00002720,FAN_SIM_2720,MATCH003,1,0,FAILED,FILE_LOCK,2026-07-13 04:30:09,41
TXN00002708,FAN_SIM_2709,MATCH003,1,0,FAILED,FILE_LOCK,2026-07-13 04:30:09,41
TXN00002737,FAN_SIM_2695,MATCH003,1,0,FAILED,FILE_LOCK,2026-07-13 04:30:09,39
TXN00002719,FAN_SIM_2719,MATCH003,1,0,FAILED,FILE_LOCK,2026-07-13 04:30:09,41
TXN00002714,FAN_SIM_2715,MATCH003,1,0,FAILED,FILE_LOCK,2026-07-13 04:30:09,41
TXN00002716,FAN_SIM_2708,MATCH003,1,0,FAILED,FILE_LOCK,2026-07-13 04:30:09,41
TXN00002682,FAN_SIM_2681,MATCH003,1,500000,FAILED,FILE_LOCK,2026-07-13 04:30:09,48
TXN00002718,FAN_SIM_2718,MATCH003,1,0,FAILED,FILE_LOCK,2026-07-13 04:30:09,42
TXN00002715,FAN_SIM_2716,MATCH003,1,0,FAILED,FILE_LOCK,2026-07-13 04:30:09,42
TXN00002722,FAN_SIM_2722,MATCH003,1,0,FAILED,FILE_LOCK,2026-07-13 04:30:09,42
TXN00002724,FAN_SIM_2724,MATCH003,1,0,FAILED,FILE_LOCK,2026-07-13 04:30:09,42
TXN00002688,FAN_SIM_2687,MATCH003,1,0,FAILED,FILE_LOCK,2026-07-13 04:30:09,45
TXN00002728,FAN_SIM_2728,MATCH003,1,0,FAILED,FILE_LOCK,2026-07-13 04:30:09,41
TXN00002687,FAN_SIM_2686,MATCH003,1,0,FAILED,FILE_LOCK,2026-07-13 04:30:09,46
TXN00002694,FAN_SIM_2694,MATCH003,1,0,FAILED,FILE_LOCK,2026-07-13 04:30:09,43
TXN00002684,FAN_SIM_2683,MATCH003,1,500000,FAILED,FILE_LOCK,2026-07-13 04:30:09,48
TXN00002744,FAN_SIM_2743,MATCH003,1,0,FAILED,FILE_LOCK,2026-07-13 04:30:09,0
TXN00002681,FAN_SIM_2680,MATCH003,1,500000,FAILED,FILE_LOCK,2026-07-13 04:30:09,50
TXN00002711,FAN_SIM_2712,MATCH003,1,0,FAILED,FILE_LOCK,2026-07-13 04:30:09,42
TXN00002679,FAN_SIM_2678,MATCH003,1,0,FAILED,FILE_LOCK,2026-07-13 04:30:09,49
TXN00002706,FAN_SIM_2706,MATCH003,1,0,FAILED,FILE_LOCK,2026-07-13 04:30:09,42
TXN00002685,FAN_SIM_2684,MATCH003,1,0,FAILED,FILE_LOCK,2026-07-13 04:30:09,47
TXN00002712,FAN_SIM_2713,MATCH003,1,0,FAILED,FILE_LOCK,2026-07-13 04:30:09,42
TXN00002695,FAN_SIM_2692,MATCH003,1,0,FAILED,FILE_LOCK,2026-07-13 04:30:09,44
TXN00002690,FAN_SIM_2689,MATCH003,1,0,FAILED,FILE_LOCK,2026-07-13 04:30:09,43
TXN00002686,FAN_SIM_2685,MATCH003,1,0,FAILED,FILE_LOCK,2026-07-13 04:30:09,47
TXN00002733,FAN_SIM_2733,MATCH003,1,0,FAILED,FILE_LOCK,2026-07-13 04:30:09,41
TXN00002729,FAN_SIM_2729,MATCH003,1,0,FAILED,FILE_LOCK,2026-07-13 04:30:09,41
TXN00002735,FAN_SIM_2735,MATCH003,1,0,FAILED,FILE_LOCK,2026-07-13 04:30:09,42
TXN00002717,FAN_SIM_2717,MATCH003,1,0,FAILED,FILE_LOCK,2026-07-13 04:30:09,42
TXN00002726,FAN_SIM_2726,MATCH003,1,0,FAILED,FILE_LOCK,2026-07-13 04:30:09,42
TXN00002692,FAN_SIM_2691,MATCH003,1,0,FAILED,FILE_LOCK,2026-07-13 04:30:09,43
TXN00002699,FAN_SIM_2699,MATCH003,1,0,FAILED,FILE_LOCK,2026-07-13 04:30:09,42
TXN00002731,FAN_SIM_2731,MATCH003,1,0,FAILED,FILE_LOCK,2026-07-13 04:30:09,41
TXN00002740,FAN_SIM_2739,MATCH003,1,0,FAILED,FILE_LOCK,2026-07-13 04:30:09,25
TXN00002704,FAN_SIM_2704,MATCH003,1,0,FAILED,FILE_LOCK,2026-07-13 04:30:09,42
TXN00002730,FAN_SIM_2730,MATCH003,1,0,FAILED,FILE_LOCK,2026-07-13 04:30:09,41
TXN00002721,FAN_SIM_2721,MATCH003,1,0,FAILED,FILE_LOCK,2026-07-13 04:30:09,42
TXN00002739,FAN_SIM_2738,MATCH003,1,0,FAILED,FILE_LOCK,2026-07-13 04:30:09,36
TXN00002736,FAN_SIM_2736,MATCH003,1,0,FAILED,FILE_LOCK,2026-07-13 04:30:09,42
TXN00002743,FAN_SIM_2742,MATCH003,1,0,FAILED,FILE_LOCK,2026-07-13 04:30:09,1
TXN00002709,FAN_SIM_2710,MATCH003,1,0,FAILED,FILE_LOCK,2026-07-13 04:30:09,42
TXN00002738,FAN_SIM_2737,MATCH003,1,0,FAILED,FILE_LOCK,2026-07-13 04:30:09,41
TXN00002725,FAN_SIM_2725,MATCH003,1,0,FAILED,FILE_LOCK,2026-07-13 04:30:09,43
TXN00002742,FAN_SIM_2741,MATCH003,1,0,FAILED,FILE_LOCK,2026-07-13 04:30:09,26
TXN00002693,FAN_SIM_2693,MATCH003,1,0,FAILED,FILE_LOCK,2026-07-13 04:30:09,44
TXN00002700,FAN_SIM_2700,MATCH003,1,0,FAILED,FILE_LOCK,2026-07-13 04:30:09,42
TXN00002727,FAN_SIM_2727,MATCH003,1,0,FAILED,FILE_LOCK,2026-07-13 04:30:09,42
TXN00002707,FAN_SIM_2707,MATCH003,1,0,FAILED,FILE_LOCK,2026-07-13 04:30:09,42
TXN00002732,FAN_SIM_2732,MATCH003,1,0,FAILED,FILE_LOCK,2026-07-13 04:30:09,41
TXN00002683,FAN_SIM_2682,MATCH003,1,0,FAILED,FILE_LOCK,2026-07-13 04:30:09,47
TXN00002696,FAN_SIM_2696,MATCH003,1,0,FAILED,FILE_LOCK,2026-07-13 04:30:09,43
TXN00002734,FAN_SIM_2734,MATCH003,1,0,FAILED,FILE_LOCK,2026-07-13 04:30:09,41
TXN00002723,FAN_SIM_2723,MATCH003,1,0,FAILED,FILE_LOCK,2026-07-13 04:30:09,43
TXN00002703,FAN_SIM_2703,MATCH003,1,0,FAILED,FILE_LOCK,2026-07-13 04:30:09,42
TXN00002680,FAN_SIM_2679,MATCH003,1,0,FAILED,FILE_LOCK,2026-07-13 04:30:09,49
TXN00002691,FAN_SIM_2690,MATCH003,1,0,FAILED,FILE_LOCK,2026-07-13 04:30:09,43
TXN00002689,FAN_SIM_2688,MATCH003,1,0,FAILED,FILE_LOCK,2026-07-13 04:30:09,44
TXN00002747,FAN_SIM_2746,MATCH003,1,0,FAILED,FILE_LOCK,2026-07-13 04:30:09,218
TXN00002755,FAN_SIM_2754,MATCH003,1,0,FAILED,FILE_LOCK,2026-07-13 04:30:09,215
TXN00002789,FAN_SIM_2788,MATCH003,1,0,FAILED,FILE_LOCK,2026-07-13 04:30:09,189
TXN00002752,FAN_SIM_2751,MATCH003,1,0,FAILED,FILE_LOCK,2026-07-13 04:30:09,217
TXN00002761,FAN_SIM_2760,MATCH003,1,0,FAILED,FILE_LOCK,2026-07-13 04:30:09,190
TXN00002758,FAN_SIM_2757,MATCH003,1,0,FAILED,FILE_LOCK,2026-07-13 04:30:09,191
TXN00002748,FAN_SIM_2747,MATCH003,1,0,FAILED,FILE_LOCK,2026-07-13 04:30:09,218
TXN00002781,FAN_SIM_2781,MATCH003,1,0,FAILED,FILE_LOCK,2026-07-13 04:30:09,190
TXN00002798,FAN_SIM_2797,MATCH003,1,0,FAILED,FILE_LOCK,2026-07-13 04:30:09,188
TXN00002750,FAN_SIM_2749,MATCH003,1,0,FAILED,FILE_LOCK,2026-07-13 04:30:09,218
TXN00002791,FAN_SIM_2790,MATCH003,1,500000,FAILED,FILE_LOCK,2026-07-13 04:30:09,189
TXN00002796,FAN_SIM_2795,MATCH003,1,0,FAILED,FILE_LOCK,2026-07-13 04:30:09,189
TXN00002746,FAN_SIM_2745,MATCH003,1,0,FAILED,FILE_LOCK,2026-07-13 04:30:09,219
TXN00002797,FAN_SIM_2796,MATCH003,1,0,FAILED,FILE_LOCK,2026-07-13 04:30:09,189
TXN00002768,FAN_SIM_2766,MATCH003,1,0,FAILED,FILE_LOCK,2026-07-13 04:30:09,190
TXN00002801,FAN_SIM_2800,MATCH003,1,0,FAILED,FILE_LOCK,2026-07-13 04:30:09,185
TXN00002808,FAN_SIM_2807,MATCH003,1,0,FAILED,FILE_LOCK,2026-07-13 04:30:09,179
TXN00002803,FAN_SIM_2802,MATCH003,1,0,FAILED,FILE_LOCK,2026-07-13 04:30:09,185
TXN00002749,FAN_SIM_2748,MATCH003,1,500000,FAILED,FILE_LOCK,2026-07-13 04:30:09,218
TXN00002788,FAN_SIM_2787,MATCH003,1,0,FAILED,FILE_LOCK,2026-07-13 04:30:09,189
TXN00002787,FAN_SIM_2786,MATCH003,1,0,FAILED,FILE_LOCK,2026-07-13 04:30:09,189
TXN00002807,FAN_SIM_2806,MATCH003,1,0,FAILED,FILE_LOCK,2026-07-13 04:30:09,181
TXN00002756,FAN_SIM_2755,MATCH003,1,0,FAILED,FILE_LOCK,2026-07-13 04:30:09,191
TXN00002790,FAN_SIM_2789,MATCH003,1,0,FAILED,FILE_LOCK,2026-07-13 04:30:09,189
TXN00002805,FAN_SIM_2804,MATCH003,1,0,FAILED,FILE_LOCK,2026-07-13 04:30:09,185
TXN00002802,FAN_SIM_2801,MATCH003,1,0,FAILED,FILE_LOCK,2026-07-13 04:30:09,185
TXN00002786,FAN_SIM_2785,MATCH003,1,0,FAILED,FILE_LOCK,2026-07-13 04:30:09,189
TXN00002794,FAN_SIM_2793,MATCH003,1,0,FAILED,FILE_LOCK,2026-07-13 04:30:09,189
TXN00002804,FAN_SIM_2803,MATCH003,1,0,FAILED,FILE_LOCK,2026-07-13 04:30:09,185
TXN00002792,FAN_SIM_2791,MATCH003,1,0,FAILED,FILE_LOCK,2026-07-13 04:30:09,189
TXN00002793,FAN_SIM_2792,MATCH003,1,0,FAILED,FILE_LOCK,2026-07-13 04:30:09,189
TXN00002811,FAN_SIM_2810,MATCH003,1,0,FAILED,FILE_LOCK,2026-07-13 04:30:09,1
TXN00002812,FAN_SIM_2811,MATCH003,1,0,FAILED,FILE_LOCK,2026-07-13 04:30:09,1
TXN00002762,FAN_SIM_2761,MATCH003,1,0,FAILED,FILE_LOCK,2026-07-13 04:30:09,190
TXN00002784,FAN_SIM_2783,MATCH003,1,0,FAILED,FILE_LOCK,2026-07-13 04:30:09,190
TXN00002785,FAN_SIM_2784,MATCH003,1,500000,FAILED,FILE_LOCK,2026-07-13 04:30:09,191
TXN00002806,FAN_SIM_2805,MATCH003,1,0,FAILED,FILE_LOCK,2026-07-13 04:30:09,181
TXN00002800,FAN_SIM_2799,MATCH003,1,0,FAILED,FILE_LOCK,2026-07-13 04:30:09,187
TXN00002769,FAN_SIM_2768,MATCH003,1,0,FAILED,FILE_LOCK,2026-07-13 04:30:09,190
TXN00002770,FAN_SIM_2769,MATCH003,1,0,FAILED,FILE_LOCK,2026-07-13 04:30:09,190
TXN00002809,FAN_SIM_2808,MATCH003,1,0,FAILED,FILE_LOCK,2026-07-13 04:30:09,0
TXN00002810,FAN_SIM_2809,MATCH003,1,0,FAILED,FILE_LOCK,2026-07-13 04:30:09,1
TXN00002813,FAN_SIM_2812,MATCH003,1,0,FAILED,FILE_LOCK,2026-07-13 04:30:09,1
TXN00002814,FAN_SIM_2813,MATCH003,1,0,FAILED,FILE_LOCK,2026-07-13 04:30:09,2
TXN00002777,FAN_SIM_2776,MATCH003,1,500000,FAILED,FILE_LOCK,2026-07-13 04:30:09,208
TXN00002754,FAN_SIM_2753,MATCH003,1,500000,FAILED,FILE_LOCK,2026-07-13 04:30:09,233
TXN00002753,FAN_SIM_2752,MATCH003,1,500000,FAILED,FILE_LOCK,2026-07-13 04:30:09,242
TXN00002795,FAN_SIM_2794,MATCH003,1,500000,FAILED,FILE_LOCK,2026-07-13 04:30:09,237
TXN00002757,FAN_SIM_2756,MATCH003,1,500000,FAILED,FILE_LOCK,2026-07-13 04:30:09,244
TXN00002836,FAN_SIM_2835,MATCH003,1,0,FAILED,FILE_LOCK,2026-07-13 04:30:09,46
TXN00002832,FAN_SIM_2831,MATCH003,1,0,FAILED,FILE_LOCK,2026-07-13 04:30:09,48
TXN00002838,FAN_SIM_2837,MATCH003,1,0,FAILED,FILE_LOCK,2026-07-13 04:30:09,46
TXN00002835,FAN_SIM_2834,MATCH003,1,0,FAILED,FILE_LOCK,2026-07-13 04:30:09,48
TXN00002856,FAN_SIM_2855,MATCH003,1,0,FAILED,FILE_LOCK,2026-07-13 04:30:09,6
TXN00002823,FAN_SIM_2822,MATCH003,1,0,FAILED,FILE_LOCK,2026-07-13 04:30:09,49
TXN00002819,FAN_SIM_2818,MATCH003,1,0,FAILED,FILE_LOCK,2026-07-13 04:30:09,49
TXN00002853,FAN_SIM_2852,MATCH003,1,0,FAILED,FILE_LOCK,2026-07-13 04:30:09,37
TXN00002854,FAN_SIM_2853,MATCH003,1,0,FAILED,FILE_LOCK,2026-07-13 04:30:09,37
TXN00002822,FAN_SIM_2821,MATCH003,1,0,FAILED,FILE_LOCK,2026-07-13 04:30:09,49
TXN00002834,FAN_SIM_2833,MATCH003,1,0,FAILED,FILE_LOCK,2026-07-13 04:30:09,48
TXN00002776,FAN_SIM_2775,MATCH003,1,500000,FAILED,FILE_LOCK,2026-07-13 04:30:09,245
TXN00002829,FAN_SIM_2828,MATCH003,1,0,FAILED,FILE_LOCK,2026-07-13 04:30:09,49
TXN00002826,FAN_SIM_2825,MATCH003,1,0,FAILED,FILE_LOCK,2026-07-13 04:30:09,49
TXN00002759,FAN_SIM_2758,MATCH003,1,500000,FAILED,FILE_LOCK,2026-07-13 04:30:09,247
TXN00002837,FAN_SIM_2836,MATCH003,1,0,FAILED,FILE_LOCK,2026-07-13 04:30:09,49
TXN00002824,FAN_SIM_2823,MATCH003,1,0,FAILED,FILE_LOCK,2026-07-13 04:30:09,49
TXN00002825,FAN_SIM_2824,MATCH003,1,0,FAILED,FILE_LOCK,2026-07-13 04:30:09,50
TXN00002833,FAN_SIM_2832,MATCH003,1,0,FAILED,FILE_LOCK,2026-07-13 04:30:09,49
TXN00002827,FAN_SIM_2826,MATCH003,1,0,FAILED,FILE_LOCK,2026-07-13 04:30:09,50
TXN00002828,FAN_SIM_2827,MATCH003,1,0,FAILED,FILE_LOCK,2026-07-13 04:30:09,50
TXN00002840,FAN_SIM_2839,MATCH003,1,0,FAILED,FILE_LOCK,2026-07-13 04:30:09,49
TXN00002844,FAN_SIM_2844,MATCH003,1,0,FAILED,FILE_LOCK,2026-07-13 04:30:09,49
TXN00002847,FAN_SIM_2843,MATCH003,1,0,FAILED,FILE_LOCK,2026-07-13 04:30:09,49
TXN00002855,FAN_SIM_2854,MATCH003,1,0,FAILED,FILE_LOCK,2026-07-13 04:30:09,29
TXN00002845,FAN_SIM_2845,MATCH003,1,0,FAILED,FILE_LOCK,2026-07-13 04:30:09,49
TXN00002764,FAN_SIM_2763,MATCH003,1,500000,FAILED,FILE_LOCK,2026-07-13 04:30:09,246
TXN00002852,FAN_SIM_2851,MATCH003,1,0,FAILED,FILE_LOCK,2026-07-13 04:30:09,48
TXN00002821,FAN_SIM_2820,MATCH003,1,0,FAILED,FILE_LOCK,2026-07-13 04:30:09,50
TXN00002843,FAN_SIM_2842,MATCH003,1,0,FAILED,FILE_LOCK,2026-07-13 04:30:09,49
TXN00002839,FAN_SIM_2838,MATCH003,1,0,FAILED,FILE_LOCK,2026-07-13 04:30:09,49
TXN00002830,FAN_SIM_2829,MATCH003,1,0,FAILED,FILE_LOCK,2026-07-13 04:30:09,50
TXN00002816,FAN_SIM_2815,MATCH003,1,0,FAILED,FILE_LOCK,2026-07-13 04:30:09,50
TXN00002831,FAN_SIM_2830,MATCH003,1,0,FAILED,FILE_LOCK,2026-07-13 04:30:09,50
TXN00002849,FAN_SIM_2848,MATCH003,1,0,FAILED,FILE_LOCK,2026-07-13 04:30:09,48
TXN00002841,FAN_SIM_2840,MATCH003,1,0,FAILED,FILE_LOCK,2026-07-13 04:30:09,49
TXN00002817,FAN_SIM_2816,MATCH003,1,0,FAILED,FILE_LOCK,2026-07-13 04:30:09,50
TXN00002818,FAN_SIM_2817,MATCH003,1,0,FAILED,FILE_LOCK,2026-07-13 04:30:09,50
TXN00002846,FAN_SIM_2846,MATCH003,1,0,FAILED,FILE_LOCK,2026-07-13 04:30:09,49
TXN00002815,FAN_SIM_2814,MATCH003,1,0,FAILED,FILE_LOCK,2026-07-13 04:30:09,51
TXN00002842,FAN_SIM_2841,MATCH003,1,0,FAILED,FILE_LOCK,2026-07-13 04:30:09,49
TXN00002820,FAN_SIM_2819,MATCH003,1,0,FAILED,FILE_LOCK,2026-07-13 04:30:09,50
TXN00002851,FAN_SIM_2850,MATCH003,1,0,FAILED,FILE_LOCK,2026-07-13 04:30:09,49
TXN00002780,FAN_SIM_2779,MATCH003,1,500000,FAILED,FILE_LOCK,2026-07-13 04:30:09,247
TXN00002859,FAN_SIM_2858,MATCH003,1,0,FAILED,FILE_LOCK,2026-07-13 04:30:09,2
TXN00002858,FAN_SIM_2857,MATCH003,1,0,FAILED,FILE_LOCK,2026-07-13 04:30:09,2
TXN00002860,FAN_SIM_2859,MATCH003,1,0,FAILED,FILE_LOCK,2026-07-13 04:30:09,2
TXN00002848,FAN_SIM_2847,MATCH003,1,0,FAILED,FILE_LOCK,2026-07-13 04:30:09,48
TXN00002850,FAN_SIM_2849,MATCH003,1,0,FAILED,FILE_LOCK,2026-07-13 04:30:09,49
TXN00002861,FAN_SIM_2860,MATCH003,1,0,FAILED,FILE_LOCK,2026-07-13 04:30:09,1
TXN00002857,FAN_SIM_2856,MATCH003,1,0,FAILED,FILE_LOCK,2026-07-13 04:30:09,4
TXN00002745,FAN_SIM_2744,MATCH003,1,500000,FAILED,FILE_LOCK,2026-07-13 04:30:09,276
TXN00002775,FAN_SIM_2774,MATCH003,1,500000,FAILED,FILE_LOCK,2026-07-13 04:30:09,247
TXN00002765,FAN_SIM_2764,MATCH003,1,500000,FAILED,FILE_LOCK,2026-07-13 04:30:09,248
TXN00002778,FAN_SIM_2777,MATCH003,1,500000,FAILED,FILE_LOCK,2026-07-13 04:30:09,248
TXN00002799,FAN_SIM_2798,MATCH003,1,500000,FAILED,FILE_LOCK,2026-07-13 04:30:09,245
TXN00002763,FAN_SIM_2762,MATCH003,1,500000,FAILED,FILE_LOCK,2026-07-13 04:30:09,248
TXN00002771,FAN_SIM_2770,MATCH003,1,500000,FAILED,FILE_LOCK,2026-07-13 04:30:09,248
TXN00002760,FAN_SIM_2759,MATCH003,1,500000,FAILED,FILE_LOCK,2026-07-13 04:30:09,248
TXN00002773,FAN_SIM_2772,MATCH003,1,500000,FAILED,FILE_LOCK,2026-07-13 04:30:09,249
TXN00002772,FAN_SIM_2771,MATCH003,1,500000,FAILED,FILE_LOCK,2026-07-13 04:30:09,249
TXN00002751,FAN_SIM_2750,MATCH003,1,500000,FAILED,FILE_LOCK,2026-07-13 04:30:09,285
TXN00002766,FAN_SIM_2765,MATCH003,1,500000,FAILED,FILE_LOCK,2026-07-13 04:30:09,279
TXN00002767,FAN_SIM_2767,MATCH003,1,500000,FAILED,FILE_LOCK,2026-07-13 04:30:10,317
TXN00002896,FAN_SIM_2895,MATCH003,1,0,FAILED,FILE_LOCK,2026-07-13 04:30:10,106
TXN00002874,FAN_SIM_2873,MATCH003,1,0,FAILED,FILE_LOCK,2026-07-13 04:30:10,107
TXN00002898,FAN_SIM_2897,MATCH003,1,0,FAILED,FILE_LOCK,2026-07-13 04:30:10,106
TXN00002878,FAN_SIM_2877,MATCH003,1,0,FAILED,FILE_LOCK,2026-07-13 04:30:10,107
TXN00002782,FAN_SIM_2780,MATCH003,1,500000,FAILED,FILE_LOCK,2026-07-13 04:30:10,357
TXN00002902,FAN_SIM_2901,MATCH003,1,0,FAILED,FILE_LOCK,2026-07-13 04:30:10,106
TXN00002921,FAN_SIM_2920,MATCH003,1,0,FAILED,FILE_LOCK,2026-07-13 04:30:10,4
TXN00002911,FAN_SIM_2910,MATCH003,1,0,FAILED,FILE_LOCK,2026-07-13 04:30:10,105
TXN00002869,FAN_SIM_2868,MATCH003,1,0,FAILED,FILE_LOCK,2026-07-13 04:30:10,107
TXN00002903,FAN_SIM_2902,MATCH003,1,0,FAILED,FILE_LOCK,2026-07-13 04:30:10,105
TXN00002910,FAN_SIM_2909,MATCH003,1,0,FAILED,FILE_LOCK,2026-07-13 04:30:10,105
TXN00002913,FAN_SIM_2912,MATCH003,1,0,FAILED,FILE_LOCK,2026-07-13 04:30:10,105
TXN00002915,FAN_SIM_2914,MATCH003,1,0,FAILED,FILE_LOCK,2026-07-13 04:30:10,105
TXN00002779,FAN_SIM_2778,MATCH003,1,500000,FAILED,FILE_LOCK,2026-07-13 04:30:10,357
TXN00002774,FAN_SIM_2773,MATCH003,1,500000,FAILED,FILE_LOCK,2026-07-13 04:30:10,358
TXN00002912,FAN_SIM_2911,MATCH003,1,0,FAILED,FILE_LOCK,2026-07-13 04:30:10,106
TXN00002919,FAN_SIM_2918,MATCH003,1,0,FAILED,FILE_LOCK,2026-07-13 04:30:10,100
TXN00002783,FAN_SIM_2782,MATCH003,1,500000,FAILED,FILE_LOCK,2026-07-13 04:30:10,358
TXN00002866,FAN_SIM_2865,MATCH003,1,0,FAILED,FILE_LOCK,2026-07-13 04:30:10,109
TXN00002918,FAN_SIM_2917,MATCH003,1,0,FAILED,FILE_LOCK,2026-07-13 04:30:10,105
TXN00002873,FAN_SIM_2872,MATCH003,1,500000,FAILED,FILE_LOCK,2026-07-13 04:30:10,108
TXN00002879,FAN_SIM_2878,MATCH003,1,0,FAILED,FILE_LOCK,2026-07-13 04:30:10,108
TXN00002867,FAN_SIM_2866,MATCH003,1,0,FAILED,FILE_LOCK,2026-07-13 04:30:10,108
TXN00002920,FAN_SIM_2919,MATCH003,1,0,FAILED,FILE_LOCK,2026-07-13 04:30:10,79
TXN00002916,FAN_SIM_2915,MATCH003,1,0,FAILED,FILE_LOCK,2026-07-13 04:30:10,105
TXN00002876,FAN_SIM_2874,MATCH003,1,0,FAILED,FILE_LOCK,2026-07-13 04:30:10,108
TXN00002868,FAN_SIM_2867,MATCH003,1,500000,FAILED,FILE_LOCK,2026-07-13 04:30:10,108
TXN00002906,FAN_SIM_2905,MATCH003,1,0,FAILED,FILE_LOCK,2026-07-13 04:30:10,106
TXN00002862,FAN_SIM_2861,MATCH003,1,500000,FAILED,FILE_LOCK,2026-07-13 04:30:10,111
TXN00002892,FAN_SIM_2891,MATCH003,1,0,FAILED,FILE_LOCK,2026-07-13 04:30:10,107
TXN00002871,FAN_SIM_2870,MATCH003,1,500000,FAILED,FILE_LOCK,2026-07-13 04:30:10,108
TXN00002917,FAN_SIM_2916,MATCH003,1,0,FAILED,FILE_LOCK,2026-07-13 04:30:10,105
TXN00002870,FAN_SIM_2869,MATCH003,1,500000,FAILED,FILE_LOCK,2026-07-13 04:30:10,109
TXN00002889,FAN_SIM_2889,MATCH003,1,0,FAILED,FILE_LOCK,2026-07-13 04:30:10,107
TXN00002886,FAN_SIM_2886,MATCH003,1,0,FAILED,FILE_LOCK,2026-07-13 04:30:10,107
TXN00002881,FAN_SIM_2880,MATCH003,1,500000,FAILED,FILE_LOCK,2026-07-13 04:30:10,109
TXN00002914,FAN_SIM_2913,MATCH003,1,0,FAILED,FILE_LOCK,2026-07-13 04:30:10,106
TXN00002864,FAN_SIM_2863,MATCH003,1,500000,FAILED,FILE_LOCK,2026-07-13 04:30:10,110
TXN00002893,FAN_SIM_2892,MATCH003,1,0,FAILED,FILE_LOCK,2026-07-13 04:30:10,108
TXN00002880,FAN_SIM_2879,MATCH003,1,0,FAILED,FILE_LOCK,2026-07-13 04:30:10,108
TXN00002907,FAN_SIM_2906,MATCH003,1,0,FAILED,FILE_LOCK,2026-07-13 04:30:10,106
TXN00002877,FAN_SIM_2876,MATCH003,1,0,FAILED,FILE_LOCK,2026-07-13 04:30:10,108
TXN00002888,FAN_SIM_2888,MATCH003,1,0,FAILED,FILE_LOCK,2026-07-13 04:30:10,107
TXN00002894,FAN_SIM_2893,MATCH003,1,0,FAILED,FILE_LOCK,2026-07-13 04:30:10,107
TXN00002895,FAN_SIM_2894,MATCH003,1,0,FAILED,FILE_LOCK,2026-07-13 04:30:10,107
TXN00002923,FAN_SIM_2922,MATCH003,1,0,FAILED,FILE_LOCK,2026-07-13 04:30:10,3
TXN00002908,FAN_SIM_2907,MATCH003,1,0,FAILED,FILE_LOCK,2026-07-13 04:30:10,107
TXN00002875,FAN_SIM_2875,MATCH003,1,0,FAILED,FILE_LOCK,2026-07-13 04:30:10,108
TXN00002883,FAN_SIM_2883,MATCH003,1,0,FAILED,FILE_LOCK,2026-07-13 04:30:10,107
TXN00002901,FAN_SIM_2900,MATCH003,1,0,FAILED,FILE_LOCK,2026-07-13 04:30:10,108
TXN00002909,FAN_SIM_2908,MATCH003,1,0,FAILED,FILE_LOCK,2026-07-13 04:30:10,106
TXN00002882,FAN_SIM_2882,MATCH003,1,0,FAILED,FILE_LOCK,2026-07-13 04:30:10,107
TXN00002891,FAN_SIM_2881,MATCH003,1,0,FAILED,FILE_LOCK,2026-07-13 04:30:10,107
TXN00002922,FAN_SIM_2921,MATCH003,1,0,FAILED,FILE_LOCK,2026-07-13 04:30:10,3
TXN00002885,FAN_SIM_2885,MATCH003,1,0,FAILED,FILE_LOCK,2026-07-13 04:30:10,107
TXN00002932,FAN_SIM_2931,MATCH003,1,0,FAILED,FILE_LOCK,2026-07-13 04:30:10,0
TXN00002884,FAN_SIM_2884,MATCH003,1,0,FAILED,FILE_LOCK,2026-07-13 04:30:10,107
TXN00002904,FAN_SIM_2903,MATCH003,1,0,FAILED,FILE_LOCK,2026-07-13 04:30:10,107
TXN00002872,FAN_SIM_2871,MATCH003,1,0,FAILED,FILE_LOCK,2026-07-13 04:30:10,108
TXN00002863,FAN_SIM_2862,MATCH003,1,0,FAILED,FILE_LOCK,2026-07-13 04:30:10,110
TXN00002897,FAN_SIM_2896,MATCH003,1,0,FAILED,FILE_LOCK,2026-07-13 04:30:10,108
TXN00002899,FAN_SIM_2898,MATCH003,1,0,FAILED,FILE_LOCK,2026-07-13 04:30:10,107
TXN00002900,FAN_SIM_2899,MATCH003,1,0,FAILED,FILE_LOCK,2026-07-13 04:30:10,107
TXN00002890,FAN_SIM_2890,MATCH003,1,0,FAILED,FILE_LOCK,2026-07-13 04:30:10,108
TXN00002930,FAN_SIM_2929,MATCH003,1,0,FAILED,FILE_LOCK,2026-07-13 04:30:10,1
TXN00002928,FAN_SIM_2927,MATCH003,1,0,FAILED,FILE_LOCK,2026-07-13 04:30:10,1
TXN00002905,FAN_SIM_2904,MATCH003,1,0,FAILED,FILE_LOCK,2026-07-13 04:30:10,106
TXN00002933,FAN_SIM_2932,MATCH003,1,0,FAILED,FILE_LOCK,2026-07-13 04:30:10,0
TXN00002887,FAN_SIM_2887,MATCH003,1,0,FAILED,FILE_LOCK,2026-07-13 04:30:10,107
TXN00002865,FAN_SIM_2864,MATCH003,1,500000,FAILED,FILE_LOCK,2026-07-13 04:30:10,113
TXN00002929,FAN_SIM_2928,MATCH003,1,0,FAILED,FILE_LOCK,2026-07-13 04:30:10,1
TXN00002931,FAN_SIM_2930,MATCH003,1,0,FAILED,FILE_LOCK,2026-07-13 04:30:10,1
TXN00002926,FAN_SIM_2925,MATCH003,1,0,FAILED,FILE_LOCK,2026-07-13 04:30:10,2
TXN00002927,FAN_SIM_2926,MATCH003,1,0,FAILED,FILE_LOCK,2026-07-13 04:30:10,1
TXN00002925,FAN_SIM_2924,MATCH003,1,0,FAILED,FILE_LOCK,2026-07-13 04:30:10,2
TXN00002924,FAN_SIM_2923,MATCH003,1,0,FAILED,FILE_LOCK,2026-07-13 04:30:10,3
TXN00002940,FAN_SIM_2939,MATCH003,1,500000,FAILED,FILE_LOCK,2026-07-13 04:30:10,61
TXN00002938,FAN_SIM_2937,MATCH003,1,500000,FAILED,FILE_LOCK,2026-07-13 04:30:10,61
TXN00002949,FAN_SIM_2948,MATCH003,1,500000,FAILED,FILE_LOCK,2026-07-13 04:30:10,60
TXN00002974,FAN_SIM_2973,MATCH003,1,500000,FAILED,FILE_LOCK,2026-07-13 04:30:10,59
TXN00002957,FAN_SIM_2956,MATCH003,1,500000,FAILED,FILE_LOCK,2026-07-13 04:30:10,61
TXN00002943,FAN_SIM_2942,MATCH003,1,500000,FAILED,FILE_LOCK,2026-07-13 04:30:10,62
TXN00002953,FAN_SIM_2952,MATCH003,1,500000,FAILED,FILE_LOCK,2026-07-13 04:30:10,62
TXN00002945,FAN_SIM_2944,MATCH003,1,500000,FAILED,FILE_LOCK,2026-07-13 04:30:10,62
TXN00002946,FAN_SIM_2945,MATCH003,1,500000,FAILED,FILE_LOCK,2026-07-13 04:30:10,61
TXN00002968,FAN_SIM_2967,MATCH003,1,500000,FAILED,FILE_LOCK,2026-07-13 04:30:10,60
TXN00002936,FAN_SIM_2935,MATCH003,1,500000,FAILED,FILE_LOCK,2026-07-13 04:30:10,66
TXN00002978,FAN_SIM_2977,MATCH003,1,0,FAILED,FILE_LOCK,2026-07-13 04:30:10,115
TXN00003004,FAN_SIM_3003,MATCH003,1,0,FAILED,FILE_LOCK,2026-07-13 04:30:10,55
TXN00003002,FAN_SIM_3001,MATCH003,1,0,FAILED,FILE_LOCK,2026-07-13 04:30:10,55
TXN00002961,FAN_SIM_2960,MATCH003,1,0,FAILED,FILE_LOCK,2026-07-13 04:30:10,116
TXN00002981,FAN_SIM_2980,MATCH003,1,0,FAILED,FILE_LOCK,2026-07-13 04:30:10,115
TXN00002964,FAN_SIM_2963,MATCH003,1,0,FAILED,FILE_LOCK,2026-07-13 04:30:10,116
TXN00002976,FAN_SIM_2975,MATCH003,1,0,FAILED,FILE_LOCK,2026-07-13 04:30:10,115
TXN00002986,FAN_SIM_2985,MATCH003,1,0,FAILED,FILE_LOCK,2026-07-13 04:30:10,115
TXN00002977,FAN_SIM_2976,MATCH003,1,0,FAILED,FILE_LOCK,2026-07-13 04:30:10,115
TXN00003000,FAN_SIM_2999,MATCH003,1,0,FAILED,FILE_LOCK,2026-07-13 04:30:10,56
TXN00002970,FAN_SIM_2969,MATCH003,1,0,FAILED,FILE_LOCK,2026-07-13 04:30:10,116
TXN00002971,FAN_SIM_2970,MATCH003,1,0,FAILED,FILE_LOCK,2026-07-13 04:30:10,116
TXN00003006,FAN_SIM_3005,MATCH003,1,0,FAILED,FILE_LOCK,2026-07-13 04:30:10,3
TXN00002956,FAN_SIM_2955,MATCH003,1,0,FAILED,FILE_LOCK,2026-07-13 04:30:10,116
TXN00002998,FAN_SIM_2997,MATCH003,1,0,FAILED,FILE_LOCK,2026-07-13 04:30:10,57
TXN00002983,FAN_SIM_2982,MATCH003,1,0,FAILED,FILE_LOCK,2026-07-13 04:30:10,115
TXN00002982,FAN_SIM_2981,MATCH003,1,0,FAILED,FILE_LOCK,2026-07-13 04:30:10,115
TXN00002996,FAN_SIM_2995,MATCH003,1,0,FAILED,FILE_LOCK,2026-07-13 04:30:10,114
TXN00002980,FAN_SIM_2979,MATCH003,1,0,FAILED,FILE_LOCK,2026-07-13 04:30:10,115
TXN00002987,FAN_SIM_2986,MATCH003,1,0,FAILED,FILE_LOCK,2026-07-13 04:30:10,115
TXN00002999,FAN_SIM_2998,MATCH003,1,0,FAILED,FILE_LOCK,2026-07-13 04:30:10,57
TXN00002994,FAN_SIM_2994,MATCH003,1,0,FAILED,FILE_LOCK,2026-07-13 04:30:10,114
TXN00003007,FAN_SIM_3006,MATCH003,1,0,FAILED,FILE_LOCK,2026-07-13 04:30:10,1
TXN00002993,FAN_SIM_2993,MATCH003,1,0,FAILED,FILE_LOCK,2026-07-13 04:30:10,114
TXN00003008,FAN_SIM_3007,MATCH003,1,0,FAILED,FILE_LOCK,2026-07-13 04:30:10,1
TXN00002992,FAN_SIM_2992,MATCH003,1,0,FAILED,FILE_LOCK,2026-07-13 04:30:10,114
TXN00003013,FAN_SIM_3012,MATCH003,1,0,FAILED,FILE_LOCK,2026-07-13 04:30:10,1
TXN00002991,FAN_SIM_2990,MATCH003,1,0,FAILED,FILE_LOCK,2026-07-13 04:30:10,115
TXN00003001,FAN_SIM_3000,MATCH003,1,0,FAILED,FILE_LOCK,2026-07-13 04:30:10,56
TXN00002947,FAN_SIM_2946,MATCH003,1,0,FAILED,FILE_LOCK,2026-07-13 04:30:10,117
TXN00003014,FAN_SIM_3013,MATCH003,1,0,FAILED,FILE_LOCK,2026-07-13 04:30:10,1
TXN00003005,FAN_SIM_3004,MATCH003,1,0,FAILED,FILE_LOCK,2026-07-13 04:30:10,54
TXN00002954,FAN_SIM_2953,MATCH003,1,0,FAILED,FILE_LOCK,2026-07-13 04:30:10,117
TXN00003009,FAN_SIM_3008,MATCH003,1,0,FAILED,FILE_LOCK,2026-07-13 04:30:10,2
TXN00003012,FAN_SIM_3011,MATCH003,1,0,FAILED,FILE_LOCK,2026-07-13 04:30:10,0
TXN00003003,FAN_SIM_3002,MATCH003,1,0,FAILED,FILE_LOCK,2026-07-13 04:30:10,55
TXN00003015,FAN_SIM_3014,MATCH003,1,0,FAILED,FILE_LOCK,2026-07-13 04:30:10,1
TXN00002944,FAN_SIM_2943,MATCH003,1,500000,FAILED,FILE_LOCK,2026-07-13 04:30:10,120
TXN00003017,FAN_SIM_3016,MATCH003,1,0,FAILED,FILE_LOCK,2026-07-13 04:30:10,0
TXN00003016,FAN_SIM_3015,MATCH003,1,0,FAILED,FILE_LOCK,2026-07-13 04:30:10,0
TXN00003011,FAN_SIM_3010,MATCH003,1,0,FAILED,FILE_LOCK,2026-07-13 04:30:10,0
TXN00003010,FAN_SIM_3009,MATCH003,1,0,FAILED,FILE_LOCK,2026-07-13 04:30:10,3
TXN00002969,FAN_SIM_2968,MATCH003,1,500000,FAILED,FILE_LOCK,2026-07-13 04:30:10,119
TXN00003018,FAN_SIM_3017,MATCH003,1,0,FAILED,FILE_LOCK,2026-07-13 04:30:10,0
TXN00003019,FAN_SIM_3018,MATCH003,1,0,FAILED,FILE_LOCK,2026-07-13 04:30:10,1
TXN00002942,FAN_SIM_2941,MATCH003,1,500000,FAILED,FILE_LOCK,2026-07-13 04:30:10,121
TXN00002959,FAN_SIM_2958,MATCH003,1,500000,FAILED,FILE_LOCK,2026-07-13 04:30:10,121
TXN00003020,FAN_SIM_3019,MATCH003,1,0,FAILED,FILE_LOCK,2026-07-13 04:30:10,0
TXN00002966,FAN_SIM_2965,MATCH003,1,500000,FAILED,FILE_LOCK,2026-07-13 04:30:10,120
TXN00002934,FAN_SIM_2933,MATCH003,1,500000,FAILED,FILE_LOCK,2026-07-13 04:30:10,127
TXN00002962,FAN_SIM_2961,MATCH003,1,500000,FAILED,FILE_LOCK,2026-07-13 04:30:10,121
TXN00002941,FAN_SIM_2940,MATCH003,1,500000,FAILED,FILE_LOCK,2026-07-13 04:30:10,122
TXN00002973,FAN_SIM_2972,MATCH003,1,500000,FAILED,FILE_LOCK,2026-07-13 04:30:10,121
TXN00003021,FAN_SIM_3020,MATCH003,1,0,FAILED,FILE_LOCK,2026-07-13 04:30:10,1
TXN00002948,FAN_SIM_2947,MATCH003,1,500000,FAILED,FILE_LOCK,2026-07-13 04:30:10,122
TXN00002955,FAN_SIM_2954,MATCH003,1,500000,FAILED,FILE_LOCK,2026-07-13 04:30:10,123
TXN00002950,FAN_SIM_2949,MATCH003,1,500000,FAILED,FILE_LOCK,2026-07-13 04:30:10,122
TXN00002965,FAN_SIM_2964,MATCH003,1,500000,FAILED,FILE_LOCK,2026-07-13 04:30:10,122
TXN00002963,FAN_SIM_2962,MATCH003,1,500000,FAILED,FILE_LOCK,2026-07-13 04:30:10,122
TXN00003022,FAN_SIM_3021,MATCH003,1,0,FAILED,FILE_LOCK,2026-07-13 04:30:10,0
TXN00002952,FAN_SIM_2950,MATCH003,1,500000,FAILED,FILE_LOCK,2026-07-13 04:30:10,123
TXN00003023,FAN_SIM_3022,MATCH003,1,0,FAILED,FILE_LOCK,2026-07-13 04:30:10,0
TXN00002958,FAN_SIM_2957,MATCH003,1,500000,FAILED,FILE_LOCK,2026-07-13 04:30:10,122
TXN00002951,FAN_SIM_2951,MATCH003,1,500000,FAILED,FILE_LOCK,2026-07-13 04:30:10,123
TXN00002967,FAN_SIM_2966,MATCH003,1,500000,FAILED,FILE_LOCK,2026-07-13 04:30:10,122
TXN00002939,FAN_SIM_2938,MATCH003,1,500000,FAILED,FILE_LOCK,2026-07-13 04:30:10,124
TXN00002989,FAN_SIM_2988,MATCH003,1,500000,FAILED,FILE_LOCK,2026-07-13 04:30:10,121
TXN00002935,FAN_SIM_2934,MATCH003,1,500000,FAILED,FILE_LOCK,2026-07-13 04:30:10,128
TXN00002937,FAN_SIM_2936,MATCH003,1,500000,FAILED,FILE_LOCK,2026-07-13 04:30:10,126
TXN00002960,FAN_SIM_2959,MATCH003,1,500000,FAILED,FILE_LOCK,2026-07-13 04:30:10,123
TXN00002988,FAN_SIM_2987,MATCH003,1,500000,FAILED,FILE_LOCK,2026-07-13 04:30:10,122
TXN00002984,FAN_SIM_2983,MATCH003,1,500000,FAILED,FILE_LOCK,2026-07-13 04:30:10,122
TXN00002975,FAN_SIM_2974,MATCH003,1,500000,FAILED,FILE_LOCK,2026-07-13 04:30:10,122
TXN00002979,FAN_SIM_2978,MATCH003,1,500000,FAILED,FILE_LOCK,2026-07-13 04:30:10,122
TXN00002972,FAN_SIM_2971,MATCH003,1,500000,FAILED,FILE_LOCK,2026-07-13 04:30:10,123
TXN00002995,FAN_SIM_2991,MATCH003,1,500000,FAILED,FILE_LOCK,2026-07-13 04:30:10,121
TXN00002985,FAN_SIM_2984,MATCH003,1,500000,FAILED,FILE_LOCK,2026-07-13 04:30:10,122
TXN00002990,FAN_SIM_2989,MATCH003,1,500000,FAILED,FILE_LOCK,2026-07-13 04:30:10,123
TXN00003028,FAN_SIM_3027,MATCH003,1,0,FAILED,FILE_LOCK,2026-07-13 04:30:10,51
TXN00003040,FAN_SIM_3040,MATCH003,1,0,FAILED,FILE_LOCK,2026-07-13 04:30:10,49
TXN00003026,FAN_SIM_3025,MATCH003,1,500000,FAILED,FILE_LOCK,2026-07-13 04:30:10,53
TXN00003037,FAN_SIM_3037,MATCH003,1,0,FAILED,FILE_LOCK,2026-07-13 04:30:10,50
TXN00003030,FAN_SIM_3029,MATCH003,1,0,FAILED,FILE_LOCK,2026-07-13 04:30:10,50
TXN00003086,FAN_SIM_3085,MATCH003,1,0,FAILED,FILE_LOCK,2026-07-13 04:30:10,40
TXN00003038,FAN_SIM_3038,MATCH003,1,0,FAILED,FILE_LOCK,2026-07-13 04:30:10,49
TXN00003034,FAN_SIM_3033,MATCH003,1,0,FAILED,FILE_LOCK,2026-07-13 04:30:10,51
TXN00003025,FAN_SIM_3024,MATCH003,1,0,FAILED,FILE_LOCK,2026-07-13 04:30:10,52
TXN00003054,FAN_SIM_3054,MATCH003,1,0,FAILED,FILE_LOCK,2026-07-13 04:30:10,48
TXN00003039,FAN_SIM_3039,MATCH003,1,0,FAILED,FILE_LOCK,2026-07-13 04:30:10,50
TXN00003057,FAN_SIM_3057,MATCH003,1,0,FAILED,FILE_LOCK,2026-07-13 04:30:10,48
TXN00002997,FAN_SIM_2996,MATCH003,1,500000,FAILED,FILE_LOCK,2026-07-13 04:30:10,203
TXN00003065,FAN_SIM_3065,MATCH003,1,0,FAILED,FILE_LOCK,2026-07-13 04:30:10,82
TXN00003060,FAN_SIM_3060,MATCH003,1,0,FAILED,FILE_LOCK,2026-07-13 04:30:10,82
TXN00003051,FAN_SIM_3052,MATCH003,1,0,FAILED,FILE_LOCK,2026-07-13 04:30:10,82
TXN00003043,FAN_SIM_3043,MATCH003,1,0,FAILED,FILE_LOCK,2026-07-13 04:30:10,83
TXN00003072,FAN_SIM_3072,MATCH003,1,0,FAILED,FILE_LOCK,2026-07-13 04:30:10,82
TXN00003027,FAN_SIM_3026,MATCH003,1,0,FAILED,FILE_LOCK,2026-07-13 04:30:10,85
TXN00003078,FAN_SIM_3078,MATCH003,1,0,FAILED,FILE_LOCK,2026-07-13 04:30:10,81
TXN00003075,FAN_SIM_3075,MATCH003,1,0,FAILED,FILE_LOCK,2026-07-13 04:30:10,81
TXN00003079,FAN_SIM_3079,MATCH003,1,0,FAILED,FILE_LOCK,2026-07-13 04:30:10,81
TXN00003067,FAN_SIM_3067,MATCH003,1,0,FAILED,FILE_LOCK,2026-07-13 04:30:10,82
TXN00003066,FAN_SIM_3066,MATCH003,1,0,FAILED,FILE_LOCK,2026-07-13 04:30:10,82
TXN00003085,FAN_SIM_3084,MATCH003,1,0,FAILED,FILE_LOCK,2026-07-13 04:30:10,74
TXN00003042,FAN_SIM_3042,MATCH003,1,0,FAILED,FILE_LOCK,2026-07-13 04:30:10,83
TXN00003055,FAN_SIM_3055,MATCH003,1,0,FAILED,FILE_LOCK,2026-07-13 04:30:10,82
TXN00003024,FAN_SIM_3023,MATCH003,1,0,FAILED,FILE_LOCK,2026-07-13 04:30:10,87
TXN00003068,FAN_SIM_3068,MATCH003,1,0,FAILED,FILE_LOCK,2026-07-13 04:30:10,82
TXN00003069,FAN_SIM_3069,MATCH003,1,0,FAILED,FILE_LOCK,2026-07-13 04:30:10,82
TXN00003041,FAN_SIM_3041,MATCH003,1,0,FAILED,FILE_LOCK,2026-07-13 04:30:10,83
TXN00003044,FAN_SIM_3044,MATCH003,1,0,FAILED,FILE_LOCK,2026-07-13 04:30:10,83
TXN00003046,FAN_SIM_3046,MATCH003,1,0,FAILED,FILE_LOCK,2026-07-13 04:30:10,83
TXN00003071,FAN_SIM_3071,MATCH003,1,0,FAILED,FILE_LOCK,2026-07-13 04:30:10,83
TXN00003056,FAN_SIM_3056,MATCH003,1,0,FAILED,FILE_LOCK,2026-07-13 04:30:10,83
TXN00003073,FAN_SIM_3073,MATCH003,1,0,FAILED,FILE_LOCK,2026-07-13 04:30:10,83
TXN00003064,FAN_SIM_3064,MATCH003,1,0,FAILED,FILE_LOCK,2026-07-13 04:30:10,83
TXN00003053,FAN_SIM_3048,MATCH003,1,0,FAILED,FILE_LOCK,2026-07-13 04:30:10,83
TXN00003031,FAN_SIM_3030,MATCH003,1,0,FAILED,FILE_LOCK,2026-07-13 04:30:10,85
TXN00003062,FAN_SIM_3062,MATCH003,1,0,FAILED,FILE_LOCK,2026-07-13 04:30:10,83
TXN00003045,FAN_SIM_3045,MATCH003,1,0,FAILED,FILE_LOCK,2026-07-13 04:30:10,84
TXN00003059,FAN_SIM_3059,MATCH003,1,0,FAILED,FILE_LOCK,2026-07-13 04:30:10,83
TXN00003048,FAN_SIM_3049,MATCH003,1,0,FAILED,FILE_LOCK,2026-07-13 04:30:10,83
TXN00003077,FAN_SIM_3077,MATCH003,1,0,FAILED,FILE_LOCK,2026-07-13 04:30:10,82
TXN00003081,FAN_SIM_3036,MATCH003,1,0,FAILED,FILE_LOCK,2026-07-13 04:30:10,79
TXN00003076,FAN_SIM_3076,MATCH003,1,0,FAILED,FILE_LOCK,2026-07-13 04:30:10,82
TXN00003070,FAN_SIM_3070,MATCH003,1,0,FAILED,FILE_LOCK,2026-07-13 04:30:10,83
TXN00003058,FAN_SIM_3058,MATCH003,1,0,FAILED,FILE_LOCK,2026-07-13 04:30:10,83
TXN00003080,FAN_SIM_3080,MATCH003,1,0,FAILED,FILE_LOCK,2026-07-13 04:30:10,82
TXN00003032,FAN_SIM_3031,MATCH003,1,0,FAILED,FILE_LOCK,2026-07-13 04:30:10,85
TXN00003084,FAN_SIM_3083,MATCH003,1,0,FAILED,FILE_LOCK,2026-07-13 04:30:10,75
TXN00003049,FAN_SIM_3050,MATCH003,1,0,FAILED,FILE_LOCK,2026-07-13 04:30:10,83
TXN00003063,FAN_SIM_3063,MATCH003,1,0,FAILED,FILE_LOCK,2026-07-13 04:30:10,83
TXN00003074,FAN_SIM_3074,MATCH003,1,0,FAILED,FILE_LOCK,2026-07-13 04:30:10,82
TXN00003047,FAN_SIM_3047,MATCH003,1,0,FAILED,FILE_LOCK,2026-07-13 04:30:10,83
TXN00003094,FAN_SIM_3093,MATCH003,1,0,FAILED,FILE_LOCK,2026-07-13 04:30:10,0
TXN00003035,FAN_SIM_3034,MATCH003,1,500000,FAILED,FILE_LOCK,2026-07-13 04:30:10,85
TXN00003061,FAN_SIM_3061,MATCH003,1,500000,FAILED,FILE_LOCK,2026-07-13 04:30:10,84
TXN00003082,FAN_SIM_3081,MATCH003,1,0,FAILED,FILE_LOCK,2026-07-13 04:30:10,75
TXN00003052,FAN_SIM_3053,MATCH003,1,500000,FAILED,FILE_LOCK,2026-07-13 04:30:10,84
TXN00003088,FAN_SIM_3087,MATCH003,1,0,FAILED,FILE_LOCK,2026-07-13 04:30:10,0
TXN00003083,FAN_SIM_3082,MATCH003,1,0,FAILED,FILE_LOCK,2026-07-13 04:30:10,75
TXN00003092,FAN_SIM_3091,MATCH003,1,0,FAILED,FILE_LOCK,2026-07-13 04:30:10,0
TXN00003090,FAN_SIM_3089,MATCH003,1,0,FAILED,FILE_LOCK,2026-07-13 04:30:10,1
TXN00003091,FAN_SIM_3090,MATCH003,1,0,FAILED,FILE_LOCK,2026-07-13 04:30:10,0
TXN00003087,FAN_SIM_3086,MATCH003,1,0,FAILED,FILE_LOCK,2026-07-13 04:30:10,1
TXN00003093,FAN_SIM_3092,MATCH003,1,0,FAILED,FILE_LOCK,2026-07-13 04:30:10,0
TXN00003089,FAN_SIM_3088,MATCH003,1,0,FAILED,FILE_LOCK,2026-07-13 04:30:10,1
TXN00003110,FAN_SIM_3109,MATCH003,1,0,FAILED,FILE_LOCK,2026-07-13 04:30:10,0
TXN00003036,FAN_SIM_3035,MATCH003,1,500000,FAILED,FILE_LOCK,2026-07-13 04:30:10,88
TXN00003029,FAN_SIM_3028,MATCH003,1,500000,FAILED,FILE_LOCK,2026-07-13 04:30:10,90
TXN00003109,FAN_SIM_3108,MATCH003,1,0,FAILED,FILE_LOCK,2026-07-13 04:30:10,1
TXN00003050,FAN_SIM_3051,MATCH003,1,500000,FAILED,FILE_LOCK,2026-07-13 04:30:10,85
TXN00003098,FAN_SIM_3097,MATCH003,1,0,FAILED,FILE_LOCK,2026-07-13 04:30:10,1
TXN00003104,FAN_SIM_3103,MATCH003,1,0,FAILED,FILE_LOCK,2026-07-13 04:30:10,1
TXN00003033,FAN_SIM_3032,MATCH003,1,500000,FAILED,FILE_LOCK,2026-07-13 04:30:10,88
TXN00003107,FAN_SIM_3106,MATCH003,1,0,FAILED,FILE_LOCK,2026-07-13 04:30:10,1
TXN00003106,FAN_SIM_3105,MATCH003,1,0,FAILED,FILE_LOCK,2026-07-13 04:30:10,1
TXN00003102,FAN_SIM_3101,MATCH003,1,0,FAILED,FILE_LOCK,2026-07-13 04:30:10,1
TXN00003105,FAN_SIM_3104,MATCH003,1,0,FAILED,FILE_LOCK,2026-07-13 04:30:10,1
TXN00003099,FAN_SIM_3098,MATCH003,1,0,FAILED,FILE_LOCK,2026-07-13 04:30:10,0
TXN00003103,FAN_SIM_3102,MATCH003,1,0,FAILED,FILE_LOCK,2026-07-13 04:30:10,1
TXN00003100,FAN_SIM_3099,MATCH003,1,0,FAILED,FILE_LOCK,2026-07-13 04:30:10,1
TXN00003097,FAN_SIM_3096,MATCH003,1,0,FAILED,FILE_LOCK,2026-07-13 04:30:10,1
TXN00003096,FAN_SIM_3095,MATCH003,1,0,FAILED,FILE_LOCK,2026-07-13 04:30:10,2
TXN00003101,FAN_SIM_3100,MATCH003,1,0,FAILED,FILE_LOCK,2026-07-13 04:30:10,1
TXN00003108,FAN_SIM_3107,MATCH003,1,0,FAILED,FILE_LOCK,2026-07-13 04:30:10,1
TXN00003095,FAN_SIM_3094,MATCH003,1,0,FAILED,FILE_LOCK,2026-07-13 04:30:10,2
TXN00003161,FAN_SIM_3150,MATCH003,1,0,FAILED,FILE_LOCK,2026-07-13 04:30:10,85
TXN00003123,FAN_SIM_3122,MATCH003,1,0,FAILED,FILE_LOCK,2026-07-13 04:30:10,90
TXN00003166,FAN_SIM_3144,MATCH003,1,0,FAILED,FILE_LOCK,2026-07-13 04:30:10,86
TXN00003167,FAN_SIM_3143,MATCH003,1,0,FAILED,FILE_LOCK,2026-07-13 04:30:10,86
TXN00003156,FAN_SIM_3155,MATCH003,1,0,FAILED,FILE_LOCK,2026-07-13 04:30:10,86
TXN00003124,FAN_SIM_3123,MATCH003,1,0,FAILED,FILE_LOCK,2026-07-13 04:30:10,90
TXN00003160,FAN_SIM_3148,MATCH003,1,0,FAILED,FILE_LOCK,2026-07-13 04:30:10,86
TXN00003132,FAN_SIM_3131,MATCH003,1,0,FAILED,FILE_LOCK,2026-07-13 04:30:10,90
TXN00003158,FAN_SIM_3154,MATCH003,1,0,FAILED,FILE_LOCK,2026-07-13 04:30:10,86
TXN00003155,FAN_SIM_3161,MATCH003,1,0,FAILED,FILE_LOCK,2026-07-13 04:30:10,86
TXN00003159,FAN_SIM_3151,MATCH003,1,0,FAILED,FILE_LOCK,2026-07-13 04:30:10,86
TXN00003126,FAN_SIM_3125,MATCH003,1,0,FAILED,FILE_LOCK,2026-07-13 04:30:10,90
TXN00003172,FAN_SIM_3134,MATCH003,1,0,FAILED,FILE_LOCK,2026-07-13 04:30:10,86
TXN00003133,FAN_SIM_3171,MATCH003,1,0,FAILED,FILE_LOCK,2026-07-13 04:30:10,86
TXN00003165,FAN_SIM_3147,MATCH003,1,0,FAILED,FILE_LOCK,2026-07-13 04:30:10,86
TXN00003163,FAN_SIM_3145,MATCH003,1,0,FAILED,FILE_LOCK,2026-07-13 04:30:10,86
TXN00003118,FAN_SIM_3117,MATCH003,1,0,FAILED,FILE_LOCK,2026-07-13 04:30:10,91
TXN00003168,FAN_SIM_3142,MATCH003,1,0,FAILED,FILE_LOCK,2026-07-13 04:30:10,86
TXN00003119,FAN_SIM_3118,MATCH003,1,0,FAILED,FILE_LOCK,2026-07-13 04:30:10,91
TXN00003148,FAN_SIM_3140,MATCH003,1,0,FAILED,FILE_LOCK,2026-07-13 04:30:10,86
TXN00003147,FAN_SIM_3152,MATCH003,1,0,FAILED,FILE_LOCK,2026-07-13 04:30:10,86
TXN00003154,FAN_SIM_3163,MATCH003,1,0,FAILED,FILE_LOCK,2026-07-13 04:30:10,86
TXN00003170,FAN_SIM_3138,MATCH003,1,0,FAILED,FILE_LOCK,2026-07-13 04:30:10,86
TXN00003139,FAN_SIM_3167,MATCH003,1,0,FAILED,FILE_LOCK,2026-07-13 04:30:10,87
TXN00003157,FAN_SIM_3156,MATCH003,1,0,FAILED,FILE_LOCK,2026-07-13 04:30:10,86
TXN00003162,FAN_SIM_3146,MATCH003,1,0,FAILED,FILE_LOCK,2026-07-13 04:30:10,86
TXN00003153,FAN_SIM_3164,MATCH003,1,0,FAILED,FILE_LOCK,2026-07-13 04:30:10,87
TXN00003151,FAN_SIM_3139,MATCH003,1,0,FAILED,FILE_LOCK,2026-07-13 04:30:10,86
TXN00003141,FAN_SIM_3165,MATCH003,1,0,FAILED,FILE_LOCK,2026-07-13 04:30:10,87
TXN00003169,FAN_SIM_3135,MATCH003,1,0,FAILED,FILE_LOCK,2026-07-13 04:30:10,86
TXN00003140,FAN_SIM_3166,MATCH003,1,0,FAILED,FILE_LOCK,2026-07-13 04:30:10,86
TXN00003134,FAN_SIM_3172,MATCH003,1,0,FAILED,FILE_LOCK,2026-07-13 04:30:10,86
TXN00003131,FAN_SIM_3130,MATCH003,1,0,FAILED,FILE_LOCK,2026-07-13 04:30:10,90
TXN00003164,FAN_SIM_3160,MATCH003,1,0,FAILED,FILE_LOCK,2026-07-13 04:30:10,87
TXN00003150,FAN_SIM_3149,MATCH003,1,0,FAILED,FILE_LOCK,2026-07-13 04:30:10,88
TXN00003125,FAN_SIM_3124,MATCH003,1,0,FAILED,FILE_LOCK,2026-07-13 04:30:10,92
TXN00003171,FAN_SIM_3137,MATCH003,1,0,FAILED,FILE_LOCK,2026-07-13 04:30:10,88
TXN00003116,FAN_SIM_3115,MATCH003,1,0,FAILED,FILE_LOCK,2026-07-13 04:30:10,95
TXN00003152,FAN_SIM_3136,MATCH003,1,0,FAILED,FILE_LOCK,2026-07-13 04:30:10,87
TXN00003128,FAN_SIM_3127,MATCH003,1,0,FAILED,FILE_LOCK,2026-07-13 04:30:10,92
TXN00003174,FAN_SIM_3132,MATCH003,1,0,FAILED,FILE_LOCK,2026-07-13 04:30:10,88
TXN00003136,FAN_SIM_3168,MATCH003,1,0,FAILED,FILE_LOCK,2026-07-13 04:30:10,88
TXN00003143,FAN_SIM_3159,MATCH003,1,0,FAILED,FILE_LOCK,2026-07-13 04:30:10,87
TXN00003122,FAN_SIM_3121,MATCH003,1,0,FAILED,FILE_LOCK,2026-07-13 04:30:10,92
TXN00003120,FAN_SIM_3119,MATCH003,1,0,FAILED,FILE_LOCK,2026-07-13 04:30:10,93
TXN00003130,FAN_SIM_3129,MATCH003,1,0,FAILED,FILE_LOCK,2026-07-13 04:30:10,92
TXN00003149,FAN_SIM_3141,MATCH003,1,0,FAILED,FILE_LOCK,2026-07-13 04:30:10,88
TXN00003129,FAN_SIM_3128,MATCH003,1,0,FAILED,FILE_LOCK,2026-07-13 04:30:10,92
TXN00003145,FAN_SIM_3153,MATCH003,1,0,FAILED,FILE_LOCK,2026-07-13 04:30:10,88
TXN00003176,FAN_SIM_3175,MATCH003,1,0,FAILED,FILE_LOCK,2026-07-13 04:30:10,2
TXN00003137,FAN_SIM_3169,MATCH003,1,0,FAILED,FILE_LOCK,2026-07-13 04:30:10,88
TXN00003138,FAN_SIM_3173,MATCH003,1,0,FAILED,FILE_LOCK,2026-07-13 04:30:10,89
TXN00003117,FAN_SIM_3116,MATCH003,1,500000,FAILED,FILE_LOCK,2026-07-13 04:30:10,96
TXN00003173,FAN_SIM_3133,MATCH003,1,0,FAILED,FILE_LOCK,2026-07-13 04:30:10,88
TXN00003112,FAN_SIM_3111,MATCH003,1,500000,FAILED,FILE_LOCK,2026-07-13 04:30:10,100
TXN00003146,FAN_SIM_3158,MATCH003,1,0,FAILED,FILE_LOCK,2026-07-13 04:30:10,89
TXN00003127,FAN_SIM_3126,MATCH003,1,500000,FAILED,FILE_LOCK,2026-07-13 04:30:10,93
TXN00003113,FAN_SIM_3112,MATCH003,1,500000,FAILED,FILE_LOCK,2026-07-13 04:30:10,100
TXN00003144,FAN_SIM_3157,MATCH003,1,0,FAILED,FILE_LOCK,2026-07-13 04:30:10,88
TXN00003135,FAN_SIM_3170,MATCH003,1,0,FAILED,FILE_LOCK,2026-07-13 04:30:10,89
TXN00003180,FAN_SIM_3179,MATCH003,1,0,FAILED,FILE_LOCK,2026-07-13 04:30:10,0
TXN00003175,FAN_SIM_3174,MATCH003,1,0,FAILED,FILE_LOCK,2026-07-13 04:30:10,2
TXN00003179,FAN_SIM_3178,MATCH003,1,0,FAILED,FILE_LOCK,2026-07-13 04:30:10,1
TXN00003142,FAN_SIM_3162,MATCH003,1,0,FAILED,FILE_LOCK,2026-07-13 04:30:10,88
TXN00003178,FAN_SIM_3177,MATCH003,1,0,FAILED,FILE_LOCK,2026-07-13 04:30:10,1
TXN00003177,FAN_SIM_3176,MATCH003,1,0,FAILED,FILE_LOCK,2026-07-13 04:30:10,2
TXN00003114,FAN_SIM_3113,MATCH003,1,500000,FAILED,FILE_LOCK,2026-07-13 04:30:10,100
TXN00003121,FAN_SIM_3120,MATCH003,1,500000,FAILED,FILE_LOCK,2026-07-13 04:30:10,97
TXN00003115,FAN_SIM_3114,MATCH003,1,500000,FAILED,FILE_LOCK,2026-07-13 04:30:10,100
TXN00003111,FAN_SIM_3110,MATCH003,1,500000,FAILED,FILE_LOCK,2026-07-13 04:30:10,103
TXN00003185,FAN_SIM_3184,MATCH003,1,0,FAILED,FILE_LOCK,2026-07-13 04:30:10,55
TXN00003189,FAN_SIM_3188,MATCH003,1,0,FAILED,FILE_LOCK,2026-07-13 04:30:10,54
TXN00003198,FAN_SIM_3197,MATCH003,1,0,FAILED,FILE_LOCK,2026-07-13 04:30:10,53
TXN00003186,FAN_SIM_3185,MATCH003,1,0,FAILED,FILE_LOCK,2026-07-13 04:30:10,55
TXN00003191,FAN_SIM_3190,MATCH003,1,0,FAILED,FILE_LOCK,2026-07-13 04:30:10,54
TXN00003182,FAN_SIM_3181,MATCH003,1,0,FAILED,FILE_LOCK,2026-07-13 04:30:10,57
TXN00003188,FAN_SIM_3187,MATCH003,1,0,FAILED,FILE_LOCK,2026-07-13 04:30:10,54
TXN00003187,FAN_SIM_3186,MATCH003,1,0,FAILED,FILE_LOCK,2026-07-13 04:30:10,55
TXN00003184,FAN_SIM_3183,MATCH003,1,500000,FAILED,FILE_LOCK,2026-07-13 04:30:10,71
TXN00003192,FAN_SIM_3191,MATCH003,1,0,FAILED,FILE_LOCK,2026-07-13 04:30:10,87
TXN00003207,FAN_SIM_3206,MATCH003,1,0,FAILED,FILE_LOCK,2026-07-13 04:30:10,85
TXN00003250,FAN_SIM_3249,MATCH003,1,0,FAILED,FILE_LOCK,2026-07-13 04:30:10,1
TXN00003199,FAN_SIM_3198,MATCH003,1,0,FAILED,FILE_LOCK,2026-07-13 04:30:10,86
TXN00003213,FAN_SIM_3213,MATCH003,1,0,FAILED,FILE_LOCK,2026-07-13 04:30:10,85
TXN00003215,FAN_SIM_3214,MATCH003,1,0,FAILED,FILE_LOCK,2026-07-13 04:30:10,87
TXN00003248,FAN_SIM_3247,MATCH003,1,0,FAILED,FILE_LOCK,2026-07-13 04:30:10,2
TXN00003204,FAN_SIM_3203,MATCH003,1,0,FAILED,FILE_LOCK,2026-07-13 04:30:10,86
TXN00003190,FAN_SIM_3189,MATCH003,1,0,FAILED,FILE_LOCK,2026-07-13 04:30:10,88
TXN00003194,FAN_SIM_3193,MATCH003,1,0,FAILED,FILE_LOCK,2026-07-13 04:30:10,86
TXN00003210,FAN_SIM_3209,MATCH003,1,0,FAILED,FILE_LOCK,2026-07-13 04:30:10,86
TXN00003251,FAN_SIM_3250,MATCH003,1,0,FAILED,FILE_LOCK,2026-07-13 04:30:10,1
TXN00003209,FAN_SIM_3208,MATCH003,1,0,FAILED,FILE_LOCK,2026-07-13 04:30:10,85
TXN00003193,FAN_SIM_3192,MATCH003,1,0,FAILED,FILE_LOCK,2026-07-13 04:30:10,86
TXN00003220,FAN_SIM_3219,MATCH003,1,0,FAILED,FILE_LOCK,2026-07-13 04:30:10,87
TXN00003218,FAN_SIM_3218,MATCH003,1,0,FAILED,FILE_LOCK,2026-07-13 04:30:10,86
TXN00003247,FAN_SIM_3246,MATCH003,1,0,FAILED,FILE_LOCK,2026-07-13 04:30:10,2
TXN00003241,FAN_SIM_3240,MATCH003,1,0,FAILED,FILE_LOCK,2026-07-13 04:30:10,83
TXN00003200,FAN_SIM_3199,MATCH003,1,0,FAILED,FILE_LOCK,2026-07-13 04:30:10,87
TXN00003196,FAN_SIM_3195,MATCH003,1,0,FAILED,FILE_LOCK,2026-07-13 04:30:10,86
TXN00003208,FAN_SIM_3207,MATCH003,1,0,FAILED,FILE_LOCK,2026-07-13 04:30:10,86
TXN00003202,FAN_SIM_3201,MATCH003,1,0,FAILED,FILE_LOCK,2026-07-13 04:30:10,87
TXN00003244,FAN_SIM_3243,MATCH003,1,0,FAILED,FILE_LOCK,2026-07-13 04:30:10,82
TXN00003211,FAN_SIM_3210,MATCH003,1,0,FAILED,FILE_LOCK,2026-07-13 04:30:10,87
TXN00003212,FAN_SIM_3211,MATCH003,1,0,FAILED,FILE_LOCK,2026-07-13 04:30:10,86
TXN00003249,FAN_SIM_3248,MATCH003,1,0,FAILED,FILE_LOCK,2026-07-13 04:30:10,1
TXN00003195,FAN_SIM_3194,MATCH003,1,0,FAILED,FILE_LOCK,2026-07-13 04:30:10,86
TXN00003240,FAN_SIM_3239,MATCH003,1,0,FAILED,FILE_LOCK,2026-07-13 04:30:10,85
TXN00003201,FAN_SIM_3200,MATCH003,1,0,FAILED,FILE_LOCK,2026-07-13 04:30:10,86
TXN00003222,FAN_SIM_3221,MATCH003,1,0,FAILED,FILE_LOCK,2026-07-13 04:30:10,86
TXN00003246,FAN_SIM_3245,MATCH003,1,0,FAILED,FILE_LOCK,2026-07-13 04:30:10,1
TXN00003223,FAN_SIM_3222,MATCH003,1,0,FAILED,FILE_LOCK,2026-07-13 04:30:10,86
TXN00003197,FAN_SIM_3196,MATCH003,1,0,FAILED,FILE_LOCK,2026-07-13 04:30:10,87
TXN00003253,FAN_SIM_3252,MATCH003,1,0,FAILED,FILE_LOCK,2026-07-13 04:30:10,1
TXN00003243,FAN_SIM_3242,MATCH003,1,0,FAILED,FILE_LOCK,2026-07-13 04:30:10,83
TXN00003217,FAN_SIM_3216,MATCH003,1,0,FAILED,FILE_LOCK,2026-07-13 04:30:10,87
TXN00003224,FAN_SIM_3223,MATCH003,1,0,FAILED,FILE_LOCK,2026-07-13 04:30:10,87
TXN00003235,FAN_SIM_3234,MATCH003,1,0,FAILED,FILE_LOCK,2026-07-13 04:30:10,86
TXN00003234,FAN_SIM_3233,MATCH003,1,0,FAILED,FILE_LOCK,2026-07-13 04:30:10,85
TXN00003228,FAN_SIM_3227,MATCH003,1,0,FAILED,FILE_LOCK,2026-07-13 04:30:10,87
TXN00003245,FAN_SIM_3244,MATCH003,1,0,FAILED,FILE_LOCK,2026-07-13 04:30:10,4
TXN00003242,FAN_SIM_3241,MATCH003,1,0,FAILED,FILE_LOCK,2026-07-13 04:30:10,84
TXN00003233,FAN_SIM_3232,MATCH003,1,0,FAILED,FILE_LOCK,2026-07-13 04:30:10,86
TXN00003183,FAN_SIM_3182,MATCH003,1,500000,FAILED,FILE_LOCK,2026-07-13 04:30:10,94
TXN00003230,FAN_SIM_3229,MATCH003,1,0,FAILED,FILE_LOCK,2026-07-13 04:30:10,86
TXN00003181,FAN_SIM_3180,MATCH003,1,500000,FAILED,FILE_LOCK,2026-07-13 04:30:10,95
TXN00003226,FAN_SIM_3225,MATCH003,1,0,FAILED,FILE_LOCK,2026-07-13 04:30:10,90
TXN00003221,FAN_SIM_3220,MATCH003,1,0,FAILED,FILE_LOCK,2026-07-13 04:30:10,87
TXN00003227,FAN_SIM_3226,MATCH003,1,0,FAILED,FILE_LOCK,2026-07-13 04:30:10,87
TXN00003219,FAN_SIM_3217,MATCH003,1,0,FAILED,FILE_LOCK,2026-07-13 04:30:10,90
TXN00003216,FAN_SIM_3215,MATCH003,1,0,FAILED,FILE_LOCK,2026-07-13 04:30:10,90
TXN00003238,FAN_SIM_3237,MATCH003,1,0,FAILED,FILE_LOCK,2026-07-13 04:30:10,86
TXN00003203,FAN_SIM_3202,MATCH003,1,0,FAILED,FILE_LOCK,2026-07-13 04:30:10,88
TXN00003252,FAN_SIM_3251,MATCH003,1,0,FAILED,FILE_LOCK,2026-07-13 04:30:10,1
TXN00003231,FAN_SIM_3230,MATCH003,1,0,FAILED,FILE_LOCK,2026-07-13 04:30:10,86
TXN00003232,FAN_SIM_3231,MATCH003,1,0,FAILED,FILE_LOCK,2026-07-13 04:30:10,86
TXN00003205,FAN_SIM_3204,MATCH003,1,0,FAILED,FILE_LOCK,2026-07-13 04:30:10,87
TXN00003236,FAN_SIM_3235,MATCH003,1,0,FAILED,FILE_LOCK,2026-07-13 04:30:10,86
TXN00003229,FAN_SIM_3228,MATCH003,1,0,FAILED,FILE_LOCK,2026-07-13 04:30:10,86
TXN00003214,FAN_SIM_3212,MATCH003,1,0,FAILED,FILE_LOCK,2026-07-13 04:30:10,86
TXN00003225,FAN_SIM_3224,MATCH003,1,0,FAILED,FILE_LOCK,2026-07-13 04:30:10,87
TXN00003206,FAN_SIM_3205,MATCH003,1,0,FAILED,FILE_LOCK,2026-07-13 04:30:10,90
TXN00003239,FAN_SIM_3238,MATCH003,1,0,FAILED,FILE_LOCK,2026-07-13 04:30:10,89
TXN00003237,FAN_SIM_3236,MATCH003,1,0,FAILED,FILE_LOCK,2026-07-13 04:30:10,89
TXN00003300,FAN_SIM_3299,MATCH003,1,0,FAILED,FILE_LOCK,2026-07-13 04:30:10,124
TXN00003317,FAN_SIM_3316,MATCH003,1,0,FAILED,FILE_LOCK,2026-07-13 04:30:10,120
TXN00003305,FAN_SIM_3304,MATCH003,1,0,FAILED,FILE_LOCK,2026-07-13 04:30:10,124
TXN00003267,FAN_SIM_3266,MATCH003,1,0,FAILED,FILE_LOCK,2026-07-13 04:30:10,126
TXN00003312,FAN_SIM_3311,MATCH003,1,0,FAILED,FILE_LOCK,2026-07-13 04:30:10,123
TXN00003302,FAN_SIM_3301,MATCH003,1,0,FAILED,FILE_LOCK,2026-07-13 04:30:10,124
TXN00003281,FAN_SIM_3280,MATCH003,1,0,FAILED,FILE_LOCK,2026-07-13 04:30:10,125
TXN00003308,FAN_SIM_3307,MATCH003,1,0,FAILED,FILE_LOCK,2026-07-13 04:30:10,124
TXN00003310,FAN_SIM_3309,MATCH003,1,0,FAILED,FILE_LOCK,2026-07-13 04:30:10,123
TXN00003265,FAN_SIM_3264,MATCH003,1,0,FAILED,FILE_LOCK,2026-07-13 04:30:10,126
TXN00003257,FAN_SIM_3256,MATCH003,1,500000,FAILED,FILE_LOCK,2026-07-13 04:30:10,126
TXN00003298,FAN_SIM_3297,MATCH003,1,0,FAILED,FILE_LOCK,2026-07-13 04:30:10,124
TXN00003270,FAN_SIM_3269,MATCH003,1,0,FAILED,FILE_LOCK,2026-07-13 04:30:10,125
TXN00003274,FAN_SIM_3273,MATCH003,1,0,FAILED,FILE_LOCK,2026-07-13 04:30:10,125
TXN00003294,FAN_SIM_3293,MATCH003,1,0,FAILED,FILE_LOCK,2026-07-13 04:30:10,124
TXN00003271,FAN_SIM_3270,MATCH003,1,0,FAILED,FILE_LOCK,2026-07-13 04:30:10,126
TXN00003306,FAN_SIM_3305,MATCH003,1,0,FAILED,FILE_LOCK,2026-07-13 04:30:10,125
TXN00003289,FAN_SIM_3288,MATCH003,1,0,FAILED,FILE_LOCK,2026-07-13 04:30:10,126
TXN00003279,FAN_SIM_3278,MATCH003,1,0,FAILED,FILE_LOCK,2026-07-13 04:30:10,126
TXN00003280,FAN_SIM_3279,MATCH003,1,0,FAILED,FILE_LOCK,2026-07-13 04:30:10,126
TXN00003314,FAN_SIM_3313,MATCH003,1,0,FAILED,FILE_LOCK,2026-07-13 04:30:10,124
TXN00003288,FAN_SIM_3287,MATCH003,1,500000,FAILED,FILE_LOCK,2026-07-13 04:30:10,126
TXN00003278,FAN_SIM_3277,MATCH003,1,0,FAILED,FILE_LOCK,2026-07-13 04:30:10,126
TXN00003311,FAN_SIM_3310,MATCH003,1,0,FAILED,FILE_LOCK,2026-07-13 04:30:10,124
TXN00003276,FAN_SIM_3275,MATCH003,1,0,FAILED,FILE_LOCK,2026-07-13 04:30:10,126
TXN00003309,FAN_SIM_3308,MATCH003,1,0,FAILED,FILE_LOCK,2026-07-13 04:30:10,125
TXN00003269,FAN_SIM_3268,MATCH003,1,0,FAILED,FILE_LOCK,2026-07-13 04:30:10,126
TXN00003268,FAN_SIM_3267,MATCH003,1,0,FAILED,FILE_LOCK,2026-07-13 04:30:10,127
TXN00003287,FAN_SIM_3286,MATCH003,1,500000,FAILED,FILE_LOCK,2026-07-13 04:30:10,126
TXN00003293,FAN_SIM_3292,MATCH003,1,0,FAILED,FILE_LOCK,2026-07-13 04:30:10,125
TXN00003285,FAN_SIM_3284,MATCH003,1,0,FAILED,FILE_LOCK,2026-07-13 04:30:10,126
TXN00003316,FAN_SIM_3315,MATCH003,1,0,FAILED,FILE_LOCK,2026-07-13 04:30:10,124
TXN00003313,FAN_SIM_3312,MATCH003,1,0,FAILED,FILE_LOCK,2026-07-13 04:30:10,124
TXN00003297,FAN_SIM_3296,MATCH003,1,0,FAILED,FILE_LOCK,2026-07-13 04:30:10,125
TXN00003296,FAN_SIM_3295,MATCH003,1,0,FAILED,FILE_LOCK,2026-07-13 04:30:10,125
TXN00003315,FAN_SIM_3314,MATCH003,1,0,FAILED,FILE_LOCK,2026-07-13 04:30:10,124
TXN00003307,FAN_SIM_3306,MATCH003,1,0,FAILED,FILE_LOCK,2026-07-13 04:30:10,125
TXN00003304,FAN_SIM_3303,MATCH003,1,0,FAILED,FILE_LOCK,2026-07-13 04:30:10,125
TXN00003295,FAN_SIM_3294,MATCH003,1,0,FAILED,FILE_LOCK,2026-07-13 04:30:10,125
TXN00003299,FAN_SIM_3298,MATCH003,1,0,FAILED,FILE_LOCK,2026-07-13 04:30:10,125
TXN00003318,FAN_SIM_3317,MATCH003,1,0,FAILED,FILE_LOCK,2026-07-13 04:30:10,1
TXN00003291,FAN_SIM_3290,MATCH003,1,0,FAILED,FILE_LOCK,2026-07-13 04:30:10,125
TXN00003283,FAN_SIM_3282,MATCH003,1,500000,FAILED,FILE_LOCK,2026-07-13 04:30:10,127
TXN00003292,FAN_SIM_3291,MATCH003,1,500000,FAILED,FILE_LOCK,2026-07-13 04:30:10,126
TXN00003320,FAN_SIM_3319,MATCH003,1,0,FAILED,FILE_LOCK,2026-07-13 04:30:10,1
TXN00003282,FAN_SIM_3281,MATCH003,1,500000,FAILED,FILE_LOCK,2026-07-13 04:30:10,127
TXN00003286,FAN_SIM_3285,MATCH003,1,500000,FAILED,FILE_LOCK,2026-07-13 04:30:10,127
TXN00003260,FAN_SIM_3259,MATCH003,1,500000,FAILED,FILE_LOCK,2026-07-13 04:30:10,128
TXN00003261,FAN_SIM_3260,MATCH003,1,500000,FAILED,FILE_LOCK,2026-07-13 04:30:10,128
TXN00003319,FAN_SIM_3318,MATCH003,1,0,FAILED,FILE_LOCK,2026-07-13 04:30:10,1
TXN00003254,FAN_SIM_3253,MATCH003,1,500000,FAILED,FILE_LOCK,2026-07-13 04:30:10,130
TXN00003324,FAN_SIM_3323,MATCH003,1,0,FAILED,FILE_LOCK,2026-07-13 04:30:10,1
TXN00003321,FAN_SIM_3320,MATCH003,1,0,FAILED,FILE_LOCK,2026-07-13 04:30:10,1
TXN00003323,FAN_SIM_3322,MATCH003,1,0,FAILED,FILE_LOCK,2026-07-13 04:30:10,1
TXN00003325,FAN_SIM_3324,MATCH003,1,0,FAILED,FILE_LOCK,2026-07-13 04:30:10,1
TXN00003326,FAN_SIM_3325,MATCH003,1,0,FAILED,FILE_LOCK,2026-07-13 04:30:10,0
TXN00003322,FAN_SIM_3321,MATCH003,1,0,FAILED,FILE_LOCK,2026-07-13 04:30:10,1
TXN00003327,FAN_SIM_3326,MATCH003,1,0,FAILED,FILE_LOCK,2026-07-13 04:30:10,1
TXN00003328,FAN_SIM_3327,MATCH003,1,0,FAILED,FILE_LOCK,2026-07-13 04:30:10,2
TXN00003255,FAN_SIM_3254,MATCH003,1,500000,FAILED,FILE_LOCK,2026-07-13 04:30:10,133
TXN00003258,FAN_SIM_3257,MATCH003,1,500000,FAILED,FILE_LOCK,2026-07-13 04:30:10,129
TXN00003290,FAN_SIM_3289,MATCH003,1,500000,FAILED,FILE_LOCK,2026-07-13 04:30:10,128
TXN00003332,FAN_SIM_3331,MATCH003,1,0,FAILED,FILE_LOCK,2026-07-13 04:30:10,1
TXN00003330,FAN_SIM_3329,MATCH003,1,0,FAILED,FILE_LOCK,2026-07-13 04:30:10,0
TXN00003331,FAN_SIM_3330,MATCH003,1,0,FAILED,FILE_LOCK,2026-07-13 04:30:10,1
TXN00003329,FAN_SIM_3328,MATCH003,1,0,FAILED,FILE_LOCK,2026-07-13 04:30:10,1
TXN00003259,FAN_SIM_3258,MATCH003,1,500000,FAILED,FILE_LOCK,2026-07-13 04:30:10,133
TXN00003334,FAN_SIM_3333,MATCH003,1,0,FAILED,FILE_LOCK,2026-07-13 04:30:10,1
TXN00003301,FAN_SIM_3300,MATCH003,1,500000,FAILED,FILE_LOCK,2026-07-13 04:30:10,131
TXN00003335,FAN_SIM_3334,MATCH003,1,0,FAILED,FILE_LOCK,2026-07-13 04:30:10,1
TXN00003333,FAN_SIM_3332,MATCH003,1,0,FAILED,FILE_LOCK,2026-07-13 04:30:10,2
TXN00003336,FAN_SIM_3335,MATCH003,1,0,FAILED,FILE_LOCK,2026-07-13 04:30:10,0
TXN00003272,FAN_SIM_3271,MATCH003,1,500000,FAILED,FILE_LOCK,2026-07-13 04:30:10,132
TXN00003263,FAN_SIM_3262,MATCH003,1,500000,FAILED,FILE_LOCK,2026-07-13 04:30:10,133
TXN00003284,FAN_SIM_3283,MATCH003,1,500000,FAILED,FILE_LOCK,2026-07-13 04:30:10,132
TXN00003264,FAN_SIM_3263,MATCH003,1,500000,FAILED,FILE_LOCK,2026-07-13 04:30:10,133
TXN00003266,FAN_SIM_3265,MATCH003,1,500000,FAILED,FILE_LOCK,2026-07-13 04:30:10,133
TXN00003277,FAN_SIM_3276,MATCH003,1,500000,FAILED,FILE_LOCK,2026-07-13 04:30:10,132
TXN00003262,FAN_SIM_3261,MATCH003,1,500000,FAILED,FILE_LOCK,2026-07-13 04:30:10,135
TXN00003256,FAN_SIM_3255,MATCH003,1,500000,FAILED,FILE_LOCK,2026-07-13 04:30:10,134
TXN00003303,FAN_SIM_3302,MATCH003,1,500000,FAILED,FILE_LOCK,2026-07-13 04:30:10,133
TXN00003273,FAN_SIM_3272,MATCH003,1,500000,FAILED,FILE_LOCK,2026-07-13 04:30:10,134
TXN00003275,FAN_SIM_3274,MATCH003,1,500000,FAILED,FILE_LOCK,2026-07-13 04:30:10,134
TXN00003352,FAN_SIM_3351,MATCH003,1,0,FAILED,FILE_LOCK,2026-07-13 04:30:10,53
TXN00003382,FAN_SIM_3381,MATCH003,1,0,FAILED,FILE_LOCK,2026-07-13 04:30:10,51
TXN00003385,FAN_SIM_3384,MATCH003,1,0,FAILED,FILE_LOCK,2026-07-13 04:30:10,51
TXN00003349,FAN_SIM_3348,MATCH003,1,0,FAILED,FILE_LOCK,2026-07-13 04:30:10,53
TXN00003395,FAN_SIM_3394,MATCH003,1,0,FAILED,FILE_LOCK,2026-07-13 04:30:10,50
TXN00003357,FAN_SIM_3356,MATCH003,1,0,FAILED,FILE_LOCK,2026-07-13 04:30:10,52
TXN00003360,FAN_SIM_3360,MATCH003,1,0,FAILED,FILE_LOCK,2026-07-13 04:30:10,52
TXN00003392,FAN_SIM_3391,MATCH003,1,0,FAILED,FILE_LOCK,2026-07-13 04:30:10,50
TXN00003375,FAN_SIM_3374,MATCH003,1,0,FAILED,FILE_LOCK,2026-07-13 04:30:10,51
TXN00003365,FAN_SIM_3359,MATCH003,1,0,FAILED,FILE_LOCK,2026-07-13 04:30:10,52
TXN00003346,FAN_SIM_3345,MATCH003,1,0,FAILED,FILE_LOCK,2026-07-13 04:30:10,53
TXN00003396,FAN_SIM_3395,MATCH003,1,0,FAILED,FILE_LOCK,2026-07-13 04:30:10,50
TXN00003345,FAN_SIM_3344,MATCH003,1,0,FAILED,FILE_LOCK,2026-07-13 04:30:10,53
TXN00003387,FAN_SIM_3386,MATCH003,1,0,FAILED,FILE_LOCK,2026-07-13 04:30:10,51
TXN00003361,FAN_SIM_3361,MATCH003,1,0,FAILED,FILE_LOCK,2026-07-13 04:30:10,52
TXN00003369,FAN_SIM_3367,MATCH003,1,0,FAILED,FILE_LOCK,2026-07-13 04:30:10,52
TXN00003368,FAN_SIM_3369,MATCH003,1,0,FAILED,FILE_LOCK,2026-07-13 04:30:10,52
TXN00003371,FAN_SIM_3370,MATCH003,1,0,FAILED,FILE_LOCK,2026-07-13 04:30:10,53
TXN00003351,FAN_SIM_3350,MATCH003,1,0,FAILED,FILE_LOCK,2026-07-13 04:30:10,55
TXN00003391,FAN_SIM_3390,MATCH003,1,0,FAILED,FILE_LOCK,2026-07-13 04:30:10,51
TXN00003353,FAN_SIM_3352,MATCH003,1,0,FAILED,FILE_LOCK,2026-07-13 04:30:10,54
TXN00003354,FAN_SIM_3353,MATCH003,1,0,FAILED,FILE_LOCK,2026-07-13 04:30:10,54
TXN00003394,FAN_SIM_3393,MATCH003,1,0,FAILED,FILE_LOCK,2026-07-13 04:30:10,51
TXN00003397,FAN_SIM_3396,MATCH003,1,0,FAILED,FILE_LOCK,2026-07-13 04:30:10,51
TXN00003388,FAN_SIM_3387,MATCH003,1,0,FAILED,FILE_LOCK,2026-07-13 04:30:10,52
TXN00003355,FAN_SIM_3354,MATCH003,1,0,FAILED,FILE_LOCK,2026-07-13 04:30:10,54
TXN00003358,FAN_SIM_3357,MATCH003,1,0,FAILED,FILE_LOCK,2026-07-13 04:30:10,53
TXN00003340,FAN_SIM_3339,MATCH003,1,0,FAILED,FILE_LOCK,2026-07-13 04:30:10,56
TXN00003350,FAN_SIM_3349,MATCH003,1,0,FAILED,FILE_LOCK,2026-07-13 04:30:10,54
TXN00003378,FAN_SIM_3377,MATCH003,1,0,FAILED,FILE_LOCK,2026-07-13 04:30:10,51
TXN00003347,FAN_SIM_3346,MATCH003,1,0,FAILED,FILE_LOCK,2026-07-13 04:30:10,54
TXN00003342,FAN_SIM_3341,MATCH003,1,0,FAILED,FILE_LOCK,2026-07-13 04:30:10,55
TXN00003344,FAN_SIM_3343,MATCH003,1,0,FAILED,FILE_LOCK,2026-07-13 04:30:10,54
TXN00003390,FAN_SIM_3388,MATCH003,1,0,FAILED,FILE_LOCK,2026-07-13 04:30:10,51
TXN00003338,FAN_SIM_3337,MATCH003,1,0,FAILED,FILE_LOCK,2026-07-13 04:30:10,59
TXN00003366,FAN_SIM_3365,MATCH003,1,0,FAILED,FILE_LOCK,2026-07-13 04:30:10,53
TXN00003367,FAN_SIM_3366,MATCH003,1,0,FAILED,FILE_LOCK,2026-07-13 04:30:10,53
TXN00003339,FAN_SIM_3338,MATCH003,1,0,FAILED,FILE_LOCK,2026-07-13 04:30:10,55
TXN00003399,FAN_SIM_3398,MATCH003,1,0,FAILED,FILE_LOCK,2026-07-13 04:30:10,52
TXN00003370,FAN_SIM_3368,MATCH003,1,0,FAILED,FILE_LOCK,2026-07-13 04:30:10,54
TXN00003356,FAN_SIM_3355,MATCH003,1,0,FAILED,FILE_LOCK,2026-07-13 04:30:10,54
TXN00003398,FAN_SIM_3397,MATCH003,1,0,FAILED,FILE_LOCK,2026-07-13 04:30:10,52
TXN00003384,FAN_SIM_3383,MATCH003,1,0,FAILED,FILE_LOCK,2026-07-13 04:30:10,52
TXN00003374,FAN_SIM_3373,MATCH003,1,0,FAILED,FILE_LOCK,2026-07-13 04:30:10,52
TXN00003389,FAN_SIM_3389,MATCH003,1,0,FAILED,FILE_LOCK,2026-07-13 04:30:10,51
TXN00003376,FAN_SIM_3375,MATCH003,1,0,FAILED,FILE_LOCK,2026-07-13 04:30:10,52
TXN00003377,FAN_SIM_3376,MATCH003,1,0,FAILED,FILE_LOCK,2026-07-13 04:30:10,52
TXN00003359,FAN_SIM_3358,MATCH003,1,0,FAILED,FILE_LOCK,2026-07-13 04:30:10,54
TXN00003380,FAN_SIM_3379,MATCH003,1,0,FAILED,FILE_LOCK,2026-07-13 04:30:10,51
TXN00003373,FAN_SIM_3372,MATCH003,1,0,FAILED,FILE_LOCK,2026-07-13 04:30:10,52
TXN00003363,FAN_SIM_3363,MATCH003,1,0,FAILED,FILE_LOCK,2026-07-13 04:30:10,53
TXN00003341,FAN_SIM_3340,MATCH003,1,500000,FAILED,FILE_LOCK,2026-07-13 04:30:10,56
TXN00003379,FAN_SIM_3378,MATCH003,1,0,FAILED,FILE_LOCK,2026-07-13 04:30:10,52
TXN00003337,FAN_SIM_3336,MATCH003,1,500000,FAILED,FILE_LOCK,2026-07-13 04:30:10,59
TXN00003393,FAN_SIM_3392,MATCH003,1,0,FAILED,FILE_LOCK,2026-07-13 04:30:10,52
TXN00003372,FAN_SIM_3371,MATCH003,1,0,FAILED,FILE_LOCK,2026-07-13 04:30:10,54
TXN00003415,FAN_SIM_3414,MATCH003,1,0,FAILED,FILE_LOCK,2026-07-13 04:30:10,19
TXN00003362,FAN_SIM_3362,MATCH003,1,0,FAILED,FILE_LOCK,2026-07-13 04:30:10,54
TXN00003386,FAN_SIM_3385,MATCH003,1,0,FAILED,FILE_LOCK,2026-07-13 04:30:10,53
TXN00003381,FAN_SIM_3380,MATCH003,1,0,FAILED,FILE_LOCK,2026-07-13 04:30:10,53
TXN00003400,FAN_SIM_3399,MATCH003,1,0,FAILED,FILE_LOCK,2026-07-13 04:30:10,46
TXN00003383,FAN_SIM_3382,MATCH003,1,0,FAILED,FILE_LOCK,2026-07-13 04:30:10,52
TXN00003364,FAN_SIM_3364,MATCH003,1,0,FAILED,FILE_LOCK,2026-07-13 04:30:10,53
TXN00003348,FAN_SIM_3347,MATCH003,1,0,FAILED,FILE_LOCK,2026-07-13 04:30:10,54
TXN00003343,FAN_SIM_3342,MATCH003,1,0,FAILED,FILE_LOCK,2026-07-13 04:30:10,55
TXN00003407,FAN_SIM_3406,MATCH003,1,500000,FAILED,FILE_LOCK,2026-07-13 04:30:10,23
TXN00003403,FAN_SIM_3402,MATCH003,1,0,FAILED,FILE_LOCK,2026-07-13 04:30:10,24
TXN00003405,FAN_SIM_3404,MATCH003,1,500000,FAILED,FILE_LOCK,2026-07-13 04:30:10,25
TXN00003404,FAN_SIM_3403,MATCH003,1,0,FAILED,FILE_LOCK,2026-07-13 04:30:10,24
TXN00003408,FAN_SIM_3407,MATCH003,1,500000,FAILED,FILE_LOCK,2026-07-13 04:30:10,23
TXN00003406,FAN_SIM_3405,MATCH003,1,500000,FAILED,FILE_LOCK,2026-07-13 04:30:10,23
TXN00003402,FAN_SIM_3401,MATCH003,1,0,FAILED,FILE_LOCK,2026-07-13 04:30:10,24
TXN00003414,FAN_SIM_3413,MATCH003,1,0,FAILED,FILE_LOCK,2026-07-13 04:30:10,22
TXN00003411,FAN_SIM_3410,MATCH003,1,500000,FAILED,FILE_LOCK,2026-07-13 04:30:10,22
TXN00003413,FAN_SIM_3412,MATCH003,1,0,FAILED,FILE_LOCK,2026-07-13 04:30:10,22
TXN00003401,FAN_SIM_3400,MATCH003,1,0,FAILED,FILE_LOCK,2026-07-13 04:30:10,25
TXN00003409,FAN_SIM_3408,MATCH003,1,0,FAILED,FILE_LOCK,2026-07-13 04:30:10,22
TXN00003412,FAN_SIM_3411,MATCH003,1,0,FAILED,FILE_LOCK,2026-07-13 04:30:10,22
TXN00003410,FAN_SIM_3409,MATCH003,1,0,FAILED,FILE_LOCK,2026-07-13 04:30:10,22
TXN00003440,FAN_SIM_3439,MATCH003,1,0,FAILED,FILE_LOCK,2026-07-13 04:30:10,26
TXN00003424,FAN_SIM_3423,MATCH003,1,0,FAILED,FILE_LOCK,2026-07-13 04:30:10,27
TXN00003421,FAN_SIM_3420,MATCH003,1,0,FAILED,FILE_LOCK,2026-07-13 04:30:10,28
TXN00003425,FAN_SIM_3424,MATCH003,1,0,FAILED,FILE_LOCK,2026-07-13 04:30:10,27
TXN00003429,FAN_SIM_3428,MATCH003,1,0,FAILED,FILE_LOCK,2026-07-13 04:30:10,27
TXN00003449,FAN_SIM_3448,MATCH003,1,0,FAILED,FILE_LOCK,2026-07-13 04:30:10,26
TXN00003447,FAN_SIM_3446,MATCH003,1,0,FAILED,FILE_LOCK,2026-07-13 04:30:10,26
TXN00003441,FAN_SIM_3440,MATCH003,1,0,FAILED,FILE_LOCK,2026-07-13 04:30:10,27
TXN00003439,FAN_SIM_3438,MATCH003,1,0,FAILED,FILE_LOCK,2026-07-13 04:30:10,27
TXN00003437,FAN_SIM_3436,MATCH003,1,0,FAILED,FILE_LOCK,2026-07-13 04:30:10,27
TXN00003458,FAN_SIM_3458,MATCH003,1,0,FAILED,FILE_LOCK,2026-07-13 04:30:10,26
TXN00003467,FAN_SIM_3466,MATCH003,1,0,FAILED,FILE_LOCK,2026-07-13 04:30:10,25
TXN00003420,FAN_SIM_3419,MATCH003,1,0,FAILED,FILE_LOCK,2026-07-13 04:30:10,28
TXN00003457,FAN_SIM_3456,MATCH003,1,0,FAILED,FILE_LOCK,2026-07-13 04:30:10,26
TXN00003442,FAN_SIM_3441,MATCH003,1,0,FAILED,FILE_LOCK,2026-07-13 04:30:10,27
TXN00003428,FAN_SIM_3427,MATCH003,1,0,FAILED,FILE_LOCK,2026-07-13 04:30:10,27
TXN00003465,FAN_SIM_3464,MATCH003,1,0,FAILED,FILE_LOCK,2026-07-13 04:30:10,26
TXN00003430,FAN_SIM_3429,MATCH003,1,0,FAILED,FILE_LOCK,2026-07-13 04:30:10,80
TXN00003438,FAN_SIM_3437,MATCH003,1,0,FAILED,FILE_LOCK,2026-07-13 04:30:10,43
TXN00003452,FAN_SIM_3451,MATCH003,1,0,FAILED,FILE_LOCK,2026-07-13 04:30:10,79
TXN00003462,FAN_SIM_3461,MATCH003,1,0,FAILED,FILE_LOCK,2026-07-13 04:30:10,79
TXN00003432,FAN_SIM_3431,MATCH003,1,0,FAILED,FILE_LOCK,2026-07-13 04:30:10,27
TXN00003448,FAN_SIM_3447,MATCH003,1,0,FAILED,FILE_LOCK,2026-07-13 04:30:10,42
TXN00003470,FAN_SIM_3469,MATCH003,1,0,FAILED,FILE_LOCK,2026-07-13 04:30:10,52
TXN00003450,FAN_SIM_3449,MATCH003,1,0,FAILED,FILE_LOCK,2026-07-13 04:30:10,79
TXN00003471,FAN_SIM_3470,MATCH003,1,0,FAILED,FILE_LOCK,2026-07-13 04:30:10,25
TXN00003434,FAN_SIM_3433,MATCH003,1,0,FAILED,FILE_LOCK,2026-07-13 04:30:10,80
TXN00003455,FAN_SIM_3454,MATCH003,1,0,FAILED,FILE_LOCK,2026-07-13 04:30:10,79
TXN00003456,FAN_SIM_3455,MATCH003,1,0,FAILED,FILE_LOCK,2026-07-13 04:30:10,79
TXN00003480,FAN_SIM_3479,MATCH003,1,0,FAILED,FILE_LOCK,2026-07-13 04:30:10,7
TXN00003468,FAN_SIM_3467,MATCH003,1,0,FAILED,FILE_LOCK,2026-07-13 04:30:10,78
TXN00003427,FAN_SIM_3426,MATCH003,1,0,FAILED,FILE_LOCK,2026-07-13 04:30:10,81
TXN00003466,FAN_SIM_3465,MATCH003,1,0,FAILED,FILE_LOCK,2026-07-13 04:30:10,79
TXN00003443,FAN_SIM_3442,MATCH003,1,0,FAILED,FILE_LOCK,2026-07-13 04:30:10,80
TXN00003419,FAN_SIM_3418,MATCH003,1,0,FAILED,FILE_LOCK,2026-07-13 04:30:10,81
TXN00003444,FAN_SIM_3443,MATCH003,1,0,FAILED,FILE_LOCK,2026-07-13 04:30:10,79
TXN00003445,FAN_SIM_3444,MATCH003,1,0,FAILED,FILE_LOCK,2026-07-13 04:30:10,79
TXN00003476,FAN_SIM_3475,MATCH003,1,0,FAILED,FILE_LOCK,2026-07-13 04:30:10,79
TXN00003418,FAN_SIM_3417,MATCH003,1,0,FAILED,FILE_LOCK,2026-07-13 04:30:10,81
TXN00003446,FAN_SIM_3445,MATCH003,1,0,FAILED,FILE_LOCK,2026-07-13 04:30:10,80
TXN00003436,FAN_SIM_3435,MATCH003,1,0,FAILED,FILE_LOCK,2026-07-13 04:30:10,81
TXN00003475,FAN_SIM_3474,MATCH003,1,0,FAILED,FILE_LOCK,2026-07-13 04:30:10,79
TXN00003464,FAN_SIM_3463,MATCH003,1,0,FAILED,FILE_LOCK,2026-07-13 04:30:10,80
TXN00003423,FAN_SIM_3422,MATCH003,1,0,FAILED,FILE_LOCK,2026-07-13 04:30:10,82
TXN00003416,FAN_SIM_3415,MATCH003,1,500000,FAILED,FILE_LOCK,2026-07-13 04:30:10,84
TXN00003426,FAN_SIM_3425,MATCH003,1,500000,FAILED,FILE_LOCK,2026-07-13 04:30:10,82
TXN00003461,FAN_SIM_3460,MATCH003,1,0,FAILED,FILE_LOCK,2026-07-13 04:30:10,80
TXN00003477,FAN_SIM_3476,MATCH003,1,0,FAILED,FILE_LOCK,2026-07-13 04:30:10,79
TXN00003435,FAN_SIM_3434,MATCH003,1,0,FAILED,FILE_LOCK,2026-07-13 04:30:10,81
TXN00003433,FAN_SIM_3432,MATCH003,1,0,FAILED,FILE_LOCK,2026-07-13 04:30:10,81
TXN00003473,FAN_SIM_3472,MATCH003,1,0,FAILED,FILE_LOCK,2026-07-13 04:30:10,79
TXN00003474,FAN_SIM_3473,MATCH003,1,0,FAILED,FILE_LOCK,2026-07-13 04:30:10,79
TXN00003478,FAN_SIM_3477,MATCH003,1,0,FAILED,FILE_LOCK,2026-07-13 04:30:10,79
TXN00003472,FAN_SIM_3471,MATCH003,1,0,FAILED,FILE_LOCK,2026-07-13 04:30:10,79
TXN00003459,FAN_SIM_3457,MATCH003,1,0,FAILED,FILE_LOCK,2026-07-13 04:30:10,80
TXN00003479,FAN_SIM_3478,MATCH003,1,0,FAILED,FILE_LOCK,2026-07-13 04:30:10,78
TXN00003483,FAN_SIM_3482,MATCH003,1,0,FAILED,FILE_LOCK,2026-07-13 04:30:10,2
TXN00003451,FAN_SIM_3450,MATCH003,1,500000,FAILED,FILE_LOCK,2026-07-13 04:30:10,83
TXN00003417,FAN_SIM_3416,MATCH003,1,0,FAILED,FILE_LOCK,2026-07-13 04:30:10,86
TXN00003422,FAN_SIM_3421,MATCH003,1,500000,FAILED,FILE_LOCK,2026-07-13 04:30:10,86
TXN00003481,FAN_SIM_3480,MATCH003,1,0,FAILED,FILE_LOCK,2026-07-13 04:30:10,3
TXN00003431,FAN_SIM_3430,MATCH003,1,0,FAILED,FILE_LOCK,2026-07-13 04:30:10,84
TXN00003485,FAN_SIM_3484,MATCH003,1,0,FAILED,FILE_LOCK,2026-07-13 04:30:10,1
TXN00003469,FAN_SIM_3468,MATCH003,1,500000,FAILED,FILE_LOCK,2026-07-13 04:30:10,82
TXN00003453,FAN_SIM_3452,MATCH003,1,500000,FAILED,FILE_LOCK,2026-07-13 04:30:10,83
TXN00003463,FAN_SIM_3462,MATCH003,1,500000,FAILED,FILE_LOCK,2026-07-13 04:30:10,84
TXN00003484,FAN_SIM_3483,MATCH003,1,0,FAILED,FILE_LOCK,2026-07-13 04:30:10,1
TXN00003482,FAN_SIM_3481,MATCH003,1,0,FAILED,FILE_LOCK,2026-07-13 04:30:10,2
TXN00003460,FAN_SIM_3459,MATCH003,1,500000,FAILED,FILE_LOCK,2026-07-13 04:30:10,83
TXN00003454,FAN_SIM_3453,MATCH003,1,500000,FAILED,FILE_LOCK,2026-07-13 04:30:10,83
TXN00003486,FAN_SIM_3485,MATCH003,1,0,FAILED,FILE_LOCK,2026-07-13 04:30:10,1
TXN00003544,FAN_SIM_3543,MATCH003,1,0,FAILED,FILE_LOCK,2026-07-13 04:30:10,129
TXN00003510,FAN_SIM_3509,MATCH003,1,0,FAILED,FILE_LOCK,2026-07-13 04:30:10,146
TXN00003489,FAN_SIM_3488,MATCH003,1,0,FAILED,FILE_LOCK,2026-07-13 04:30:10,148
TXN00003503,FAN_SIM_3502,MATCH003,1,0,FAILED,FILE_LOCK,2026-07-13 04:30:10,146
TXN00003527,FAN_SIM_3526,MATCH003,1,0,FAILED,FILE_LOCK,2026-07-13 04:30:10,145
TXN00003507,FAN_SIM_3506,MATCH003,1,0,FAILED,FILE_LOCK,2026-07-13 04:30:10,146
TXN00003549,FAN_SIM_3545,MATCH003,1,0,FAILED,FILE_LOCK,2026-07-13 04:30:10,129
TXN00003526,FAN_SIM_3525,MATCH003,1,0,FAILED,FILE_LOCK,2026-07-13 04:30:10,145
TXN00003543,FAN_SIM_3542,MATCH003,1,0,FAILED,FILE_LOCK,2026-07-13 04:30:10,129
TXN00003545,FAN_SIM_3544,MATCH003,1,0,FAILED,FILE_LOCK,2026-07-13 04:30:10,129
TXN00003523,FAN_SIM_3522,MATCH003,1,0,FAILED,FILE_LOCK,2026-07-13 04:30:10,146
TXN00003522,FAN_SIM_3521,MATCH003,1,0,FAILED,FILE_LOCK,2026-07-13 04:30:10,145
TXN00003541,FAN_SIM_3540,MATCH003,1,0,FAILED,FILE_LOCK,2026-07-13 04:30:10,129
TXN00003517,FAN_SIM_3516,MATCH003,1,0,FAILED,FILE_LOCK,2026-07-13 04:30:10,145
TXN00003518,FAN_SIM_3517,MATCH003,1,0,FAILED,FILE_LOCK,2026-07-13 04:30:10,145
TXN00003524,FAN_SIM_3523,MATCH003,1,0,FAILED,FILE_LOCK,2026-07-13 04:30:10,145
TXN00003487,FAN_SIM_3486,MATCH003,1,0,FAILED,FILE_LOCK,2026-07-13 04:30:10,149
TXN00003525,FAN_SIM_3524,MATCH003,1,0,FAILED,FILE_LOCK,2026-07-13 04:30:10,145
TXN00003515,FAN_SIM_3514,MATCH003,1,0,FAILED,FILE_LOCK,2026-07-13 04:30:10,145
TXN00003516,FAN_SIM_3515,MATCH003,1,0,FAILED,FILE_LOCK,2026-07-13 04:30:10,146
TXN00003514,FAN_SIM_3513,MATCH003,1,0,FAILED,FILE_LOCK,2026-07-13 04:30:10,148
TXN00003520,FAN_SIM_3519,MATCH003,1,0,FAILED,FILE_LOCK,2026-07-13 04:30:10,146
TXN00003528,FAN_SIM_3527,MATCH003,1,0,FAILED,FILE_LOCK,2026-07-13 04:30:10,147
TXN00003540,FAN_SIM_3539,MATCH003,1,0,FAILED,FILE_LOCK,2026-07-13 04:30:10,132
TXN00003504,FAN_SIM_3503,MATCH003,1,0,FAILED,FILE_LOCK,2026-07-13 04:30:10,149
TXN00003550,FAN_SIM_3547,MATCH003,1,0,FAILED,FILE_LOCK,2026-07-13 04:30:10,133
TXN00003511,FAN_SIM_3510,MATCH003,1,0,FAILED,FILE_LOCK,2026-07-13 04:30:10,149
TXN00003512,FAN_SIM_3511,MATCH003,1,0,FAILED,FILE_LOCK,2026-07-13 04:30:10,149
TXN00003536,FAN_SIM_3535,MATCH003,1,0,FAILED,FILE_LOCK,2026-07-13 04:30:10,147
TXN00003539,FAN_SIM_3538,MATCH003,1,0,FAILED,FILE_LOCK,2026-07-13 04:30:10,148
TXN00003547,FAN_SIM_3546,MATCH003,1,0,FAILED,FILE_LOCK,2026-07-13 04:30:10,133
TXN00003529,FAN_SIM_3528,MATCH003,1,0,FAILED,FILE_LOCK,2026-07-13 04:30:10,148
TXN00003530,FAN_SIM_3529,MATCH003,1,0,FAILED,FILE_LOCK,2026-07-13 04:30:10,148
TXN00003506,FAN_SIM_3505,MATCH003,1,0,FAILED,FILE_LOCK,2026-07-13 04:30:10,150
TXN00003488,FAN_SIM_3487,MATCH003,1,0,FAILED,FILE_LOCK,2026-07-13 04:30:10,152
TXN00003532,FAN_SIM_3531,MATCH003,1,0,FAILED,FILE_LOCK,2026-07-13 04:30:10,148
TXN00003535,FAN_SIM_3534,MATCH003,1,0,FAILED,FILE_LOCK,2026-07-13 04:30:10,148
TXN00003492,FAN_SIM_3491,MATCH003,1,500000,FAILED,FILE_LOCK,2026-07-13 04:30:10,151
TXN00003496,FAN_SIM_3495,MATCH003,1,0,FAILED,FILE_LOCK,2026-07-13 04:30:10,150
TXN00003548,FAN_SIM_3549,MATCH003,1,0,FAILED,FILE_LOCK,2026-07-13 04:30:10,133
TXN00003552,FAN_SIM_3551,MATCH003,1,0,FAILED,FILE_LOCK,2026-07-13 04:30:10,0
TXN00003553,FAN_SIM_3552,MATCH003,1,0,FAILED,FILE_LOCK,2026-07-13 04:30:10,0
TXN00003555,FAN_SIM_3554,MATCH003,1,0,FAILED,FILE_LOCK,2026-07-13 04:30:10,1
TXN00003554,FAN_SIM_3553,MATCH003,1,0,FAILED,FILE_LOCK,2026-07-13 04:30:10,1
TXN00003500,FAN_SIM_3500,MATCH003,1,500000,FAILED,FILE_LOCK,2026-07-13 04:30:10,152
TXN00003551,FAN_SIM_3550,MATCH003,1,0,FAILED,FILE_LOCK,2026-07-13 04:30:10,2
TXN00003556,FAN_SIM_3555,MATCH003,1,0,FAILED,FILE_LOCK,2026-07-13 04:30:10,1
TXN00003505,FAN_SIM_3504,MATCH003,1,500000,FAILED,FILE_LOCK,2026-07-13 04:30:10,152
TXN00003498,FAN_SIM_3498,MATCH003,1,500000,FAILED,FILE_LOCK,2026-07-13 04:30:10,152
TXN00003557,FAN_SIM_3556,MATCH003,1,0,FAILED,FILE_LOCK,2026-07-13 04:30:10,1
TXN00003558,FAN_SIM_3557,MATCH003,1,0,FAILED,FILE_LOCK,2026-07-13 04:30:10,0
TXN00003559,FAN_SIM_3558,MATCH003,1,0,FAILED,FILE_LOCK,2026-07-13 04:30:10,1
TXN00003499,FAN_SIM_3499,MATCH003,1,500000,FAILED,FILE_LOCK,2026-07-13 04:30:10,153
TXN00003560,FAN_SIM_3559,MATCH003,1,0,FAILED,FILE_LOCK,2026-07-13 04:30:10,1
TXN00003561,FAN_SIM_3560,MATCH003,1,0,FAILED,FILE_LOCK,2026-07-13 04:30:10,0
TXN00003562,FAN_SIM_3561,MATCH003,1,0,FAILED,FILE_LOCK,2026-07-13 04:30:10,0
TXN00003546,FAN_SIM_3548,MATCH003,1,500000,FAILED,FILE_LOCK,2026-07-13 04:30:10,139
TXN00003519,FAN_SIM_3518,MATCH003,1,500000,FAILED,FILE_LOCK,2026-07-13 04:30:10,153
TXN00003491,FAN_SIM_3490,MATCH003,1,500000,FAILED,FILE_LOCK,2026-07-13 04:30:10,157
TXN00003565,FAN_SIM_3564,MATCH003,1,0,FAILED,FILE_LOCK,2026-07-13 04:30:10,0
TXN00003509,FAN_SIM_3508,MATCH003,1,500000,FAILED,FILE_LOCK,2026-07-13 04:30:10,154
TXN00003542,FAN_SIM_3541,MATCH003,1,500000,FAILED,FILE_LOCK,2026-07-13 04:30:10,139
TXN00003567,FAN_SIM_3566,MATCH003,1,0,FAILED,FILE_LOCK,2026-07-13 04:30:10,1
TXN00003501,FAN_SIM_3501,MATCH003,1,500000,FAILED,FILE_LOCK,2026-07-13 04:30:10,154
TXN00003502,FAN_SIM_3497,MATCH003,1,500000,FAILED,FILE_LOCK,2026-07-13 04:30:10,154
TXN00003569,FAN_SIM_3568,MATCH003,1,0,FAILED,FILE_LOCK,2026-07-13 04:30:10,2
TXN00003566,FAN_SIM_3565,MATCH003,1,0,FAILED,FILE_LOCK,2026-07-13 04:30:10,1
TXN00003563,FAN_SIM_3562,MATCH003,1,0,FAILED,FILE_LOCK,2026-07-13 04:30:10,0
TXN00003568,FAN_SIM_3567,MATCH003,1,0,FAILED,FILE_LOCK,2026-07-13 04:30:10,2
TXN00003564,FAN_SIM_3563,MATCH003,1,0,FAILED,FILE_LOCK,2026-07-13 04:30:10,0
TXN00003574,FAN_SIM_3573,MATCH003,1,0,FAILED,FILE_LOCK,2026-07-13 04:30:10,1
TXN00003576,FAN_SIM_3575,MATCH003,1,0,FAILED,FILE_LOCK,2026-07-13 04:30:10,1
TXN00003495,FAN_SIM_3494,MATCH003,1,500000,FAILED,FILE_LOCK,2026-07-13 04:30:10,156
TXN00003575,FAN_SIM_3574,MATCH003,1,0,FAILED,FILE_LOCK,2026-07-13 04:30:10,1
TXN00003572,FAN_SIM_3571,MATCH003,1,0,FAILED,FILE_LOCK,2026-07-13 04:30:10,1
TXN00003571,FAN_SIM_3570,MATCH003,1,0,FAILED,FILE_LOCK,2026-07-13 04:30:10,1
TXN00003570,FAN_SIM_3569,MATCH003,1,0,FAILED,FILE_LOCK,2026-07-13 04:30:10,2
TXN00003573,FAN_SIM_3572,MATCH003,1,0,FAILED,FILE_LOCK,2026-07-13 04:30:10,1
TXN00003534,FAN_SIM_3533,MATCH003,1,500000,FAILED,FILE_LOCK,2026-07-13 04:30:10,155
TXN00003493,FAN_SIM_3492,MATCH003,1,500000,FAILED,FILE_LOCK,2026-07-13 04:30:10,158
TXN00003497,FAN_SIM_3496,MATCH003,1,500000,FAILED,FILE_LOCK,2026-07-13 04:30:10,157
TXN00003508,FAN_SIM_3507,MATCH003,1,500000,FAILED,FILE_LOCK,2026-07-13 04:30:10,158
TXN00003531,FAN_SIM_3530,MATCH003,1,500000,FAILED,FILE_LOCK,2026-07-13 04:30:10,156
TXN00003521,FAN_SIM_3520,MATCH003,1,500000,FAILED,FILE_LOCK,2026-07-13 04:30:10,155
TXN00003533,FAN_SIM_3532,MATCH003,1,500000,FAILED,FILE_LOCK,2026-07-13 04:30:10,155
TXN00003537,FAN_SIM_3536,MATCH003,1,500000,FAILED,FILE_LOCK,2026-07-13 04:30:10,156
TXN00003538,FAN_SIM_3537,MATCH003,1,500000,FAILED,FILE_LOCK,2026-07-13 04:30:10,155
TXN00003513,FAN_SIM_3512,MATCH003,1,500000,FAILED,FILE_LOCK,2026-07-13 04:30:10,155
TXN00003494,FAN_SIM_3493,MATCH003,1,500000,FAILED,FILE_LOCK,2026-07-13 04:30:10,158
TXN00003490,FAN_SIM_3489,MATCH003,1,500000,FAILED,FILE_LOCK,2026-07-13 04:30:10,159
TXN00003628,FAN_SIM_3628,MATCH003,1,0,FAILED,FILE_LOCK,2026-07-13 04:30:11,70
TXN00003580,FAN_SIM_3579,MATCH003,1,500000,FAILED,FILE_LOCK,2026-07-13 04:30:11,76
TXN00003589,FAN_SIM_3588,MATCH003,1,500000,FAILED,FILE_LOCK,2026-07-13 04:30:11,73
TXN00003581,FAN_SIM_3580,MATCH003,1,500000,FAILED,FILE_LOCK,2026-07-13 04:30:11,75
TXN00003595,FAN_SIM_3594,MATCH003,1,500000,FAILED,FILE_LOCK,2026-07-13 04:30:11,73
TXN00003584,FAN_SIM_3583,MATCH003,1,500000,FAILED,FILE_LOCK,2026-07-13 04:30:11,73
TXN00003591,FAN_SIM_3590,MATCH003,1,500000,FAILED,FILE_LOCK,2026-07-13 04:30:11,74
TXN00003642,FAN_SIM_3641,MATCH003,1,0,FAILED,FILE_LOCK,2026-07-13 04:30:11,1
TXN00003586,FAN_SIM_3585,MATCH003,1,500000,FAILED,FILE_LOCK,2026-07-13 04:30:11,74
TXN00003585,FAN_SIM_3584,MATCH003,1,500000,FAILED,FILE_LOCK,2026-07-13 04:30:11,74
TXN00003594,FAN_SIM_3593,MATCH003,1,500000,FAILED,FILE_LOCK,2026-07-13 04:30:11,74
TXN00003592,FAN_SIM_3591,MATCH003,1,500000,FAILED,FILE_LOCK,2026-07-13 04:30:11,74
TXN00003582,FAN_SIM_3581,MATCH003,1,500000,FAILED,FILE_LOCK,2026-07-13 04:30:11,75
TXN00003643,FAN_SIM_3642,MATCH003,1,0,FAILED,FILE_LOCK,2026-07-13 04:30:11,0
TXN00003644,FAN_SIM_3643,MATCH003,1,0,FAILED,FILE_LOCK,2026-07-13 04:30:11,0
TXN00003647,FAN_SIM_3646,MATCH003,1,0,FAILED,FILE_LOCK,2026-07-13 04:30:11,0
TXN00003646,FAN_SIM_3645,MATCH003,1,0,FAILED,FILE_LOCK,2026-07-13 04:30:11,0
TXN00003588,FAN_SIM_3587,MATCH003,1,500000,FAILED,FILE_LOCK,2026-07-13 04:30:11,74
TXN00003650,FAN_SIM_3649,MATCH003,1,0,FAILED,FILE_LOCK,2026-07-13 04:30:11,0
TXN00003649,FAN_SIM_3648,MATCH003,1,0,FAILED,FILE_LOCK,2026-07-13 04:30:11,0
TXN00003652,FAN_SIM_3651,MATCH003,1,0,FAILED,FILE_LOCK,2026-07-13 04:30:11,0
TXN00003654,FAN_SIM_3653,MATCH003,1,0,FAILED,FILE_LOCK,2026-07-13 04:30:11,0
TXN00003658,FAN_SIM_3657,MATCH003,1,0,FAILED,FILE_LOCK,2026-07-13 04:30:11,0
TXN00003629,FAN_SIM_3629,MATCH003,1,0,FAILED,FILE_LOCK,2026-07-13 04:30:11,93
TXN00003602,FAN_SIM_3601,MATCH003,1,0,FAILED,FILE_LOCK,2026-07-13 04:30:11,94
TXN00003614,FAN_SIM_3613,MATCH003,1,0,FAILED,FILE_LOCK,2026-07-13 04:30:11,94
TXN00003601,FAN_SIM_3600,MATCH003,1,0,FAILED,FILE_LOCK,2026-07-13 04:30:11,94
TXN00003600,FAN_SIM_3599,MATCH003,1,0,FAILED,FILE_LOCK,2026-07-13 04:30:11,94
TXN00003605,FAN_SIM_3604,MATCH003,1,0,FAILED,FILE_LOCK,2026-07-13 04:30:11,94
TXN00003606,FAN_SIM_3605,MATCH003,1,500000,FAILED,FILE_LOCK,2026-07-13 04:30:11,73
TXN00003603,FAN_SIM_3602,MATCH003,1,0,FAILED,FILE_LOCK,2026-07-13 04:30:11,94
TXN00003590,FAN_SIM_3589,MATCH003,1,500000,FAILED,FILE_LOCK,2026-07-13 04:30:11,74
TXN00003621,FAN_SIM_3620,MATCH003,1,0,FAILED,FILE_LOCK,2026-07-13 04:30:11,94
TXN00003653,FAN_SIM_3652,MATCH003,1,0,FAILED,FILE_LOCK,2026-07-13 04:30:11,0
TXN00003655,FAN_SIM_3654,MATCH003,1,0,FAILED,FILE_LOCK,2026-07-13 04:30:11,0
TXN00003659,FAN_SIM_3658,MATCH003,1,0,FAILED,FILE_LOCK,2026-07-13 04:30:11,0
TXN00003598,FAN_SIM_3597,MATCH003,1,0,FAILED,FILE_LOCK,2026-07-13 04:30:11,95
TXN00003612,FAN_SIM_3611,MATCH003,1,0,FAILED,FILE_LOCK,2026-07-13 04:30:11,94
TXN00003604,FAN_SIM_3603,MATCH003,1,0,FAILED,FILE_LOCK,2026-07-13 04:30:11,94
TXN00003608,FAN_SIM_3607,MATCH003,1,0,FAILED,FILE_LOCK,2026-07-13 04:30:11,94
TXN00003626,FAN_SIM_3626,MATCH003,1,0,FAILED,FILE_LOCK,2026-07-13 04:30:11,94
TXN00003663,FAN_SIM_3662,MATCH003,1,0,FAILED,FILE_LOCK,2026-07-13 04:30:11,0
TXN00003622,FAN_SIM_3621,MATCH003,1,0,FAILED,FILE_LOCK,2026-07-13 04:30:11,94
TXN00003660,FAN_SIM_3659,MATCH003,1,0,FAILED,FILE_LOCK,2026-07-13 04:30:11,1
TXN00003633,FAN_SIM_3632,MATCH003,1,0,FAILED,FILE_LOCK,2026-07-13 04:30:11,93
TXN00003610,FAN_SIM_3610,MATCH003,1,0,FAILED,FILE_LOCK,2026-07-13 04:30:11,94
TXN00003623,FAN_SIM_3624,MATCH003,1,0,FAILED,FILE_LOCK,2026-07-13 04:30:11,94
TXN00003613,FAN_SIM_3612,MATCH003,1,0,FAILED,FILE_LOCK,2026-07-13 04:30:11,94
TXN00003627,FAN_SIM_3627,MATCH003,1,0,FAILED,FILE_LOCK,2026-07-13 04:30:11,93
TXN00003597,FAN_SIM_3596,MATCH003,1,0,FAILED,FILE_LOCK,2026-07-13 04:30:11,95
TXN00003625,FAN_SIM_3625,MATCH003,1,0,FAILED,FILE_LOCK,2026-07-13 04:30:11,94
TXN00003624,FAN_SIM_3623,MATCH003,1,0,FAILED,FILE_LOCK,2026-07-13 04:30:11,94
TXN00003637,FAN_SIM_3637,MATCH003,1,0,FAILED,FILE_LOCK,2026-07-13 04:30:11,93
TXN00003635,FAN_SIM_3634,MATCH003,1,0,FAILED,FILE_LOCK,2026-07-13 04:30:11,94
TXN00003618,FAN_SIM_3617,MATCH003,1,0,FAILED,FILE_LOCK,2026-07-13 04:30:11,94
TXN00003636,FAN_SIM_3635,MATCH003,1,0,FAILED,FILE_LOCK,2026-07-13 04:30:11,94
TXN00003638,FAN_SIM_3636,MATCH003,1,0,FAILED,FILE_LOCK,2026-07-13 04:30:11,94
TXN00003631,FAN_SIM_3631,MATCH003,1,0,FAILED,FILE_LOCK,2026-07-13 04:30:11,94
TXN00003640,FAN_SIM_3639,MATCH003,1,0,FAILED,FILE_LOCK,2026-07-13 04:30:11,94
TXN00003645,FAN_SIM_3644,MATCH003,1,0,FAILED,FILE_LOCK,2026-07-13 04:30:11,22
TXN00003632,FAN_SIM_3622,MATCH003,1,0,FAILED,FILE_LOCK,2026-07-13 04:30:11,94
TXN00003630,FAN_SIM_3630,MATCH003,1,0,FAILED,FILE_LOCK,2026-07-13 04:30:11,94
TXN00003617,FAN_SIM_3616,MATCH003,1,0,FAILED,FILE_LOCK,2026-07-13 04:30:11,95
TXN00003648,FAN_SIM_3647,MATCH003,1,0,FAILED,FILE_LOCK,2026-07-13 04:30:11,21
TXN00003599,FAN_SIM_3598,MATCH003,1,0,FAILED,FILE_LOCK,2026-07-13 04:30:11,96
TXN00003639,FAN_SIM_3638,MATCH003,1,0,FAILED,FILE_LOCK,2026-07-13 04:30:11,94
TXN00003634,FAN_SIM_3633,MATCH003,1,0,FAILED,FILE_LOCK,2026-07-13 04:30:11,94
TXN00003641,FAN_SIM_3640,MATCH003,1,0,FAILED,FILE_LOCK,2026-07-13 04:30:11,23
TXN00003661,FAN_SIM_3660,MATCH003,1,0,FAILED,FILE_LOCK,2026-07-13 04:30:11,20
TXN00003609,FAN_SIM_3608,MATCH003,1,500000,FAILED,FILE_LOCK,2026-07-13 04:30:11,96
TXN00003616,FAN_SIM_3615,MATCH003,1,500000,FAILED,FILE_LOCK,2026-07-13 04:30:11,97
TXN00003578,FAN_SIM_3577,MATCH003,1,500000,FAILED,FILE_LOCK,2026-07-13 04:30:11,104
TXN00003662,FAN_SIM_3661,MATCH003,1,0,FAILED,FILE_LOCK,2026-07-13 04:30:11,20
TXN00003615,FAN_SIM_3614,MATCH003,1,500000,FAILED,FILE_LOCK,2026-07-13 04:30:11,98
TXN00003656,FAN_SIM_3655,MATCH003,1,0,FAILED,FILE_LOCK,2026-07-13 04:30:11,21
TXN00003664,FAN_SIM_3663,MATCH003,1,0,FAILED,FILE_LOCK,2026-07-13 04:30:11,1
TXN00003620,FAN_SIM_3619,MATCH003,1,500000,FAILED,FILE_LOCK,2026-07-13 04:30:11,98
TXN00003665,FAN_SIM_3664,MATCH003,1,0,FAILED,FILE_LOCK,2026-07-13 04:30:11,0
TXN00003619,FAN_SIM_3618,MATCH003,1,500000,FAILED,FILE_LOCK,2026-07-13 04:30:11,98
TXN00003666,FAN_SIM_3665,MATCH003,1,0,FAILED,FILE_LOCK,2026-07-13 04:30:11,0
TXN00003651,FAN_SIM_3650,MATCH003,1,0,FAILED,FILE_LOCK,2026-07-13 04:30:11,22
TXN00003657,FAN_SIM_3656,MATCH003,1,0,FAILED,FILE_LOCK,2026-07-13 04:30:11,21
TXN00003607,FAN_SIM_3606,MATCH003,1,500000,FAILED,FILE_LOCK,2026-07-13 04:30:11,98
TXN00003596,FAN_SIM_3595,MATCH003,1,500000,FAILED,FILE_LOCK,2026-07-13 04:30:11,100
TXN00003593,FAN_SIM_3592,MATCH003,1,500000,FAILED,FILE_LOCK,2026-07-13 04:30:11,101
TXN00003611,FAN_SIM_3609,MATCH003,1,500000,FAILED,FILE_LOCK,2026-07-13 04:30:11,99
TXN00003579,FAN_SIM_3578,MATCH003,1,500000,FAILED,FILE_LOCK,2026-07-13 04:30:11,104
TXN00003577,FAN_SIM_3576,MATCH003,1,500000,FAILED,FILE_LOCK,2026-07-13 04:30:11,107
TXN00003583,FAN_SIM_3582,MATCH003,1,500000,FAILED,FILE_LOCK,2026-07-13 04:30:11,101
TXN00003587,FAN_SIM_3586,MATCH003,1,500000,FAILED,FILE_LOCK,2026-07-13 04:30:11,100
TXN00003667,FAN_SIM_3666,MATCH003,1,0,FAILED,FILE_LOCK,2026-07-13 04:30:11,1
TXN00003668,FAN_SIM_3667,MATCH003,1,0,FAILED,FILE_LOCK,2026-07-13 04:30:11,0
TXN00003697,FAN_SIM_3696,MATCH003,1,0,FAILED,FILE_LOCK,2026-07-13 04:30:11,105
TXN00003715,FAN_SIM_3714,MATCH003,1,0,FAILED,FILE_LOCK,2026-07-13 04:30:11,104
TXN00003722,FAN_SIM_3722,MATCH003,1,0,FAILED,FILE_LOCK,2026-07-13 04:30:11,104
TXN00003721,FAN_SIM_3721,MATCH003,1,0,FAILED,FILE_LOCK,2026-07-13 04:30:11,104
TXN00003700,FAN_SIM_3699,MATCH003,1,0,FAILED,FILE_LOCK,2026-07-13 04:30:11,105
TXN00003704,FAN_SIM_3703,MATCH003,1,0,FAILED,FILE_LOCK,2026-07-13 04:30:11,105
TXN00003702,FAN_SIM_3701,MATCH003,1,0,FAILED,FILE_LOCK,2026-07-13 04:30:11,105
TXN00003717,FAN_SIM_3716,MATCH003,1,0,FAILED,FILE_LOCK,2026-07-13 04:30:11,104
TXN00003708,FAN_SIM_3707,MATCH003,1,0,FAILED,FILE_LOCK,2026-07-13 04:30:11,105
TXN00003720,FAN_SIM_3719,MATCH003,1,0,FAILED,FILE_LOCK,2026-07-13 04:30:11,104
TXN00003696,FAN_SIM_3695,MATCH003,1,0,FAILED,FILE_LOCK,2026-07-13 04:30:11,105
TXN00003724,FAN_SIM_3723,MATCH003,1,0,FAILED,FILE_LOCK,2026-07-13 04:30:11,103
TXN00003689,FAN_SIM_3688,MATCH003,1,0,FAILED,FILE_LOCK,2026-07-13 04:30:11,106
TXN00003710,FAN_SIM_3710,MATCH003,1,0,FAILED,FILE_LOCK,2026-07-13 04:30:11,104
TXN00003693,FAN_SIM_3692,MATCH003,1,0,FAILED,FILE_LOCK,2026-07-13 04:30:11,107
TXN00003690,FAN_SIM_3689,MATCH003,1,0,FAILED,FILE_LOCK,2026-07-13 04:30:11,106
TXN00003687,FAN_SIM_3686,MATCH003,1,0,FAILED,FILE_LOCK,2026-07-13 04:30:11,106
TXN00003714,FAN_SIM_3713,MATCH003,1,0,FAILED,FILE_LOCK,2026-07-13 04:30:11,104
TXN00003709,FAN_SIM_3708,MATCH003,1,0,FAILED,FILE_LOCK,2026-07-13 04:30:11,106
TXN00003686,FAN_SIM_3685,MATCH003,1,0,FAILED,FILE_LOCK,2026-07-13 04:30:11,106
TXN00003688,FAN_SIM_3687,MATCH003,1,0,FAILED,FILE_LOCK,2026-07-13 04:30:11,107
TXN00003684,FAN_SIM_3683,MATCH003,1,0,FAILED,FILE_LOCK,2026-07-13 04:30:11,106
TXN00003727,FAN_SIM_3726,MATCH003,1,0,FAILED,FILE_LOCK,2026-07-13 04:30:11,101
TXN00003669,FAN_SIM_3668,MATCH003,1,0,FAILED,FILE_LOCK,2026-07-13 04:30:11,109
TXN00003680,FAN_SIM_3679,MATCH003,1,0,FAILED,FILE_LOCK,2026-07-13 04:30:11,106
TXN00003725,FAN_SIM_3724,MATCH003,1,0,FAILED,FILE_LOCK,2026-07-13 04:30:11,103
TXN00003728,FAN_SIM_3727,MATCH003,1,0,FAILED,FILE_LOCK,2026-07-13 04:30:11,100
TXN00003681,FAN_SIM_3680,MATCH003,1,0,FAILED,FILE_LOCK,2026-07-13 04:30:11,106
TXN00003731,FAN_SIM_3730,MATCH003,1,0,FAILED,FILE_LOCK,2026-07-13 04:30:11,101
TXN00003672,FAN_SIM_3671,MATCH003,1,500000,FAILED,FILE_LOCK,2026-07-13 04:30:11,108
TXN00003729,FAN_SIM_3728,MATCH003,1,0,FAILED,FILE_LOCK,2026-07-13 04:30:11,101
TXN00003712,FAN_SIM_3711,MATCH003,1,0,FAILED,FILE_LOCK,2026-07-13 04:30:11,105
TXN00003703,FAN_SIM_3702,MATCH003,1,0,FAILED,FILE_LOCK,2026-07-13 04:30:11,106
TXN00003683,FAN_SIM_3682,MATCH003,1,500000,FAILED,FILE_LOCK,2026-07-13 04:30:11,110
TXN00003674,FAN_SIM_3673,MATCH003,1,500000,FAILED,FILE_LOCK,2026-07-13 04:30:11,111
TXN00003695,FAN_SIM_3694,MATCH003,1,500000,FAILED,FILE_LOCK,2026-07-13 04:30:11,110
TXN00003677,FAN_SIM_3676,MATCH003,1,500000,FAILED,FILE_LOCK,2026-07-13 04:30:11,113
TXN00003694,FAN_SIM_3693,MATCH003,1,500000,FAILED,FILE_LOCK,2026-07-13 04:30:11,111
TXN00003673,FAN_SIM_3672,MATCH003,1,500000,FAILED,FILE_LOCK,2026-07-13 04:30:11,113
TXN00003711,FAN_SIM_3709,MATCH003,1,500000,FAILED,FILE_LOCK,2026-07-13 04:30:11,110
TXN00003752,FAN_SIM_3751,MATCH003,1,0,FAILED,FILE_LOCK,2026-07-13 04:30:11,0
TXN00003769,FAN_SIM_3768,MATCH003,1,0,FAILED,FILE_LOCK,2026-07-13 04:30:11,0
TXN00003768,FAN_SIM_3767,MATCH003,1,0,FAILED,FILE_LOCK,2026-07-13 04:30:11,0
TXN00003771,FAN_SIM_3770,MATCH003,1,0,FAILED,FILE_LOCK,2026-07-13 04:30:11,1
TXN00003775,FAN_SIM_3774,MATCH003,1,0,FAILED,FILE_LOCK,2026-07-13 04:30:11,0
TXN00003723,FAN_SIM_3720,MATCH003,1,0,FAILED,FILE_LOCK,2026-07-13 04:30:11,104
TXN00003707,FAN_SIM_3706,MATCH003,1,0,FAILED,FILE_LOCK,2026-07-13 04:30:11,105
TXN00003718,FAN_SIM_3717,MATCH003,1,0,FAILED,FILE_LOCK,2026-07-13 04:30:11,104
TXN00003726,FAN_SIM_3725,MATCH003,1,0,FAILED,FILE_LOCK,2026-07-13 04:30:11,103
TXN00003670,FAN_SIM_3669,MATCH003,1,500000,FAILED,FILE_LOCK,2026-07-13 04:30:11,113
TXN00003699,FAN_SIM_3698,MATCH003,1,0,FAILED,FILE_LOCK,2026-07-13 04:30:11,105
TXN00003701,FAN_SIM_3700,MATCH003,1,0,FAILED,FILE_LOCK,2026-07-13 04:30:11,105
TXN00003732,FAN_SIM_3731,MATCH003,1,0,FAILED,FILE_LOCK,2026-07-13 04:30:11,98
TXN00003713,FAN_SIM_3712,MATCH003,1,0,FAILED,FILE_LOCK,2026-07-13 04:30:11,105
TXN00003719,FAN_SIM_3718,MATCH003,1,0,FAILED,FILE_LOCK,2026-07-13 04:30:11,104
TXN00003698,FAN_SIM_3697,MATCH003,1,0,FAILED,FILE_LOCK,2026-07-13 04:30:11,106
TXN00003716,FAN_SIM_3715,MATCH003,1,0,FAILED,FILE_LOCK,2026-07-13 04:30:11,105
TXN00003706,FAN_SIM_3705,MATCH003,1,0,FAILED,FILE_LOCK,2026-07-13 04:30:11,105
TXN00003730,FAN_SIM_3729,MATCH003,1,0,FAILED,FILE_LOCK,2026-07-13 04:30:11,100
TXN00003705,FAN_SIM_3704,MATCH003,1,0,FAILED,FILE_LOCK,2026-07-13 04:30:11,106
TXN00003678,FAN_SIM_3677,MATCH003,1,500000,FAILED,FILE_LOCK,2026-07-13 04:30:11,111
TXN00003691,FAN_SIM_3690,MATCH003,1,500000,FAILED,FILE_LOCK,2026-07-13 04:30:11,112
TXN00003685,FAN_SIM_3684,MATCH003,1,500000,FAILED,FILE_LOCK,2026-07-13 04:30:11,110
TXN00003679,FAN_SIM_3678,MATCH003,1,500000,FAILED,FILE_LOCK,2026-07-13 04:30:11,112
TXN00003682,FAN_SIM_3681,MATCH003,1,500000,FAILED,FILE_LOCK,2026-07-13 04:30:11,112
TXN00003776,FAN_SIM_3775,MATCH003,1,0,FAILED,FILE_LOCK,2026-07-13 04:30:11,0
TXN00003736,FAN_SIM_3735,MATCH003,1,0,FAILED,FILE_LOCK,2026-07-13 04:30:11,37
TXN00003735,FAN_SIM_3734,MATCH003,1,0,FAILED,FILE_LOCK,2026-07-13 04:30:11,38
TXN00003737,FAN_SIM_3736,MATCH003,1,0,FAILED,FILE_LOCK,2026-07-13 04:30:11,37
TXN00003739,FAN_SIM_3738,MATCH003,1,0,FAILED,FILE_LOCK,2026-07-13 04:30:11,37
TXN00003742,FAN_SIM_3741,MATCH003,1,0,FAILED,FILE_LOCK,2026-07-13 04:30:11,34
TXN00003741,FAN_SIM_3740,MATCH003,1,0,FAILED,FILE_LOCK,2026-07-13 04:30:11,35
TXN00003671,FAN_SIM_3670,MATCH003,1,500000,FAILED,FILE_LOCK,2026-07-13 04:30:11,147
TXN00003676,FAN_SIM_3675,MATCH003,1,500000,FAILED,FILE_LOCK,2026-07-13 04:30:11,113
TXN00003692,FAN_SIM_3691,MATCH003,1,500000,FAILED,FILE_LOCK,2026-07-13 04:30:11,145
TXN00003734,FAN_SIM_3733,MATCH003,1,0,FAILED,FILE_LOCK,2026-07-13 04:30:11,38
TXN00003767,FAN_SIM_3766,MATCH003,1,0,FAILED,FILE_LOCK,2026-07-13 04:30:11,0
TXN00003745,FAN_SIM_3744,MATCH003,1,0,FAILED,FILE_LOCK,2026-07-13 04:30:11,34
TXN00003762,FAN_SIM_3761,MATCH003,1,0,FAILED,FILE_LOCK,2026-07-13 04:30:11,0
TXN00003758,FAN_SIM_3757,MATCH003,1,0,FAILED,FILE_LOCK,2026-07-13 04:30:11,0
TXN00003733,FAN_SIM_3732,MATCH003,1,0,FAILED,FILE_LOCK,2026-07-13 04:30:11,38
TXN00003738,FAN_SIM_3737,MATCH003,1,0,FAILED,FILE_LOCK,2026-07-13 04:30:11,37
TXN00003675,FAN_SIM_3674,MATCH003,1,500000,FAILED,FILE_LOCK,2026-07-13 04:30:11,113
TXN00003756,FAN_SIM_3755,MATCH003,1,0,FAILED,FILE_LOCK,2026-07-13 04:30:11,0
TXN00003740,FAN_SIM_3739,MATCH003,1,0,FAILED,FILE_LOCK,2026-07-13 04:30:11,36
TXN00003754,FAN_SIM_3753,MATCH003,1,0,FAILED,FILE_LOCK,2026-07-13 04:30:11,0
TXN00003774,FAN_SIM_3773,MATCH003,1,0,FAILED,FILE_LOCK,2026-07-13 04:30:11,0
TXN00003760,FAN_SIM_3759,MATCH003,1,0,FAILED,FILE_LOCK,2026-07-13 04:30:11,1
TXN00003764,FAN_SIM_3763,MATCH003,1,0,FAILED,FILE_LOCK,2026-07-13 04:30:11,0
TXN00003757,FAN_SIM_3756,MATCH003,1,0,FAILED,FILE_LOCK,2026-07-13 04:30:11,64
TXN00003812,FAN_SIM_3811,MATCH003,1,0,FAILED,FILE_LOCK,2026-07-13 04:30:11,20
TXN00003788,FAN_SIM_3788,MATCH003,1,0,FAILED,FILE_LOCK,2026-07-13 04:30:11,52
TXN00003813,FAN_SIM_3812,MATCH003,1,0,FAILED,FILE_LOCK,2026-07-13 04:30:11,20
TXN00003802,FAN_SIM_3801,MATCH003,1,0,FAILED,FILE_LOCK,2026-07-13 04:30:11,21
TXN00003805,FAN_SIM_3804,MATCH003,1,0,FAILED,FILE_LOCK,2026-07-13 04:30:11,20
TXN00003797,FAN_SIM_3796,MATCH003,1,0,FAILED,FILE_LOCK,2026-07-13 04:30:11,21
TXN00003798,FAN_SIM_3797,MATCH003,1,0,FAILED,FILE_LOCK,2026-07-13 04:30:11,21
TXN00003792,FAN_SIM_3791,MATCH003,1,0,FAILED,FILE_LOCK,2026-07-13 04:30:11,52
TXN00003787,FAN_SIM_3787,MATCH003,1,0,FAILED,FILE_LOCK,2026-07-13 04:30:11,52
TXN00003755,FAN_SIM_3754,MATCH003,1,0,FAILED,FILE_LOCK,2026-07-13 04:30:11,86
TXN00003791,FAN_SIM_3790,MATCH003,1,0,FAILED,FILE_LOCK,2026-07-13 04:30:11,52
TXN00003796,FAN_SIM_3795,MATCH003,1,0,FAILED,FILE_LOCK,2026-07-13 04:30:11,21
TXN00003777,FAN_SIM_3776,MATCH003,1,0,FAILED,FILE_LOCK,2026-07-13 04:30:11,84
TXN00003808,FAN_SIM_3807,MATCH003,1,0,FAILED,FILE_LOCK,2026-07-13 04:30:11,20
TXN00003772,FAN_SIM_3771,MATCH003,1,0,FAILED,FILE_LOCK,2026-07-13 04:30:11,84
TXN00003773,FAN_SIM_3772,MATCH003,1,0,FAILED,FILE_LOCK,2026-07-13 04:30:11,84
TXN00003806,FAN_SIM_3805,MATCH003,1,0,FAILED,FILE_LOCK,2026-07-13 04:30:11,20
TXN00003795,FAN_SIM_3794,MATCH003,1,0,FAILED,FILE_LOCK,2026-07-13 04:30:11,22
TXN00003789,FAN_SIM_3789,MATCH003,1,0,FAILED,FILE_LOCK,2026-07-13 04:30:11,52
TXN00003784,FAN_SIM_3783,MATCH003,1,0,FAILED,FILE_LOCK,2026-07-13 04:30:11,53
TXN00003761,FAN_SIM_3760,MATCH003,1,0,FAILED,FILE_LOCK,2026-07-13 04:30:11,87
TXN00003816,FAN_SIM_3815,MATCH003,1,0,FAILED,FILE_LOCK,2026-07-13 04:30:11,20
TXN00003809,FAN_SIM_3808,MATCH003,1,0,FAILED,FILE_LOCK,2026-07-13 04:30:11,21
TXN00003817,FAN_SIM_3816,MATCH003,1,0,FAILED,FILE_LOCK,2026-07-13 04:30:11,20
TXN00003820,FAN_SIM_3819,MATCH003,1,0,FAILED,FILE_LOCK,2026-07-13 04:30:11,17
TXN00003799,FAN_SIM_3798,MATCH003,1,0,FAILED,FILE_LOCK,2026-07-13 04:30:11,22
TXN00003807,FAN_SIM_3806,MATCH003,1,0,FAILED,FILE_LOCK,2026-07-13 04:30:11,21
TXN00003819,FAN_SIM_3818,MATCH003,1,0,FAILED,FILE_LOCK,2026-07-13 04:30:11,17
TXN00003801,FAN_SIM_3800,MATCH003,1,0,FAILED,FILE_LOCK,2026-07-13 04:30:11,22
TXN00003763,FAN_SIM_3762,MATCH003,1,0,FAILED,FILE_LOCK,2026-07-13 04:30:11,86
TXN00003753,FAN_SIM_3752,MATCH003,1,0,FAILED,FILE_LOCK,2026-07-13 04:30:11,87
TXN00003818,FAN_SIM_3817,MATCH003,1,0,FAILED,FILE_LOCK,2026-07-13 04:30:11,18
TXN00003821,FAN_SIM_3820,MATCH003,1,0,FAILED,FILE_LOCK,2026-07-13 04:30:11,17
TXN00003800,FAN_SIM_3799,MATCH003,1,0,FAILED,FILE_LOCK,2026-07-13 04:30:11,22
TXN00003751,FAN_SIM_3750,MATCH003,1,0,FAILED,FILE_LOCK,2026-07-13 04:30:11,87
TXN00003786,FAN_SIM_3785,MATCH003,1,0,FAILED,FILE_LOCK,2026-07-13 04:30:11,53
TXN00003747,FAN_SIM_3746,MATCH003,1,0,FAILED,FILE_LOCK,2026-07-13 04:30:11,89
TXN00003822,FAN_SIM_3821,MATCH003,1,0,FAILED,FILE_LOCK,2026-07-13 04:30:11,17
TXN00003750,FAN_SIM_3749,MATCH003,1,0,FAILED,FILE_LOCK,2026-07-13 04:30:11,89
TXN00003811,FAN_SIM_3809,MATCH003,1,0,FAILED,FILE_LOCK,2026-07-13 04:30:11,21
TXN00003765,FAN_SIM_3764,MATCH003,1,0,FAILED,FILE_LOCK,2026-07-13 04:30:11,86
TXN00003780,FAN_SIM_3779,MATCH003,1,0,FAILED,FILE_LOCK,2026-07-13 04:30:11,54
TXN00003794,FAN_SIM_3793,MATCH003,1,0,FAILED,FILE_LOCK,2026-07-13 04:30:11,54
TXN00003810,FAN_SIM_3810,MATCH003,1,0,FAILED,FILE_LOCK,2026-07-13 04:30:11,22
TXN00003779,FAN_SIM_3778,MATCH003,1,0,FAILED,FILE_LOCK,2026-07-13 04:30:11,55
TXN00003744,FAN_SIM_3743,MATCH003,1,0,FAILED,FILE_LOCK,2026-07-13 04:30:11,90
TXN00003759,FAN_SIM_3758,MATCH003,1,0,FAILED,FILE_LOCK,2026-07-13 04:30:11,88
TXN00003804,FAN_SIM_3803,MATCH003,1,0,FAILED,FILE_LOCK,2026-07-13 04:30:11,22
TXN00003814,FAN_SIM_3813,MATCH003,1,0,FAILED,FILE_LOCK,2026-07-13 04:30:11,21
TXN00003785,FAN_SIM_3784,MATCH003,1,0,FAILED,FILE_LOCK,2026-07-13 04:30:11,53
TXN00003781,FAN_SIM_3780,MATCH003,1,500000,FAILED,FILE_LOCK,2026-07-13 04:30:11,56
TXN00003829,FAN_SIM_3828,MATCH003,1,0,FAILED,FILE_LOCK,2026-07-13 04:30:11,1
TXN00003783,FAN_SIM_3782,MATCH003,1,500000,FAILED,FILE_LOCK,2026-07-13 04:30:11,56
TXN00003766,FAN_SIM_3765,MATCH003,1,500000,FAILED,FILE_LOCK,2026-07-13 04:30:11,90
TXN00003831,FAN_SIM_3830,MATCH003,1,0,FAILED,FILE_LOCK,2026-07-13 04:30:11,0
TXN00003746,FAN_SIM_3745,MATCH003,1,500000,FAILED,FILE_LOCK,2026-07-13 04:30:11,91
TXN00003743,FAN_SIM_3742,MATCH003,1,500000,FAILED,FILE_LOCK,2026-07-13 04:30:11,93
TXN00003778,FAN_SIM_3777,MATCH003,1,500000,FAILED,FILE_LOCK,2026-07-13 04:30:11,57
TXN00003790,FAN_SIM_3786,MATCH003,1,0,FAILED,FILE_LOCK,2026-07-13 04:30:11,54
TXN00003770,FAN_SIM_3769,MATCH003,1,0,FAILED,FILE_LOCK,2026-07-13 04:30:11,87
TXN00003824,FAN_SIM_3823,MATCH003,1,0,FAILED,FILE_LOCK,2026-07-13 04:30:11,2
TXN00003825,FAN_SIM_3824,MATCH003,1,0,FAILED,FILE_LOCK,2026-07-13 04:30:11,2
TXN00003826,FAN_SIM_3825,MATCH003,1,0,FAILED,FILE_LOCK,2026-07-13 04:30:11,1
TXN00003823,FAN_SIM_3822,MATCH003,1,0,FAILED,FILE_LOCK,2026-07-13 04:30:11,3
TXN00003828,FAN_SIM_3827,MATCH003,1,0,FAILED,FILE_LOCK,2026-07-13 04:30:11,0
TXN00003803,FAN_SIM_3802,MATCH003,1,0,FAILED,FILE_LOCK,2026-07-13 04:30:11,22
TXN00003793,FAN_SIM_3792,MATCH003,1,0,FAILED,FILE_LOCK,2026-07-13 04:30:11,54
TXN00003815,FAN_SIM_3814,MATCH003,1,0,FAILED,FILE_LOCK,2026-07-13 04:30:11,22
TXN00003748,FAN_SIM_3747,MATCH003,1,500000,FAILED,FILE_LOCK,2026-07-13 04:30:11,91
TXN00003782,FAN_SIM_3781,MATCH003,1,500000,FAILED,FILE_LOCK,2026-07-13 04:30:11,56
TXN00003749,FAN_SIM_3748,MATCH003,1,500000,FAILED,FILE_LOCK,2026-07-13 04:30:11,94
TXN00003827,FAN_SIM_3826,MATCH003,1,0,FAILED,FILE_LOCK,2026-07-13 04:30:11,1
TXN00003830,FAN_SIM_3829,MATCH003,1,0,FAILED,FILE_LOCK,2026-07-13 04:30:11,1
TXN00003878,FAN_SIM_3877,MATCH003,1,0,FAILED,FILE_LOCK,2026-07-13 04:30:11,65
TXN00003845,FAN_SIM_3845,MATCH003,1,0,FAILED,FILE_LOCK,2026-07-13 04:30:11,66
TXN00003860,FAN_SIM_3859,MATCH003,1,0,FAILED,FILE_LOCK,2026-07-13 04:30:11,65
TXN00003867,FAN_SIM_3866,MATCH003,1,0,FAILED,FILE_LOCK,2026-07-13 04:30:11,65
TXN00003882,FAN_SIM_3881,MATCH003,1,0,FAILED,FILE_LOCK,2026-07-13 04:30:11,65
TXN00003853,FAN_SIM_3852,MATCH003,1,0,FAILED,FILE_LOCK,2026-07-13 04:30:11,66
TXN00003848,FAN_SIM_3847,MATCH003,1,0,FAILED,FILE_LOCK,2026-07-13 04:30:11,66
TXN00003895,FAN_SIM_3894,MATCH003,1,0,FAILED,FILE_LOCK,2026-07-13 04:30:11,47
TXN00003861,FAN_SIM_3860,MATCH003,1,0,FAILED,FILE_LOCK,2026-07-13 04:30:11,65
TXN00003879,FAN_SIM_3878,MATCH003,1,0,FAILED,FILE_LOCK,2026-07-13 04:30:11,65
TXN00003892,FAN_SIM_3892,MATCH003,1,0,FAILED,FILE_LOCK,2026-07-13 04:30:11,51
TXN00003836,FAN_SIM_3835,MATCH003,1,0,FAILED,FILE_LOCK,2026-07-13 04:30:11,68
TXN00003873,FAN_SIM_3872,MATCH003,1,0,FAILED,FILE_LOCK,2026-07-13 04:30:11,65
TXN00003869,FAN_SIM_3868,MATCH003,1,0,FAILED,FILE_LOCK,2026-07-13 04:30:11,65
TXN00003891,FAN_SIM_3890,MATCH003,1,0,FAILED,FILE_LOCK,2026-07-13 04:30:11,65
TXN00003842,FAN_SIM_3841,MATCH003,1,0,FAILED,FILE_LOCK,2026-07-13 04:30:11,68
TXN00003844,FAN_SIM_3843,MATCH003,1,0,FAILED,FILE_LOCK,2026-07-13 04:30:11,68
TXN00003835,FAN_SIM_3833,MATCH003,1,0,FAILED,FILE_LOCK,2026-07-13 04:30:11,69
TXN00003877,FAN_SIM_3876,MATCH003,1,0,FAILED,FILE_LOCK,2026-07-13 04:30:11,66
TXN00003864,FAN_SIM_3863,MATCH003,1,0,FAILED,FILE_LOCK,2026-07-13 04:30:11,66
TXN00003871,FAN_SIM_3870,MATCH003,1,0,FAILED,FILE_LOCK,2026-07-13 04:30:11,66
TXN00003858,FAN_SIM_3857,MATCH003,1,0,FAILED,FILE_LOCK,2026-07-13 04:30:11,66
TXN00003894,FAN_SIM_3891,MATCH003,1,0,FAILED,FILE_LOCK,2026-07-13 04:30:11,51
TXN00003870,FAN_SIM_3869,MATCH003,1,0,FAILED,FILE_LOCK,2026-07-13 04:30:11,66
TXN00003868,FAN_SIM_3867,MATCH003,1,0,FAILED,FILE_LOCK,2026-07-13 04:30:11,66
TXN00003863,FAN_SIM_3862,MATCH003,1,0,FAILED,FILE_LOCK,2026-07-13 04:30:11,66
TXN00003856,FAN_SIM_3855,MATCH003,1,0,FAILED,FILE_LOCK,2026-07-13 04:30:11,66
TXN00003865,FAN_SIM_3864,MATCH003,1,0,FAILED,FILE_LOCK,2026-07-13 04:30:11,66
TXN00003884,FAN_SIM_3883,MATCH003,1,0,FAILED,FILE_LOCK,2026-07-13 04:30:11,66
TXN00003874,FAN_SIM_3873,MATCH003,1,0,FAILED,FILE_LOCK,2026-07-13 04:30:11,66
TXN00003838,FAN_SIM_3837,MATCH003,1,0,FAILED,FILE_LOCK,2026-07-13 04:30:11,69
TXN00003893,FAN_SIM_3893,MATCH003,1,0,FAILED,FILE_LOCK,2026-07-13 04:30:11,52
TXN00003849,FAN_SIM_3848,MATCH003,1,0,FAILED,FILE_LOCK,2026-07-13 04:30:11,67
TXN00003852,FAN_SIM_3850,MATCH003,1,0,FAILED,FILE_LOCK,2026-07-13 04:30:11,67
TXN00003854,FAN_SIM_3853,MATCH003,1,0,FAILED,FILE_LOCK,2026-07-13 04:30:11,67
TXN00003857,FAN_SIM_3856,MATCH003,1,0,FAILED,FILE_LOCK,2026-07-13 04:30:11,66
TXN00003859,FAN_SIM_3858,MATCH003,1,0,FAILED,FILE_LOCK,2026-07-13 04:30:11,66
TXN00003880,FAN_SIM_3879,MATCH003,1,0,FAILED,FILE_LOCK,2026-07-13 04:30:11,66
TXN00003850,FAN_SIM_3849,MATCH003,1,0,FAILED,FILE_LOCK,2026-07-13 04:30:11,68
TXN00003843,FAN_SIM_3842,MATCH003,1,0,FAILED,FILE_LOCK,2026-07-13 04:30:11,68
TXN00003886,FAN_SIM_3885,MATCH003,1,0,FAILED,FILE_LOCK,2026-07-13 04:30:11,66
TXN00003888,FAN_SIM_3887,MATCH003,1,0,FAILED,FILE_LOCK,2026-07-13 04:30:11,66
TXN00003875,FAN_SIM_3874,MATCH003,1,0,FAILED,FILE_LOCK,2026-07-13 04:30:11,66
TXN00003876,FAN_SIM_3875,MATCH003,1,0,FAILED,FILE_LOCK,2026-07-13 04:30:11,66
TXN00003889,FAN_SIM_3888,MATCH003,1,0,FAILED,FILE_LOCK,2026-07-13 04:30:11,66
TXN00003851,FAN_SIM_3851,MATCH003,1,0,FAILED,FILE_LOCK,2026-07-13 04:30:11,68
TXN00003837,FAN_SIM_3836,MATCH003,1,0,FAILED,FILE_LOCK,2026-07-13 04:30:11,69
TXN00003855,FAN_SIM_3854,MATCH003,1,0,FAILED,FILE_LOCK,2026-07-13 04:30:11,67
TXN00003883,FAN_SIM_3882,MATCH003,1,0,FAILED,FILE_LOCK,2026-07-13 04:30:11,66
TXN00003885,FAN_SIM_3884,MATCH003,1,0,FAILED,FILE_LOCK,2026-07-13 04:30:11,66
TXN00003834,FAN_SIM_3834,MATCH003,1,0,FAILED,FILE_LOCK,2026-07-13 04:30:11,69
TXN00003839,FAN_SIM_3838,MATCH003,1,0,FAILED,FILE_LOCK,2026-07-13 04:30:11,69
TXN00003833,FAN_SIM_3832,MATCH003,1,0,FAILED,FILE_LOCK,2026-07-13 04:30:11,71
TXN00003832,FAN_SIM_3831,MATCH003,1,500000,FAILED,FILE_LOCK,2026-07-13 04:30:11,76
TXN00003890,FAN_SIM_3889,MATCH003,1,0,FAILED,FILE_LOCK,2026-07-13 04:30:11,67
TXN00003840,FAN_SIM_3839,MATCH003,1,0,FAILED,FILE_LOCK,2026-07-13 04:30:11,69
TXN00003887,FAN_SIM_3886,MATCH003,1,0,FAILED,FILE_LOCK,2026-07-13 04:30:11,66
TXN00003881,FAN_SIM_3880,MATCH003,1,0,FAILED,FILE_LOCK,2026-07-13 04:30:11,67
TXN00003872,FAN_SIM_3871,MATCH003,1,0,FAILED,FILE_LOCK,2026-07-13 04:30:11,67
TXN00003841,FAN_SIM_3840,MATCH003,1,500000,FAILED,FILE_LOCK,2026-07-13 04:30:11,201
TXN00003897,FAN_SIM_3896,MATCH003,1,500000,FAILED,FILE_LOCK,2026-07-13 04:30:11,132
TXN00003862,FAN_SIM_3861,MATCH003,1,500000,FAILED,FILE_LOCK,2026-07-13 04:30:11,198
TXN00003922,FAN_SIM_3922,MATCH003,1,500000,FAILED,FILE_LOCK,2026-07-13 04:30:11,129
TXN00003896,FAN_SIM_3895,MATCH003,1,500000,FAILED,FILE_LOCK,2026-07-13 04:30:11,133
TXN00003912,FAN_SIM_3913,MATCH003,1,0,FAILED,FILE_LOCK,2026-07-13 04:30:11,162
TXN00003913,FAN_SIM_3914,MATCH003,1,0,FAILED,FILE_LOCK,2026-07-13 04:30:11,162
TXN00003914,FAN_SIM_3915,MATCH003,1,0,FAILED,FILE_LOCK,2026-07-13 04:30:11,162
TXN00003938,FAN_SIM_3937,MATCH003,1,0,FAILED,FILE_LOCK,2026-07-13 04:30:11,152
TXN00003939,FAN_SIM_3938,MATCH003,1,0,FAILED,FILE_LOCK,2026-07-13 04:30:11,152
TXN00003940,FAN_SIM_3939,MATCH003,1,0,FAILED,FILE_LOCK,2026-07-13 04:30:11,152
TXN00003949,FAN_SIM_3948,MATCH003,1,0,FAILED,FILE_LOCK,2026-07-13 04:30:11,121
TXN00003924,FAN_SIM_3924,MATCH003,1,0,FAILED,FILE_LOCK,2026-07-13 04:30:11,162
TXN00003958,FAN_SIM_3957,MATCH003,1,0,FAILED,FILE_LOCK,2026-07-13 04:30:11,34
TXN00003947,FAN_SIM_3946,MATCH003,1,0,FAILED,FILE_LOCK,2026-07-13 04:30:11,122
TXN00003941,FAN_SIM_3940,MATCH003,1,0,FAILED,FILE_LOCK,2026-07-13 04:30:11,153
TXN00003926,FAN_SIM_3926,MATCH003,1,0,FAILED,FILE_LOCK,2026-07-13 04:30:11,162
TXN00003923,FAN_SIM_3923,MATCH003,1,0,FAILED,FILE_LOCK,2026-07-13 04:30:11,162
TXN00003916,FAN_SIM_3916,MATCH003,1,0,FAILED,FILE_LOCK,2026-07-13 04:30:11,163
TXN00003911,FAN_SIM_3911,MATCH003,1,0,FAILED,FILE_LOCK,2026-07-13 04:30:11,163
TXN00003904,FAN_SIM_3903,MATCH003,1,500000,FAILED,FILE_LOCK,2026-07-13 04:30:11,167
TXN00003944,FAN_SIM_3944,MATCH003,1,0,FAILED,FILE_LOCK,2026-07-13 04:30:11,121
TXN00003951,FAN_SIM_3950,MATCH003,1,0,FAILED,FILE_LOCK,2026-07-13 04:30:11,122
TXN00003935,FAN_SIM_3909,MATCH003,1,0,FAILED,FILE_LOCK,2026-07-13 04:30:11,163
TXN00003942,FAN_SIM_3941,MATCH003,1,0,FAILED,FILE_LOCK,2026-07-13 04:30:11,127
TXN00003937,FAN_SIM_3936,MATCH003,1,0,FAILED,FILE_LOCK,2026-07-13 04:30:11,154
TXN00003946,FAN_SIM_3945,MATCH003,1,0,FAILED,FILE_LOCK,2026-07-13 04:30:11,122
TXN00003957,FAN_SIM_3956,MATCH003,1,0,FAILED,FILE_LOCK,2026-07-13 04:30:11,34
TXN00003952,FAN_SIM_3951,MATCH003,1,0,FAILED,FILE_LOCK,2026-07-13 04:30:11,122
TXN00003936,FAN_SIM_3935,MATCH003,1,0,FAILED,FILE_LOCK,2026-07-13 04:30:11,153
TXN00003929,FAN_SIM_3929,MATCH003,1,0,FAILED,FILE_LOCK,2026-07-13 04:30:11,162
TXN00003934,FAN_SIM_3934,MATCH003,1,0,FAILED,FILE_LOCK,2026-07-13 04:30:11,162
TXN00003945,FAN_SIM_3942,MATCH003,1,0,FAILED,FILE_LOCK,2026-07-13 04:30:11,123
TXN00003953,FAN_SIM_3952,MATCH003,1,0,FAILED,FILE_LOCK,2026-07-13 04:30:11,122
TXN00003948,FAN_SIM_3947,MATCH003,1,0,FAILED,FILE_LOCK,2026-07-13 04:30:11,122
TXN00003950,FAN_SIM_3949,MATCH003,1,0,FAILED,FILE_LOCK,2026-07-13 04:30:11,122
TXN00003928,FAN_SIM_3928,MATCH003,1,0,FAILED,FILE_LOCK,2026-07-13 04:30:11,163
TXN00003943,FAN_SIM_3943,MATCH003,1,0,FAILED,FILE_LOCK,2026-07-13 04:30:11,122
TXN00003909,FAN_SIM_3908,MATCH003,1,0,FAILED,FILE_LOCK,2026-07-13 04:30:11,163
TXN00003955,FAN_SIM_3954,MATCH003,1,0,FAILED,FILE_LOCK,2026-07-13 04:30:11,35
TXN00003908,FAN_SIM_3907,MATCH003,1,0,FAILED,FILE_LOCK,2026-07-13 04:30:11,163
TXN00003919,FAN_SIM_3919,MATCH003,1,0,FAILED,FILE_LOCK,2026-07-13 04:30:11,163
TXN00003954,FAN_SIM_3953,MATCH003,1,0,FAILED,FILE_LOCK,2026-07-13 04:30:11,114
TXN00003959,FAN_SIM_3958,MATCH003,1,0,FAILED,FILE_LOCK,2026-07-13 04:30:11,1
TXN00003930,FAN_SIM_3930,MATCH003,1,0,FAILED,FILE_LOCK,2026-07-13 04:30:11,162
TXN00003933,FAN_SIM_3933,MATCH003,1,500000,FAILED,FILE_LOCK,2026-07-13 04:30:11,163
TXN00003956,FAN_SIM_3955,MATCH003,1,0,FAILED,FILE_LOCK,2026-07-13 04:30:11,35
TXN00003961,FAN_SIM_3960,MATCH003,1,0,FAILED,FILE_LOCK,2026-07-13 04:30:11,1
TXN00003960,FAN_SIM_3959,MATCH003,1,0,FAILED,FILE_LOCK,2026-07-13 04:30:11,1
TXN00003866,FAN_SIM_3865,MATCH003,1,500000,FAILED,FILE_LOCK,2026-07-13 04:30:11,246
TXN00003969,FAN_SIM_3967,MATCH003,1,0,FAILED,FILE_LOCK,2026-07-13 04:30:11,10
TXN00003967,FAN_SIM_3966,MATCH003,1,0,FAILED,FILE_LOCK,2026-07-13 04:30:11,10
TXN00003963,FAN_SIM_3962,MATCH003,1,0,FAILED,FILE_LOCK,2026-07-13 04:30:11,11
TXN00003903,FAN_SIM_3902,MATCH003,1,500000,FAILED,FILE_LOCK,2026-07-13 04:30:11,177
TXN00003962,FAN_SIM_3961,MATCH003,1,0,FAILED,FILE_LOCK,2026-07-13 04:30:11,11
TXN00003918,FAN_SIM_3918,MATCH003,1,500000,FAILED,FILE_LOCK,2026-07-13 04:30:11,176
TXN00003966,FAN_SIM_3965,MATCH003,1,0,FAILED,FILE_LOCK,2026-07-13 04:30:11,11
TXN00003906,FAN_SIM_3905,MATCH003,1,500000,FAILED,FILE_LOCK,2026-07-13 04:30:11,177
TXN00003965,FAN_SIM_3964,MATCH003,1,0,FAILED,FILE_LOCK,2026-07-13 04:30:11,11
TXN00003972,FAN_SIM_3971,MATCH003,1,0,FAILED,FILE_LOCK,2026-07-13 04:30:11,4
TXN00003968,FAN_SIM_3968,MATCH003,1,0,FAILED,FILE_LOCK,2026-07-13 04:30:11,10
TXN00003971,FAN_SIM_3970,MATCH003,1,0,FAILED,FILE_LOCK,2026-07-13 04:30:11,9
TXN00003970,FAN_SIM_3969,MATCH003,1,0,FAILED,FILE_LOCK,2026-07-13 04:30:11,10
TXN00003964,FAN_SIM_3963,MATCH003,1,0,FAILED,FILE_LOCK,2026-07-13 04:30:11,11
TXN00003847,FAN_SIM_3846,MATCH003,1,500000,FAILED,FILE_LOCK,2026-07-13 04:30:11,247
TXN00003925,FAN_SIM_3925,MATCH003,1,500000,FAILED,FILE_LOCK,2026-07-13 04:30:11,175
TXN00003921,FAN_SIM_3921,MATCH003,1,500000,FAILED,FILE_LOCK,2026-07-13 04:30:11,177
TXN00003901,FAN_SIM_3900,MATCH003,1,500000,FAILED,FILE_LOCK,2026-07-13 04:30:11,180
TXN00003917,FAN_SIM_3917,MATCH003,1,500000,FAILED,FILE_LOCK,2026-07-13 04:30:11,177
TXN00003927,FAN_SIM_3927,MATCH003,1,500000,FAILED,FILE_LOCK,2026-07-13 04:30:11,176
TXN00003900,FAN_SIM_3899,MATCH003,1,500000,FAILED,FILE_LOCK,2026-07-13 04:30:11,180
TXN00003905,FAN_SIM_3904,MATCH003,1,500000,FAILED,FILE_LOCK,2026-07-13 04:30:11,178
TXN00003920,FAN_SIM_3920,MATCH003,1,500000,FAILED,FILE_LOCK,2026-07-13 04:30:11,177
TXN00003910,FAN_SIM_3910,MATCH003,1,500000,FAILED,FILE_LOCK,2026-07-13 04:30:11,177
TXN00003846,FAN_SIM_3844,MATCH003,1,500000,FAILED,FILE_LOCK,2026-07-13 04:30:11,249
TXN00003907,FAN_SIM_3906,MATCH003,1,500000,FAILED,FILE_LOCK,2026-07-13 04:30:11,178
TXN00003899,FAN_SIM_3898,MATCH003,1,500000,FAILED,FILE_LOCK,2026-07-13 04:30:11,181
TXN00003915,FAN_SIM_3912,MATCH003,1,500000,FAILED,FILE_LOCK,2026-07-13 04:30:11,178
TXN00003902,FAN_SIM_3901,MATCH003,1,500000,FAILED,FILE_LOCK,2026-07-13 04:30:11,189
TXN00003898,FAN_SIM_3897,MATCH003,1,500000,FAILED,FILE_LOCK,2026-07-13 04:30:11,190
TXN00003932,FAN_SIM_3932,MATCH003,1,500000,FAILED,FILE_LOCK,2026-07-13 04:30:11,186
TXN00003931,FAN_SIM_3931,MATCH003,1,500000,FAILED,FILE_LOCK,2026-07-13 04:30:11,186
TXN00004005,FAN_SIM_4006,MATCH003,1,0,FAILED,FILE_LOCK,2026-07-13 04:30:11,213
TXN00004035,FAN_SIM_4034,MATCH003,1,0,FAILED,FILE_LOCK,2026-07-13 04:30:11,178
TXN00004036,FAN_SIM_4035,MATCH003,1,0,FAILED,FILE_LOCK,2026-07-13 04:30:11,178
TXN00004019,FAN_SIM_4019,MATCH003,1,0,FAILED,FILE_LOCK,2026-07-13 04:30:11,207
TXN00004034,FAN_SIM_4033,MATCH003,1,0,FAILED,FILE_LOCK,2026-07-13 04:30:11,178
TXN00004033,FAN_SIM_4032,MATCH003,1,0,FAILED,FILE_LOCK,2026-07-13 04:30:11,179
TXN00004030,FAN_SIM_4029,MATCH003,1,0,FAILED,FILE_LOCK,2026-07-13 04:30:11,201
TXN00004014,FAN_SIM_4014,MATCH003,1,0,FAILED,FILE_LOCK,2026-07-13 04:30:11,207
TXN00004015,FAN_SIM_4015,MATCH003,1,0,FAILED,FILE_LOCK,2026-07-13 04:30:11,207
TXN00003984,FAN_SIM_3984,MATCH003,1,0,FAILED,FILE_LOCK,2026-07-13 04:30:11,214
TXN00004024,FAN_SIM_3983,MATCH003,1,0,FAILED,FILE_LOCK,2026-07-13 04:30:11,205
TXN00004031,FAN_SIM_4030,MATCH003,1,0,FAILED,FILE_LOCK,2026-07-13 04:30:11,201
TXN00003988,FAN_SIM_3988,MATCH003,1,0,FAILED,FILE_LOCK,2026-07-13 04:30:11,214
TXN00004032,FAN_SIM_4031,MATCH003,1,0,FAILED,FILE_LOCK,2026-07-13 04:30:11,180
TXN00003994,FAN_SIM_3994,MATCH003,1,0,FAILED,FILE_LOCK,2026-07-13 04:30:11,215
TXN00004002,FAN_SIM_4004,MATCH003,1,0,FAILED,FILE_LOCK,2026-07-13 04:30:11,214
TXN00004007,FAN_SIM_4008,MATCH003,1,0,FAILED,FILE_LOCK,2026-07-13 04:30:11,213
TXN00004022,FAN_SIM_4022,MATCH003,1,0,FAILED,FILE_LOCK,2026-07-13 04:30:11,208
TXN00003997,FAN_SIM_3998,MATCH003,1,0,FAILED,FILE_LOCK,2026-07-13 04:30:11,214
TXN00004029,FAN_SIM_4028,MATCH003,1,0,FAILED,FILE_LOCK,2026-07-13 04:30:11,202
TXN00003987,FAN_SIM_3987,MATCH003,1,0,FAILED,FILE_LOCK,2026-07-13 04:30:11,215
TXN00003991,FAN_SIM_3991,MATCH003,1,0,FAILED,FILE_LOCK,2026-07-13 04:30:11,215
TXN00003986,FAN_SIM_3986,MATCH003,1,0,FAILED,FILE_LOCK,2026-07-13 04:30:11,215
TXN00003990,FAN_SIM_3990,MATCH003,1,0,FAILED,FILE_LOCK,2026-07-13 04:30:11,215
TXN00003993,FAN_SIM_3993,MATCH003,1,0,FAILED,FILE_LOCK,2026-07-13 04:30:11,215
TXN00004028,FAN_SIM_4027,MATCH003,1,0,FAILED,FILE_LOCK,2026-07-13 04:30:11,202
TXN00004011,FAN_SIM_4011,MATCH003,1,0,FAILED,FILE_LOCK,2026-07-13 04:30:11,214
TXN00003982,FAN_SIM_3981,MATCH003,1,0,FAILED,FILE_LOCK,2026-07-13 04:30:11,216
TXN00004026,FAN_SIM_4024,MATCH003,1,0,FAILED,FILE_LOCK,2026-07-13 04:30:11,202
TXN00003989,FAN_SIM_3989,MATCH003,1,0,FAILED,FILE_LOCK,2026-07-13 04:30:11,215
TXN00003992,FAN_SIM_3992,MATCH003,1,0,FAILED,FILE_LOCK,2026-07-13 04:30:11,215
TXN00004037,FAN_SIM_4036,MATCH003,1,0,FAILED,FILE_LOCK,2026-07-13 04:30:11,1
TXN00003974,FAN_SIM_3973,MATCH003,1,500000,FAILED,FILE_LOCK,2026-07-13 04:30:11,219
TXN00004040,FAN_SIM_4039,MATCH003,1,0,FAILED,FILE_LOCK,2026-07-13 04:30:11,0
TXN00004041,FAN_SIM_4040,MATCH003,1,0,FAILED,FILE_LOCK,2026-07-13 04:30:11,0
TXN00004038,FAN_SIM_4037,MATCH003,1,0,FAILED,FILE_LOCK,2026-07-13 04:30:11,1
TXN00004039,FAN_SIM_4038,MATCH003,1,0,FAILED,FILE_LOCK,2026-07-13 04:30:11,0
TXN00004042,FAN_SIM_4041,MATCH003,1,0,FAILED,FILE_LOCK,2026-07-13 04:30:11,0
TXN00003996,FAN_SIM_3996,MATCH003,1,500000,FAILED,FILE_LOCK,2026-07-13 04:30:11,216
TXN00003976,FAN_SIM_3975,MATCH003,1,500000,FAILED,FILE_LOCK,2026-07-13 04:30:11,219
TXN00004044,FAN_SIM_4043,MATCH003,1,0,FAILED,FILE_LOCK,2026-07-13 04:30:11,1
TXN00003995,FAN_SIM_3995,MATCH003,1,500000,FAILED,FILE_LOCK,2026-07-13 04:30:11,217
TXN00004043,FAN_SIM_4042,MATCH003,1,0,FAILED,FILE_LOCK,2026-07-13 04:30:11,1
TXN00004025,FAN_SIM_4025,MATCH003,1,500000,FAILED,FILE_LOCK,2026-07-13 04:30:11,205
TXN00003981,FAN_SIM_3980,MATCH003,1,500000,FAILED,FILE_LOCK,2026-07-13 04:30:11,218
TXN00004045,FAN_SIM_4044,MATCH003,1,0,FAILED,FILE_LOCK,2026-07-13 04:30:11,1
TXN00003978,FAN_SIM_3977,MATCH003,1,500000,FAILED,FILE_LOCK,2026-07-13 04:30:11,219
TXN00003975,FAN_SIM_3974,MATCH003,1,500000,FAILED,FILE_LOCK,2026-07-13 04:30:11,219
TXN00003983,FAN_SIM_3982,MATCH003,1,500000,FAILED,FILE_LOCK,2026-07-13 04:30:11,218
TXN00004009,FAN_SIM_4010,MATCH003,1,500000,FAILED,FILE_LOCK,2026-07-13 04:30:11,217
TXN00004048,FAN_SIM_4047,MATCH003,1,0,FAILED,FILE_LOCK,2026-07-13 04:30:11,0
TXN00004020,FAN_SIM_4020,MATCH003,1,500000,FAILED,FILE_LOCK,2026-07-13 04:30:11,212
TXN00004000,FAN_SIM_4002,MATCH003,1,500000,FAILED,FILE_LOCK,2026-07-13 04:30:11,217
TXN00003998,FAN_SIM_4000,MATCH003,1,500000,FAILED,FILE_LOCK,2026-07-13 04:30:11,217
TXN00004021,FAN_SIM_4021,MATCH003,1,500000,FAILED,FILE_LOCK,2026-07-13 04:30:11,212
TXN00004047,FAN_SIM_4046,MATCH003,1,0,FAILED,FILE_LOCK,2026-07-13 04:30:11,1
TXN00003980,FAN_SIM_3979,MATCH003,1,500000,FAILED,FILE_LOCK,2026-07-13 04:30:11,219
TXN00004046,FAN_SIM_4045,MATCH003,1,0,FAILED,FILE_LOCK,2026-07-13 04:30:11,1
TXN00004027,FAN_SIM_4026,MATCH003,1,500000,FAILED,FILE_LOCK,2026-07-13 04:30:11,207
TXN00004050,FAN_SIM_4049,MATCH003,1,0,FAILED,FILE_LOCK,2026-07-13 04:30:11,0
TXN00004049,FAN_SIM_4048,MATCH003,1,0,FAILED,FILE_LOCK,2026-07-13 04:30:11,0
TXN00003977,FAN_SIM_3976,MATCH003,1,500000,FAILED,FILE_LOCK,2026-07-13 04:30:11,219
TXN00004008,FAN_SIM_4009,MATCH003,1,500000,FAILED,FILE_LOCK,2026-07-13 04:30:11,218
TXN00004012,FAN_SIM_4012,MATCH003,1,500000,FAILED,FILE_LOCK,2026-07-13 04:30:11,213
TXN00004016,FAN_SIM_4016,MATCH003,1,500000,FAILED,FILE_LOCK,2026-07-13 04:30:11,214
TXN00004023,FAN_SIM_4023,MATCH003,1,500000,FAILED,FILE_LOCK,2026-07-13 04:30:11,214
TXN00003999,FAN_SIM_4001,MATCH003,1,500000,FAILED,FILE_LOCK,2026-07-13 04:30:11,220
TXN00004017,FAN_SIM_4017,MATCH003,1,500000,FAILED,FILE_LOCK,2026-07-13 04:30:11,214
TXN00004051,FAN_SIM_4050,MATCH003,1,0,FAILED,FILE_LOCK,2026-07-13 04:30:11,1
TXN00004057,FAN_SIM_4056,MATCH003,1,0,FAILED,FILE_LOCK,2026-07-13 04:30:11,1
TXN00004013,FAN_SIM_4013,MATCH003,1,500000,FAILED,FILE_LOCK,2026-07-13 04:30:11,214
TXN00004006,FAN_SIM_4007,MATCH003,1,500000,FAILED,FILE_LOCK,2026-07-13 04:30:11,219
TXN00004056,FAN_SIM_4055,MATCH003,1,0,FAILED,FILE_LOCK,2026-07-13 04:30:11,1
TXN00004003,FAN_SIM_4005,MATCH003,1,500000,FAILED,FILE_LOCK,2026-07-13 04:30:11,219
TXN00004054,FAN_SIM_4053,MATCH003,1,0,FAILED,FILE_LOCK,2026-07-13 04:30:11,1
TXN00004052,FAN_SIM_4051,MATCH003,1,0,FAILED,FILE_LOCK,2026-07-13 04:30:11,0
TXN00004018,FAN_SIM_4018,MATCH003,1,500000,FAILED,FILE_LOCK,2026-07-13 04:30:11,214
TXN00003979,FAN_SIM_3978,MATCH003,1,500000,FAILED,FILE_LOCK,2026-07-13 04:30:11,222
TXN00004060,FAN_SIM_4059,MATCH003,1,0,FAILED,FILE_LOCK,2026-07-13 04:30:11,0
TXN00003973,FAN_SIM_3972,MATCH003,1,500000,FAILED,FILE_LOCK,2026-07-13 04:30:11,225
TXN00004055,FAN_SIM_4054,MATCH003,1,0,FAILED,FILE_LOCK,2026-07-13 04:30:11,1
TXN00004059,FAN_SIM_4058,MATCH003,1,0,FAILED,FILE_LOCK,2026-07-13 04:30:11,1
TXN00004004,FAN_SIM_3999,MATCH003,1,500000,FAILED,FILE_LOCK,2026-07-13 04:30:11,220
TXN00004062,FAN_SIM_4061,MATCH003,1,0,FAILED,FILE_LOCK,2026-07-13 04:30:11,0
TXN00004058,FAN_SIM_4057,MATCH003,1,0,FAILED,FILE_LOCK,2026-07-13 04:30:11,1
TXN00004001,FAN_SIM_4003,MATCH003,1,500000,FAILED,FILE_LOCK,2026-07-13 04:30:11,220
TXN00004061,FAN_SIM_4060,MATCH003,1,0,FAILED,FILE_LOCK,2026-07-13 04:30:11,0
TXN00003985,FAN_SIM_3985,MATCH003,1,500000,FAILED,FILE_LOCK,2026-07-13 04:30:11,221
TXN00004053,FAN_SIM_4052,MATCH003,1,0,FAILED,FILE_LOCK,2026-07-13 04:30:11,1
TXN00004010,FAN_SIM_3997,MATCH003,1,500000,FAILED,FILE_LOCK,2026-07-13 04:30:11,221
TXN00004119,FAN_SIM_4119,MATCH003,1,0,FAILED,FILE_LOCK,2026-07-13 04:30:11,135
TXN00004089,FAN_SIM_4088,MATCH003,1,0,FAILED,FILE_LOCK,2026-07-13 04:30:11,137
TXN00004104,FAN_SIM_4103,MATCH003,1,0,FAILED,FILE_LOCK,2026-07-13 04:30:11,136
TXN00004106,FAN_SIM_4105,MATCH003,1,0,FAILED,FILE_LOCK,2026-07-13 04:30:11,136
TXN00004109,FAN_SIM_4108,MATCH003,1,0,FAILED,FILE_LOCK,2026-07-13 04:30:11,136
TXN00004101,FAN_SIM_4099,MATCH003,1,0,FAILED,FILE_LOCK,2026-07-13 04:30:11,137
TXN00004085,FAN_SIM_4084,MATCH003,1,0,FAILED,FILE_LOCK,2026-07-13 04:30:11,138
TXN00004118,FAN_SIM_4117,MATCH003,1,0,FAILED,FILE_LOCK,2026-07-13 04:30:11,136
TXN00004105,FAN_SIM_4104,MATCH003,1,0,FAILED,FILE_LOCK,2026-07-13 04:30:11,137
TXN00004084,FAN_SIM_4083,MATCH003,1,0,FAILED,FILE_LOCK,2026-07-13 04:30:11,138
TXN00004094,FAN_SIM_4093,MATCH003,1,0,FAILED,FILE_LOCK,2026-07-13 04:30:11,137
TXN00004103,FAN_SIM_4102,MATCH003,1,0,FAILED,FILE_LOCK,2026-07-13 04:30:11,137
TXN00004102,FAN_SIM_4101,MATCH003,1,0,FAILED,FILE_LOCK,2026-07-13 04:30:11,137
TXN00004113,FAN_SIM_4112,MATCH003,1,0,FAILED,FILE_LOCK,2026-07-13 04:30:11,137
TXN00004099,FAN_SIM_4098,MATCH003,1,0,FAILED,FILE_LOCK,2026-07-13 04:30:11,137
TXN00004080,FAN_SIM_4079,MATCH003,1,0,FAILED,FILE_LOCK,2026-07-13 04:30:11,139
TXN00004110,FAN_SIM_4109,MATCH003,1,0,FAILED,FILE_LOCK,2026-07-13 04:30:11,137
TXN00004090,FAN_SIM_4089,MATCH003,1,0,FAILED,FILE_LOCK,2026-07-13 04:30:11,138
TXN00004125,FAN_SIM_4124,MATCH003,1,0,FAILED,FILE_LOCK,2026-07-13 04:30:11,136
TXN00004091,FAN_SIM_4090,MATCH003,1,0,FAILED,FILE_LOCK,2026-07-13 04:30:11,138
TXN00004081,FAN_SIM_4080,MATCH003,1,0,FAILED,FILE_LOCK,2026-07-13 04:30:11,138
TXN00004083,FAN_SIM_4082,MATCH003,1,0,FAILED,FILE_LOCK,2026-07-13 04:30:11,138
TXN00004115,FAN_SIM_4114,MATCH003,1,0,FAILED,FILE_LOCK,2026-07-13 04:30:11,136
TXN00004079,FAN_SIM_4078,MATCH003,1,0,FAILED,FILE_LOCK,2026-07-13 04:30:11,139
TXN00004116,FAN_SIM_4115,MATCH003,1,0,FAILED,FILE_LOCK,2026-07-13 04:30:11,136
TXN00004093,FAN_SIM_4092,MATCH003,1,0,FAILED,FILE_LOCK,2026-07-13 04:30:11,137
TXN00004111,FAN_SIM_4110,MATCH003,1,0,FAILED,FILE_LOCK,2026-07-13 04:30:11,137
TXN00004117,FAN_SIM_4116,MATCH003,1,0,FAILED,FILE_LOCK,2026-07-13 04:30:11,136
TXN00004112,FAN_SIM_4111,MATCH003,1,0,FAILED,FILE_LOCK,2026-07-13 04:30:11,137
TXN00004075,FAN_SIM_4074,MATCH003,1,0,FAILED,FILE_LOCK,2026-07-13 04:30:11,139
TXN00004082,FAN_SIM_4081,MATCH003,1,0,FAILED,FILE_LOCK,2026-07-13 04:30:11,138
TXN00004126,FAN_SIM_4125,MATCH003,1,0,FAILED,FILE_LOCK,2026-07-13 04:30:11,136
TXN00004114,FAN_SIM_4113,MATCH003,1,0,FAILED,FILE_LOCK,2026-07-13 04:30:11,136
TXN00004122,FAN_SIM_4121,MATCH003,1,0,FAILED,FILE_LOCK,2026-07-13 04:30:11,136
TXN00004078,FAN_SIM_4077,MATCH003,1,0,FAILED,FILE_LOCK,2026-07-13 04:30:11,140
TXN00004092,FAN_SIM_4091,MATCH003,1,0,FAILED,FILE_LOCK,2026-07-13 04:30:11,138
TXN00004124,FAN_SIM_4123,MATCH003,1,0,FAILED,FILE_LOCK,2026-07-13 04:30:11,137
TXN00004086,FAN_SIM_4085,MATCH003,1,0,FAILED,FILE_LOCK,2026-07-13 04:30:11,139
TXN00004121,FAN_SIM_4120,MATCH003,1,0,FAILED,FILE_LOCK,2026-07-13 04:30:11,137
TXN00004100,FAN_SIM_4100,MATCH003,1,0,FAILED,FILE_LOCK,2026-07-13 04:30:11,138
TXN00004120,FAN_SIM_4118,MATCH003,1,0,FAILED,FILE_LOCK,2026-07-13 04:30:11,137
TXN00004108,FAN_SIM_4107,MATCH003,1,0,FAILED,FILE_LOCK,2026-07-13 04:30:11,138
TXN00004097,FAN_SIM_4096,MATCH003,1,0,FAILED,FILE_LOCK,2026-07-13 04:30:11,138
TXN00004130,FAN_SIM_4129,MATCH003,1,0,FAILED,FILE_LOCK,2026-07-13 04:30:11,0
TXN00004095,FAN_SIM_4094,MATCH003,1,0,FAILED,FILE_LOCK,2026-07-13 04:30:11,138
TXN00004129,FAN_SIM_4128,MATCH003,1,0,FAILED,FILE_LOCK,2026-07-13 04:30:11,1
TXN00004098,FAN_SIM_4097,MATCH003,1,0,FAILED,FILE_LOCK,2026-07-13 04:30:11,138
TXN00004131,FAN_SIM_4130,MATCH003,1,0,FAILED,FILE_LOCK,2026-07-13 04:30:11,0
TXN00004123,FAN_SIM_4122,MATCH003,1,0,FAILED,FILE_LOCK,2026-07-13 04:30:11,137
TXN00004107,FAN_SIM_4106,MATCH003,1,0,FAILED,FILE_LOCK,2026-07-13 04:30:11,138
TXN00004128,FAN_SIM_4127,MATCH003,1,0,FAILED,FILE_LOCK,2026-07-13 04:30:11,1
TXN00004069,FAN_SIM_4068,MATCH003,1,500000,FAILED,FILE_LOCK,2026-07-13 04:30:11,141
TXN00004127,FAN_SIM_4126,MATCH003,1,0,FAILED,FILE_LOCK,2026-07-13 04:30:11,1
TXN00004076,FAN_SIM_4075,MATCH003,1,500000,FAILED,FILE_LOCK,2026-07-13 04:30:11,141
TXN00004066,FAN_SIM_4065,MATCH003,1,500000,FAILED,FILE_LOCK,2026-07-13 04:30:11,142
TXN00004065,FAN_SIM_4064,MATCH003,1,500000,FAILED,FILE_LOCK,2026-07-13 04:30:11,143
TXN00004070,FAN_SIM_4069,MATCH003,1,500000,FAILED,FILE_LOCK,2026-07-13 04:30:11,140
TXN00004064,FAN_SIM_4063,MATCH003,1,500000,FAILED,FILE_LOCK,2026-07-13 04:30:11,144
TXN00004063,FAN_SIM_4062,MATCH003,1,500000,FAILED,FILE_LOCK,2026-07-13 04:30:11,144
TXN00004132,FAN_SIM_4131,MATCH003,1,0,FAILED,FILE_LOCK,2026-07-13 04:30:11,2
TXN00004074,FAN_SIM_4073,MATCH003,1,500000,FAILED,FILE_LOCK,2026-07-13 04:30:11,143
TXN00004072,FAN_SIM_4071,MATCH003,1,500000,FAILED,FILE_LOCK,2026-07-13 04:30:11,144
TXN00004073,FAN_SIM_4072,MATCH003,1,500000,FAILED,FILE_LOCK,2026-07-13 04:30:11,143
TXN00004148,FAN_SIM_4147,MATCH003,1,0,FAILED,FILE_LOCK,2026-07-13 04:30:11,0
TXN00004068,FAN_SIM_4067,MATCH003,1,500000,FAILED,FILE_LOCK,2026-07-13 04:30:11,144
TXN00004134,FAN_SIM_4133,MATCH003,1,0,FAILED,FILE_LOCK,2026-07-13 04:30:11,1
TXN00004144,FAN_SIM_4143,MATCH003,1,0,FAILED,FILE_LOCK,2026-07-13 04:30:11,1
TXN00004088,FAN_SIM_4087,MATCH003,1,500000,FAILED,FILE_LOCK,2026-07-13 04:30:11,142
TXN00004071,FAN_SIM_4070,MATCH003,1,500000,FAILED,FILE_LOCK,2026-07-13 04:30:11,143
TXN00004145,FAN_SIM_4144,MATCH003,1,0,FAILED,FILE_LOCK,2026-07-13 04:30:11,0
TXN00004138,FAN_SIM_4137,MATCH003,1,0,FAILED,FILE_LOCK,2026-07-13 04:30:11,0
TXN00004141,FAN_SIM_4140,MATCH003,1,0,FAILED,FILE_LOCK,2026-07-13 04:30:11,0
TXN00004146,FAN_SIM_4145,MATCH003,1,0,FAILED,FILE_LOCK,2026-07-13 04:30:11,0
TXN00004139,FAN_SIM_4138,MATCH003,1,0,FAILED,FILE_LOCK,2026-07-13 04:30:11,0
TXN00004143,FAN_SIM_4142,MATCH003,1,0,FAILED,FILE_LOCK,2026-07-13 04:30:11,1
TXN00004136,FAN_SIM_4135,MATCH003,1,0,FAILED,FILE_LOCK,2026-07-13 04:30:11,3
TXN00004135,FAN_SIM_4134,MATCH003,1,0,FAILED,FILE_LOCK,2026-07-13 04:30:11,1
TXN00004133,FAN_SIM_4132,MATCH003,1,0,FAILED,FILE_LOCK,2026-07-13 04:30:11,2
TXN00004150,FAN_SIM_4149,MATCH003,1,0,FAILED,FILE_LOCK,2026-07-13 04:30:11,1
TXN00004142,FAN_SIM_4141,MATCH003,1,0,FAILED,FILE_LOCK,2026-07-13 04:30:11,0
TXN00004137,FAN_SIM_4136,MATCH003,1,0,FAILED,FILE_LOCK,2026-07-13 04:30:11,1
TXN00004140,FAN_SIM_4139,MATCH003,1,0,FAILED,FILE_LOCK,2026-07-13 04:30:11,0
TXN00004147,FAN_SIM_4146,MATCH003,1,0,FAILED,FILE_LOCK,2026-07-13 04:30:11,1
TXN00004149,FAN_SIM_4148,MATCH003,1,0,FAILED,FILE_LOCK,2026-07-13 04:30:11,1
TXN00004087,FAN_SIM_4086,MATCH003,1,500000,FAILED,FILE_LOCK,2026-07-13 04:30:11,145
TXN00004077,FAN_SIM_4076,MATCH003,1,500000,FAILED,FILE_LOCK,2026-07-13 04:30:11,145
TXN00004152,FAN_SIM_4151,MATCH003,1,0,FAILED,FILE_LOCK,2026-07-13 04:30:11,0
TXN00004067,FAN_SIM_4066,MATCH003,1,500000,FAILED,FILE_LOCK,2026-07-13 04:30:11,147
TXN00004151,FAN_SIM_4150,MATCH003,1,0,FAILED,FILE_LOCK,2026-07-13 04:30:11,0
TXN00004096,FAN_SIM_4095,MATCH003,1,500000,FAILED,FILE_LOCK,2026-07-13 04:30:11,144
TXN00004198,FAN_SIM_4197,MATCH003,1,0,FAILED,FILE_LOCK,2026-07-13 04:30:12,134
TXN00004212,FAN_SIM_4211,MATCH003,1,0,FAILED,FILE_LOCK,2026-07-13 04:30:12,132
TXN00004185,FAN_SIM_4184,MATCH003,1,0,FAILED,FILE_LOCK,2026-07-13 04:30:12,135
TXN00004194,FAN_SIM_4193,MATCH003,1,0,FAILED,FILE_LOCK,2026-07-13 04:30:12,134
TXN00004203,FAN_SIM_4202,MATCH003,1,0,FAILED,FILE_LOCK,2026-07-13 04:30:12,134
TXN00004171,FAN_SIM_4170,MATCH003,1,0,FAILED,FILE_LOCK,2026-07-13 04:30:12,136
TXN00004215,FAN_SIM_4214,MATCH003,1,0,FAILED,FILE_LOCK,2026-07-13 04:30:12,132
TXN00004166,FAN_SIM_4165,MATCH003,1,500000,FAILED,FILE_LOCK,2026-07-13 04:30:12,136
TXN00004184,FAN_SIM_4183,MATCH003,1,0,FAILED,FILE_LOCK,2026-07-13 04:30:12,135
TXN00004191,FAN_SIM_4190,MATCH003,1,0,FAILED,FILE_LOCK,2026-07-13 04:30:12,135
TXN00004178,FAN_SIM_4177,MATCH003,1,500000,FAILED,FILE_LOCK,2026-07-13 04:30:12,135
TXN00004204,FAN_SIM_4203,MATCH003,1,0,FAILED,FILE_LOCK,2026-07-13 04:30:12,134
TXN00004161,FAN_SIM_4160,MATCH003,1,0,FAILED,FILE_LOCK,2026-07-13 04:30:12,136
TXN00004201,FAN_SIM_4200,MATCH003,1,0,FAILED,FILE_LOCK,2026-07-13 04:30:12,134
TXN00004218,FAN_SIM_4217,MATCH003,1,0,FAILED,FILE_LOCK,2026-07-13 04:30:12,0
TXN00004219,FAN_SIM_4218,MATCH003,1,0,FAILED,FILE_LOCK,2026-07-13 04:30:12,0
TXN00004220,FAN_SIM_4219,MATCH003,1,0,FAILED,FILE_LOCK,2026-07-13 04:30:12,0
TXN00004221,FAN_SIM_4220,MATCH003,1,0,FAILED,FILE_LOCK,2026-07-13 04:30:12,0
TXN00004217,FAN_SIM_4216,MATCH003,1,0,FAILED,FILE_LOCK,2026-07-13 04:30:12,1
TXN00004222,FAN_SIM_4221,MATCH003,1,0,FAILED,FILE_LOCK,2026-07-13 04:30:12,1
TXN00004223,FAN_SIM_4222,MATCH003,1,0,FAILED,FILE_LOCK,2026-07-13 04:30:12,1
TXN00004224,FAN_SIM_4223,MATCH003,1,0,FAILED,FILE_LOCK,2026-07-13 04:30:12,0
TXN00004155,FAN_SIM_4154,MATCH003,1,500000,FAILED,FILE_LOCK,2026-07-13 04:30:12,141
TXN00004227,FAN_SIM_4226,MATCH003,1,0,FAILED,FILE_LOCK,2026-07-13 04:30:12,0
TXN00004225,FAN_SIM_4224,MATCH003,1,0,FAILED,FILE_LOCK,2026-07-13 04:30:12,0
TXN00004179,FAN_SIM_4178,MATCH003,1,500000,FAILED,FILE_LOCK,2026-07-13 04:30:12,137
TXN00004177,FAN_SIM_4176,MATCH003,1,500000,FAILED,FILE_LOCK,2026-07-13 04:30:12,138
TXN00004226,FAN_SIM_4225,MATCH003,1,0,FAILED,FILE_LOCK,2026-07-13 04:30:12,0
TXN00004229,FAN_SIM_4228,MATCH003,1,0,FAILED,FILE_LOCK,2026-07-13 04:30:12,1
TXN00004233,FAN_SIM_4232,MATCH003,1,0,FAILED,FILE_LOCK,2026-07-13 04:30:12,1
TXN00004231,FAN_SIM_4230,MATCH003,1,0,FAILED,FILE_LOCK,2026-07-13 04:30:12,0
TXN00004234,FAN_SIM_4233,MATCH003,1,0,FAILED,FILE_LOCK,2026-07-13 04:30:12,0
TXN00004232,FAN_SIM_4231,MATCH003,1,0,FAILED,FILE_LOCK,2026-07-13 04:30:12,0
TXN00004228,FAN_SIM_4227,MATCH003,1,0,FAILED,FILE_LOCK,2026-07-13 04:30:12,2
TXN00004230,FAN_SIM_4229,MATCH003,1,0,FAILED,FILE_LOCK,2026-07-13 04:30:12,0
TXN00004168,FAN_SIM_4168,MATCH003,1,500000,FAILED,FILE_LOCK,2026-07-13 04:30:12,141
TXN00004250,FAN_SIM_4249,MATCH003,1,0,FAILED,FILE_LOCK,2026-07-13 04:30:12,3
TXN00004236,FAN_SIM_4236,MATCH003,1,0,FAILED,FILE_LOCK,2026-07-13 04:30:12,6
TXN00004238,FAN_SIM_4237,MATCH003,1,0,FAILED,FILE_LOCK,2026-07-13 04:30:12,6
TXN00004241,FAN_SIM_4240,MATCH003,1,0,FAILED,FILE_LOCK,2026-07-13 04:30:12,5
TXN00004239,FAN_SIM_4238,MATCH003,1,0,FAILED,FILE_LOCK,2026-07-13 04:30:12,6
TXN00004252,FAN_SIM_4251,MATCH003,1,0,FAILED,FILE_LOCK,2026-07-13 04:30:12,2
TXN00004245,FAN_SIM_4244,MATCH003,1,0,FAILED,FILE_LOCK,2026-07-13 04:30:12,5
TXN00004243,FAN_SIM_4242,MATCH003,1,0,FAILED,FILE_LOCK,2026-07-13 04:30:12,5
TXN00004242,FAN_SIM_4241,MATCH003,1,0,FAILED,FILE_LOCK,2026-07-13 04:30:12,5
TXN00004235,FAN_SIM_4234,MATCH003,1,0,FAILED,FILE_LOCK,2026-07-13 04:30:12,6
TXN00004249,FAN_SIM_4248,MATCH003,1,0,FAILED,FILE_LOCK,2026-07-13 04:30:12,4
TXN00004237,FAN_SIM_4235,MATCH003,1,0,FAILED,FILE_LOCK,2026-07-13 04:30:12,6
TXN00004240,FAN_SIM_4239,MATCH003,1,0,FAILED,FILE_LOCK,2026-07-13 04:30:12,5
TXN00004153,FAN_SIM_4152,MATCH003,1,500000,FAILED,FILE_LOCK,2026-07-13 04:30:12,150
TXN00004246,FAN_SIM_4245,MATCH003,1,0,FAILED,FILE_LOCK,2026-07-13 04:30:12,5
TXN00004248,FAN_SIM_4247,MATCH003,1,0,FAILED,FILE_LOCK,2026-07-13 04:30:12,4
TXN00004251,FAN_SIM_4250,MATCH003,1,0,FAILED,FILE_LOCK,2026-07-13 04:30:12,3
TXN00004247,FAN_SIM_4246,MATCH003,1,0,FAILED,FILE_LOCK,2026-07-13 04:30:12,4
TXN00004244,FAN_SIM_4243,MATCH003,1,0,FAILED,FILE_LOCK,2026-07-13 04:30:12,6
TXN00004154,FAN_SIM_4153,MATCH003,1,500000,FAILED,FILE_LOCK,2026-07-13 04:30:12,150
TXN00004173,FAN_SIM_4172,MATCH003,1,500000,FAILED,FILE_LOCK,2026-07-13 04:30:12,147
TXN00004200,FAN_SIM_4199,MATCH003,1,500000,FAILED,FILE_LOCK,2026-07-13 04:30:12,145
TXN00004156,FAN_SIM_4155,MATCH003,1,500000,FAILED,FILE_LOCK,2026-07-13 04:30:12,149
TXN00004169,FAN_SIM_4167,MATCH003,1,500000,FAILED,FILE_LOCK,2026-07-13 04:30:12,147
TXN00004257,FAN_SIM_4256,MATCH003,1,0,FAILED,FILE_LOCK,2026-07-13 04:30:12,0
TXN00004259,FAN_SIM_4258,MATCH003,1,0,FAILED,FILE_LOCK,2026-07-13 04:30:12,0
TXN00004254,FAN_SIM_4253,MATCH003,1,0,FAILED,FILE_LOCK,2026-07-13 04:30:12,2
TXN00004253,FAN_SIM_4252,MATCH003,1,0,FAILED,FILE_LOCK,2026-07-13 04:30:12,2
TXN00004255,FAN_SIM_4254,MATCH003,1,0,FAILED,FILE_LOCK,2026-07-13 04:30:12,2
TXN00004258,FAN_SIM_4257,MATCH003,1,0,FAILED,FILE_LOCK,2026-07-13 04:30:12,1
TXN00004263,FAN_SIM_4261,MATCH003,1,0,FAILED,FILE_LOCK,2026-07-13 04:30:12,1
TXN00004256,FAN_SIM_4255,MATCH003,1,0,FAILED,FILE_LOCK,2026-07-13 04:30:12,2
TXN00004267,FAN_SIM_4266,MATCH003,1,0,FAILED,FILE_LOCK,2026-07-13 04:30:12,1
TXN00004260,FAN_SIM_4259,MATCH003,1,0,FAILED,FILE_LOCK,2026-07-13 04:30:12,1
TXN00004261,FAN_SIM_4260,MATCH003,1,0,FAILED,FILE_LOCK,2026-07-13 04:30:12,1
TXN00004266,FAN_SIM_4265,MATCH003,1,0,FAILED,FILE_LOCK,2026-07-13 04:30:12,2
TXN00004269,FAN_SIM_4268,MATCH003,1,0,FAILED,FILE_LOCK,2026-07-13 04:30:12,1
TXN00004183,FAN_SIM_4182,MATCH003,1,500000,FAILED,FILE_LOCK,2026-07-13 04:30:12,149
TXN00004182,FAN_SIM_4181,MATCH003,1,500000,FAILED,FILE_LOCK,2026-07-13 04:30:12,150
TXN00004195,FAN_SIM_4194,MATCH003,1,500000,FAILED,FILE_LOCK,2026-07-13 04:30:12,148
TXN00004172,FAN_SIM_4171,MATCH003,1,500000,FAILED,FILE_LOCK,2026-07-13 04:30:12,151
TXN00004265,FAN_SIM_4264,MATCH003,1,0,FAILED,FILE_LOCK,2026-07-13 04:30:12,1
TXN00004216,FAN_SIM_4215,MATCH003,1,500000,FAILED,FILE_LOCK,2026-07-13 04:30:12,147
TXN00004170,FAN_SIM_4169,MATCH003,1,500000,FAILED,FILE_LOCK,2026-07-13 04:30:12,152
TXN00004272,FAN_SIM_4271,MATCH003,1,0,FAILED,FILE_LOCK,2026-07-13 04:30:12,2
TXN00004193,FAN_SIM_4192,MATCH003,1,500000,FAILED,FILE_LOCK,2026-07-13 04:30:12,149
TXN00004164,FAN_SIM_4163,MATCH003,1,500000,FAILED,FILE_LOCK,2026-07-13 04:30:12,150
TXN00004180,FAN_SIM_4179,MATCH003,1,500000,FAILED,FILE_LOCK,2026-07-13 04:30:12,149
TXN00004271,FAN_SIM_4270,MATCH003,1,0,FAILED,FILE_LOCK,2026-07-13 04:30:12,1
TXN00004206,FAN_SIM_4205,MATCH003,1,500000,FAILED,FILE_LOCK,2026-07-13 04:30:12,149
TXN00004167,FAN_SIM_4166,MATCH003,1,500000,FAILED,FILE_LOCK,2026-07-13 04:30:12,150
TXN00004214,FAN_SIM_4213,MATCH003,1,500000,FAILED,FILE_LOCK,2026-07-13 04:30:12,146
TXN00004262,FAN_SIM_4262,MATCH003,1,0,FAILED,FILE_LOCK,2026-07-13 04:30:12,1
TXN00004264,FAN_SIM_4263,MATCH003,1,0,FAILED,FILE_LOCK,2026-07-13 04:30:12,2
TXN00004159,FAN_SIM_4158,MATCH003,1,500000,FAILED,FILE_LOCK,2026-07-13 04:30:12,152
TXN00004270,FAN_SIM_4269,MATCH003,1,0,FAILED,FILE_LOCK,2026-07-13 04:30:12,2
TXN00004268,FAN_SIM_4267,MATCH003,1,0,FAILED,FILE_LOCK,2026-07-13 04:30:12,2
TXN00004210,FAN_SIM_4209,MATCH003,1,500000,FAILED,FILE_LOCK,2026-07-13 04:30:12,150
TXN00004176,FAN_SIM_4175,MATCH003,1,500000,FAILED,FILE_LOCK,2026-07-13 04:30:12,152
TXN00004274,FAN_SIM_4273,MATCH003,1,0,FAILED,FILE_LOCK,2026-07-13 04:30:12,2
TXN00004187,FAN_SIM_4186,MATCH003,1,500000,FAILED,FILE_LOCK,2026-07-13 04:30:12,152
TXN00004192,FAN_SIM_4191,MATCH003,1,500000,FAILED,FILE_LOCK,2026-07-13 04:30:12,151
TXN00004160,FAN_SIM_4159,MATCH003,1,500000,FAILED,FILE_LOCK,2026-07-13 04:30:12,154
TXN00004186,FAN_SIM_4185,MATCH003,1,500000,FAILED,FILE_LOCK,2026-07-13 04:30:12,153
TXN00004189,FAN_SIM_4188,MATCH003,1,500000,FAILED,FILE_LOCK,2026-07-13 04:30:12,151
TXN00004188,FAN_SIM_4187,MATCH003,1,500000,FAILED,FILE_LOCK,2026-07-13 04:30:12,151
TXN00004211,FAN_SIM_4210,MATCH003,1,500000,FAILED,FILE_LOCK,2026-07-13 04:30:12,150
TXN00004276,FAN_SIM_4275,MATCH003,1,0,FAILED,FILE_LOCK,2026-07-13 04:30:12,1
TXN00004162,FAN_SIM_4161,MATCH003,1,500000,FAILED,FILE_LOCK,2026-07-13 04:30:12,154
TXN00004273,FAN_SIM_4272,MATCH003,1,0,FAILED,FILE_LOCK,2026-07-13 04:30:12,2
TXN00004275,FAN_SIM_4274,MATCH003,1,0,FAILED,FILE_LOCK,2026-07-13 04:30:12,2
TXN00004175,FAN_SIM_4174,MATCH003,1,500000,FAILED,FILE_LOCK,2026-07-13 04:30:12,154
TXN00004197,FAN_SIM_4196,MATCH003,1,500000,FAILED,FILE_LOCK,2026-07-13 04:30:12,153
TXN00004202,FAN_SIM_4201,MATCH003,1,500000,FAILED,FILE_LOCK,2026-07-13 04:30:12,153
TXN00004190,FAN_SIM_4189,MATCH003,1,500000,FAILED,FILE_LOCK,2026-07-13 04:30:12,154
TXN00004157,FAN_SIM_4156,MATCH003,1,500000,FAILED,FILE_LOCK,2026-07-13 04:30:12,156
TXN00004208,FAN_SIM_4207,MATCH003,1,500000,FAILED,FILE_LOCK,2026-07-13 04:30:12,152
TXN00004163,FAN_SIM_4162,MATCH003,1,500000,FAILED,FILE_LOCK,2026-07-13 04:30:12,155
TXN00004165,FAN_SIM_4164,MATCH003,1,500000,FAILED,FILE_LOCK,2026-07-13 04:30:12,155
TXN00004199,FAN_SIM_4198,MATCH003,1,500000,FAILED,FILE_LOCK,2026-07-13 04:30:12,154
TXN00004174,FAN_SIM_4173,MATCH003,1,500000,FAILED,FILE_LOCK,2026-07-13 04:30:12,155
TXN00004181,FAN_SIM_4180,MATCH003,1,500000,FAILED,FILE_LOCK,2026-07-13 04:30:12,154
TXN00004205,FAN_SIM_4204,MATCH003,1,500000,FAILED,FILE_LOCK,2026-07-13 04:30:12,154
TXN00004158,FAN_SIM_4157,MATCH003,1,500000,FAILED,FILE_LOCK,2026-07-13 04:30:12,156
TXN00004209,FAN_SIM_4208,MATCH003,1,500000,FAILED,FILE_LOCK,2026-07-13 04:30:12,153
TXN00004207,FAN_SIM_4206,MATCH003,1,500000,FAILED,FILE_LOCK,2026-07-13 04:30:12,154
TXN00004213,FAN_SIM_4212,MATCH003,1,500000,FAILED,FILE_LOCK,2026-07-13 04:30:12,151
TXN00004196,FAN_SIM_4195,MATCH003,1,500000,FAILED,FILE_LOCK,2026-07-13 04:30:12,154
TXN00004304,FAN_SIM_4303,MATCH003,1,0,FAILED,FILE_LOCK,2026-07-13 04:30:12,66
TXN00004314,FAN_SIM_4313,MATCH003,1,0,FAILED,FILE_LOCK,2026-07-13 04:30:12,68
TXN00004309,FAN_SIM_4308,MATCH003,1,0,FAILED,FILE_LOCK,2026-07-13 04:30:12,69
TXN00004330,FAN_SIM_4330,MATCH003,1,0,FAILED,FILE_LOCK,2026-07-13 04:30:12,71
TXN00004287,FAN_SIM_4286,MATCH003,1,500000,FAILED,FILE_LOCK,2026-07-13 04:30:12,173
TXN00004299,FAN_SIM_4298,MATCH003,1,0,FAILED,FILE_LOCK,2026-07-13 04:30:12,70
TXN00004328,FAN_SIM_4327,MATCH003,1,0,FAILED,FILE_LOCK,2026-07-13 04:30:12,69
TXN00004315,FAN_SIM_4314,MATCH003,1,0,FAILED,FILE_LOCK,2026-07-13 04:30:12,176
TXN00004337,FAN_SIM_4336,MATCH003,1,0,FAILED,FILE_LOCK,2026-07-13 04:30:12,175
TXN00004342,FAN_SIM_4341,MATCH003,1,0,FAILED,FILE_LOCK,2026-07-13 04:30:12,6
TXN00004329,FAN_SIM_4329,MATCH003,1,0,FAILED,FILE_LOCK,2026-07-13 04:30:12,176
TXN00004322,FAN_SIM_4321,MATCH003,1,0,FAILED,FILE_LOCK,2026-07-13 04:30:12,177
TXN00004320,FAN_SIM_4319,MATCH003,1,0,FAILED,FILE_LOCK,2026-07-13 04:30:12,177
TXN00004293,FAN_SIM_4292,MATCH003,1,500000,FAILED,FILE_LOCK,2026-07-13 04:30:12,178
TXN00004319,FAN_SIM_4318,MATCH003,1,0,FAILED,FILE_LOCK,2026-07-13 04:30:12,176
TXN00004338,FAN_SIM_4337,MATCH003,1,0,FAILED,FILE_LOCK,2026-07-13 04:30:12,176
TXN00004306,FAN_SIM_4305,MATCH003,1,0,FAILED,FILE_LOCK,2026-07-13 04:30:12,178
TXN00004312,FAN_SIM_4311,MATCH003,1,0,FAILED,FILE_LOCK,2026-07-13 04:30:12,177
TXN00004300,FAN_SIM_4299,MATCH003,1,0,FAILED,FILE_LOCK,2026-07-13 04:30:12,178
TXN00004317,FAN_SIM_4316,MATCH003,1,0,FAILED,FILE_LOCK,2026-07-13 04:30:12,177
TXN00004318,FAN_SIM_4317,MATCH003,1,0,FAILED,FILE_LOCK,2026-07-13 04:30:12,176
TXN00004297,FAN_SIM_4296,MATCH003,1,0,FAILED,FILE_LOCK,2026-07-13 04:30:12,178
TXN00004331,FAN_SIM_4328,MATCH003,1,0,FAILED,FILE_LOCK,2026-07-13 04:30:12,176
TXN00004343,FAN_SIM_4342,MATCH003,1,0,FAILED,FILE_LOCK,2026-07-13 04:30:12,1
TXN00004345,FAN_SIM_4344,MATCH003,1,0,FAILED,FILE_LOCK,2026-07-13 04:30:12,0
TXN00004321,FAN_SIM_4320,MATCH003,1,0,FAILED,FILE_LOCK,2026-07-13 04:30:12,176
TXN00004344,FAN_SIM_4343,MATCH003,1,0,FAILED,FILE_LOCK,2026-07-13 04:30:12,0
TXN00004348,FAN_SIM_4347,MATCH003,1,0,FAILED,FILE_LOCK,2026-07-13 04:30:12,0
TXN00004291,FAN_SIM_4290,MATCH003,1,500000,FAILED,FILE_LOCK,2026-07-13 04:30:12,179
TXN00004286,FAN_SIM_4285,MATCH003,1,500000,FAILED,FILE_LOCK,2026-07-13 04:30:12,181
TXN00004347,FAN_SIM_4346,MATCH003,1,0,FAILED,FILE_LOCK,2026-07-13 04:30:12,0
TXN00004350,FAN_SIM_4349,MATCH003,1,0,FAILED,FILE_LOCK,2026-07-13 04:30:12,1
TXN00004346,FAN_SIM_4345,MATCH003,1,0,FAILED,FILE_LOCK,2026-07-13 04:30:12,1
TXN00004349,FAN_SIM_4348,MATCH003,1,0,FAILED,FILE_LOCK,2026-07-13 04:30:12,0
TXN00004281,FAN_SIM_4280,MATCH003,1,500000,FAILED,FILE_LOCK,2026-07-13 04:30:12,182
TXN00004310,FAN_SIM_4309,MATCH003,1,500000,FAILED,FILE_LOCK,2026-07-13 04:30:12,179
TXN00004290,FAN_SIM_4289,MATCH003,1,500000,FAILED,FILE_LOCK,2026-07-13 04:30:12,180
TXN00004277,FAN_SIM_4276,MATCH003,1,500000,FAILED,FILE_LOCK,2026-07-13 04:30:12,186
TXN00004326,FAN_SIM_4325,MATCH003,1,500000,FAILED,FILE_LOCK,2026-07-13 04:30:12,179
TXN00004296,FAN_SIM_4295,MATCH003,1,500000,FAILED,FILE_LOCK,2026-07-13 04:30:12,180
TXN00004282,FAN_SIM_4281,MATCH003,1,500000,FAILED,FILE_LOCK,2026-07-13 04:30:12,183
TXN00004334,FAN_SIM_4333,MATCH003,1,500000,FAILED,FILE_LOCK,2026-07-13 04:30:12,179
TXN00004351,FAN_SIM_4350,MATCH003,1,0,FAILED,FILE_LOCK,2026-07-13 04:30:12,0
TXN00004341,FAN_SIM_4340,MATCH003,1,500000,FAILED,FILE_LOCK,2026-07-13 04:30:12,115
TXN00004352,FAN_SIM_4351,MATCH003,1,0,FAILED,FILE_LOCK,2026-07-13 04:30:12,0
TXN00004295,FAN_SIM_4294,MATCH003,1,500000,FAILED,FILE_LOCK,2026-07-13 04:30:12,182
TXN00004307,FAN_SIM_4306,MATCH003,1,500000,FAILED,FILE_LOCK,2026-07-13 04:30:12,182
TXN00004284,FAN_SIM_4283,MATCH003,1,500000,FAILED,FILE_LOCK,2026-07-13 04:30:12,184
TXN00004356,FAN_SIM_4355,MATCH003,1,0,FAILED,FILE_LOCK,2026-07-13 04:30:12,2
TXN00004358,FAN_SIM_4357,MATCH003,1,0,FAILED,FILE_LOCK,2026-07-13 04:30:12,2
TXN00004357,FAN_SIM_4356,MATCH003,1,0,FAILED,FILE_LOCK,2026-07-13 04:30:12,2
TXN00004353,FAN_SIM_4352,MATCH003,1,0,FAILED,FILE_LOCK,2026-07-13 04:30:12,3
TXN00004355,FAN_SIM_4354,MATCH003,1,0,FAILED,FILE_LOCK,2026-07-13 04:30:12,2
TXN00004354,FAN_SIM_4353,MATCH003,1,0,FAILED,FILE_LOCK,2026-07-13 04:30:12,2
TXN00004361,FAN_SIM_4360,MATCH003,1,0,FAILED,FILE_LOCK,2026-07-13 04:30:12,1
TXN00004359,FAN_SIM_4358,MATCH003,1,0,FAILED,FILE_LOCK,2026-07-13 04:30:12,2
TXN00004360,FAN_SIM_4359,MATCH003,1,0,FAILED,FILE_LOCK,2026-07-13 04:30:12,1
TXN00004311,FAN_SIM_4310,MATCH003,1,500000,FAILED,FILE_LOCK,2026-07-13 04:30:12,185
TXN00004368,FAN_SIM_4367,MATCH003,1,0,FAILED,FILE_LOCK,2026-07-13 04:30:12,5
TXN00004365,FAN_SIM_4364,MATCH003,1,0,FAILED,FILE_LOCK,2026-07-13 04:30:12,5
TXN00004364,FAN_SIM_4363,MATCH003,1,0,FAILED,FILE_LOCK,2026-07-13 04:30:12,6
TXN00004371,FAN_SIM_4371,MATCH003,1,0,FAILED,FILE_LOCK,2026-07-13 04:30:12,5
TXN00004366,FAN_SIM_4365,MATCH003,1,0,FAILED,FILE_LOCK,2026-07-13 04:30:12,5
TXN00004369,FAN_SIM_4368,MATCH003,1,0,FAILED,FILE_LOCK,2026-07-13 04:30:12,5
TXN00004323,FAN_SIM_4322,MATCH003,1,500000,FAILED,FILE_LOCK,2026-07-13 04:30:12,188
TXN00004362,FAN_SIM_4362,MATCH003,1,0,FAILED,FILE_LOCK,2026-07-13 04:30:12,6
TXN00004376,FAN_SIM_4376,MATCH003,1,0,FAILED,FILE_LOCK,2026-07-13 04:30:12,5
TXN00004367,FAN_SIM_4366,MATCH003,1,0,FAILED,FILE_LOCK,2026-07-13 04:30:12,5
TXN00004325,FAN_SIM_4324,MATCH003,1,500000,FAILED,FILE_LOCK,2026-07-13 04:30:12,189
TXN00004278,FAN_SIM_4277,MATCH003,1,500000,FAILED,FILE_LOCK,2026-07-13 04:30:12,196
TXN00004381,FAN_SIM_4381,MATCH003,1,0,FAILED,FILE_LOCK,2026-07-13 04:30:12,5
TXN00004380,FAN_SIM_4380,MATCH003,1,0,FAILED,FILE_LOCK,2026-07-13 04:30:12,5
TXN00004385,FAN_SIM_4385,MATCH003,1,0,FAILED,FILE_LOCK,2026-07-13 04:30:12,5
TXN00004377,FAN_SIM_4377,MATCH003,1,0,FAILED,FILE_LOCK,2026-07-13 04:30:12,6
TXN00004386,FAN_SIM_4370,MATCH003,1,0,FAILED,FILE_LOCK,2026-07-13 04:30:12,5
TXN00004382,FAN_SIM_4382,MATCH003,1,0,FAILED,FILE_LOCK,2026-07-13 04:30:12,5
TXN00004387,FAN_SIM_4386,MATCH003,1,0,FAILED,FILE_LOCK,2026-07-13 04:30:12,5
TXN00004292,FAN_SIM_4291,MATCH003,1,500000,FAILED,FILE_LOCK,2026-07-13 04:30:12,190
TXN00004391,FAN_SIM_4390,MATCH003,1,0,FAILED,FILE_LOCK,2026-07-13 04:30:12,4
TXN00004389,FAN_SIM_4388,MATCH003,1,0,FAILED,FILE_LOCK,2026-07-13 04:30:12,4
TXN00004379,FAN_SIM_4379,MATCH003,1,0,FAILED,FILE_LOCK,2026-07-13 04:30:12,5
TXN00004294,FAN_SIM_4293,MATCH003,1,500000,FAILED,FILE_LOCK,2026-07-13 04:30:12,190
TXN00004383,FAN_SIM_4383,MATCH003,1,0,FAILED,FILE_LOCK,2026-07-13 04:30:12,5
TXN00004388,FAN_SIM_4387,MATCH003,1,0,FAILED,FILE_LOCK,2026-07-13 04:30:12,4
TXN00004395,FAN_SIM_4392,MATCH003,1,0,FAILED,FILE_LOCK,2026-07-13 04:30:12,4
TXN00004390,FAN_SIM_4389,MATCH003,1,0,FAILED,FILE_LOCK,2026-07-13 04:30:12,4
TXN00004392,FAN_SIM_4391,MATCH003,1,0,FAILED,FILE_LOCK,2026-07-13 04:30:12,4
TXN00004397,FAN_SIM_4396,MATCH003,1,0,FAILED,FILE_LOCK,2026-07-13 04:30:12,4
TXN00004384,FAN_SIM_4384,MATCH003,1,0,FAILED,FILE_LOCK,2026-07-13 04:30:12,5
TXN00004394,FAN_SIM_4394,MATCH003,1,0,FAILED,FILE_LOCK,2026-07-13 04:30:12,4
TXN00004313,FAN_SIM_4312,MATCH003,1,500000,FAILED,FILE_LOCK,2026-07-13 04:30:12,189
TXN00004298,FAN_SIM_4297,MATCH003,1,500000,FAILED,FILE_LOCK,2026-07-13 04:30:12,190
TXN00004372,FAN_SIM_4372,MATCH003,1,0,FAILED,FILE_LOCK,2026-07-13 04:30:12,7
TXN00004285,FAN_SIM_4284,MATCH003,1,500000,FAILED,FILE_LOCK,2026-07-13 04:30:12,191
TXN00004393,FAN_SIM_4393,MATCH003,1,0,FAILED,FILE_LOCK,2026-07-13 04:30:12,4
TXN00004374,FAN_SIM_4374,MATCH003,1,0,FAILED,FILE_LOCK,2026-07-13 04:30:12,7
TXN00004316,FAN_SIM_4315,MATCH003,1,500000,FAILED,FILE_LOCK,2026-07-13 04:30:12,189
TXN00004378,FAN_SIM_4378,MATCH003,1,0,FAILED,FILE_LOCK,2026-07-13 04:30:12,5
TXN00004335,FAN_SIM_4334,MATCH003,1,500000,FAILED,FILE_LOCK,2026-07-13 04:30:12,189
TXN00004398,FAN_SIM_4397,MATCH003,1,0,FAILED,FILE_LOCK,2026-07-13 04:30:12,4
TXN00004396,FAN_SIM_4395,MATCH003,1,0,FAILED,FILE_LOCK,2026-07-13 04:30:12,4
TXN00004363,FAN_SIM_4361,MATCH003,1,0,FAILED,FILE_LOCK,2026-07-13 04:30:12,7
TXN00004399,FAN_SIM_4398,MATCH003,1,0,FAILED,FILE_LOCK,2026-07-13 04:30:12,2
TXN00004375,FAN_SIM_4375,MATCH003,1,0,FAILED,FILE_LOCK,2026-07-13 04:30:12,7
TXN00004324,FAN_SIM_4323,MATCH003,1,500000,FAILED,FILE_LOCK,2026-07-13 04:30:12,190
TXN00004339,FAN_SIM_4338,MATCH003,1,500000,FAILED,FILE_LOCK,2026-07-13 04:30:12,189
TXN00004280,FAN_SIM_4279,MATCH003,1,500000,FAILED,FILE_LOCK,2026-07-13 04:30:12,195
TXN00004401,FAN_SIM_4400,MATCH003,1,0,FAILED,FILE_LOCK,2026-07-13 04:30:12,0
TXN00004333,FAN_SIM_4332,MATCH003,1,500000,FAILED,FILE_LOCK,2026-07-13 04:30:12,190
TXN00004308,FAN_SIM_4307,MATCH003,1,500000,FAILED,FILE_LOCK,2026-07-13 04:30:12,191
TXN00004400,FAN_SIM_4399,MATCH003,1,0,FAILED,FILE_LOCK,2026-07-13 04:30:12,1
TXN00004302,FAN_SIM_4301,MATCH003,1,500000,FAILED,FILE_LOCK,2026-07-13 04:30:12,192
TXN00004327,FAN_SIM_4326,MATCH003,1,500000,FAILED,FILE_LOCK,2026-07-13 04:30:12,190
TXN00004289,FAN_SIM_4288,MATCH003,1,500000,FAILED,FILE_LOCK,2026-07-13 04:30:12,192
TXN00004301,FAN_SIM_4300,MATCH003,1,500000,FAILED,FILE_LOCK,2026-07-13 04:30:12,191
TXN00004370,FAN_SIM_4369,MATCH003,1,0,FAILED,FILE_LOCK,2026-07-13 04:30:12,7
TXN00004340,FAN_SIM_4339,MATCH003,1,500000,FAILED,FILE_LOCK,2026-07-13 04:30:12,191
TXN00004288,FAN_SIM_4287,MATCH003,1,500000,FAILED,FILE_LOCK,2026-07-13 04:30:12,191
TXN00004373,FAN_SIM_4373,MATCH003,1,0,FAILED,FILE_LOCK,2026-07-13 04:30:12,7
TXN00004303,FAN_SIM_4302,MATCH003,1,500000,FAILED,FILE_LOCK,2026-07-13 04:30:12,192
TXN00004336,FAN_SIM_4335,MATCH003,1,500000,FAILED,FILE_LOCK,2026-07-13 04:30:12,192
TXN00004279,FAN_SIM_4278,MATCH003,1,500000,FAILED,FILE_LOCK,2026-07-13 04:30:12,199
TXN00004332,FAN_SIM_4331,MATCH003,1,500000,FAILED,FILE_LOCK,2026-07-13 04:30:12,193
TXN00004305,FAN_SIM_4304,MATCH003,1,500000,FAILED,FILE_LOCK,2026-07-13 04:30:12,195
TXN00004283,FAN_SIM_4282,MATCH003,1,500000,FAILED,FILE_LOCK,2026-07-13 04:30:12,197
TXN00004422,FAN_SIM_4421,MATCH003,1,0,FAILED,FILE_LOCK,2026-07-13 04:30:12,121
TXN00004465,FAN_SIM_4464,MATCH003,1,0,FAILED,FILE_LOCK,2026-07-13 04:30:12,112
TXN00004444,FAN_SIM_4443,MATCH003,1,0,FAILED,FILE_LOCK,2026-07-13 04:30:12,120
TXN00004421,FAN_SIM_4420,MATCH003,1,0,FAILED,FILE_LOCK,2026-07-13 04:30:12,121
TXN00004437,FAN_SIM_4436,MATCH003,1,0,FAILED,FILE_LOCK,2026-07-13 04:30:12,120
TXN00004436,FAN_SIM_4435,MATCH003,1,0,FAILED,FILE_LOCK,2026-07-13 04:30:12,120
TXN00004426,FAN_SIM_4425,MATCH003,1,0,FAILED,FILE_LOCK,2026-07-13 04:30:12,120
TXN00004414,FAN_SIM_4413,MATCH003,1,0,FAILED,FILE_LOCK,2026-07-13 04:30:12,123
TXN00004439,FAN_SIM_4438,MATCH003,1,0,FAILED,FILE_LOCK,2026-07-13 04:30:12,120
TXN00004434,FAN_SIM_4433,MATCH003,1,0,FAILED,FILE_LOCK,2026-07-13 04:30:12,120
TXN00004433,FAN_SIM_4432,MATCH003,1,0,FAILED,FILE_LOCK,2026-07-13 04:30:12,120
TXN00004440,FAN_SIM_4439,MATCH003,1,0,FAILED,FILE_LOCK,2026-07-13 04:30:12,120
TXN00004416,FAN_SIM_4415,MATCH003,1,0,FAILED,FILE_LOCK,2026-07-13 04:30:12,121
TXN00004454,FAN_SIM_4453,MATCH003,1,0,FAILED,FILE_LOCK,2026-07-13 04:30:12,119
TXN00004448,FAN_SIM_4447,MATCH003,1,0,FAILED,FILE_LOCK,2026-07-13 04:30:12,120
TXN00004410,FAN_SIM_4408,MATCH003,1,0,FAILED,FILE_LOCK,2026-07-13 04:30:12,124
TXN00004403,FAN_SIM_4402,MATCH003,1,500000,FAILED,FILE_LOCK,2026-07-13 04:30:12,127
TXN00004449,FAN_SIM_4448,MATCH003,1,0,FAILED,FILE_LOCK,2026-07-13 04:30:12,120
TXN00004443,FAN_SIM_4442,MATCH003,1,0,FAILED,FILE_LOCK,2026-07-13 04:30:12,121
TXN00004405,FAN_SIM_4404,MATCH003,1,0,FAILED,FILE_LOCK,2026-07-13 04:30:12,126
TXN00004438,FAN_SIM_4437,MATCH003,1,0,FAILED,FILE_LOCK,2026-07-13 04:30:12,121
TXN00004425,FAN_SIM_4424,MATCH003,1,0,FAILED,FILE_LOCK,2026-07-13 04:30:12,122
TXN00004415,FAN_SIM_4414,MATCH003,1,0,FAILED,FILE_LOCK,2026-07-13 04:30:12,122
TXN00004429,FAN_SIM_4428,MATCH003,1,0,FAILED,FILE_LOCK,2026-07-13 04:30:12,121
TXN00004464,FAN_SIM_4463,MATCH003,1,0,FAILED,FILE_LOCK,2026-07-13 04:30:12,119
TXN00004423,FAN_SIM_4422,MATCH003,1,0,FAILED,FILE_LOCK,2026-07-13 04:30:12,122
TXN00004432,FAN_SIM_4431,MATCH003,1,0,FAILED,FILE_LOCK,2026-07-13 04:30:12,121
TXN00004419,FAN_SIM_4418,MATCH003,1,0,FAILED,FILE_LOCK,2026-07-13 04:30:12,122
TXN00004420,FAN_SIM_4419,MATCH003,1,0,FAILED,FILE_LOCK,2026-07-13 04:30:12,122
TXN00004418,FAN_SIM_4417,MATCH003,1,0,FAILED,FILE_LOCK,2026-07-13 04:30:12,122
TXN00004441,FAN_SIM_4440,MATCH003,1,0,FAILED,FILE_LOCK,2026-07-13 04:30:12,121
TXN00004411,FAN_SIM_4410,MATCH003,1,0,FAILED,FILE_LOCK,2026-07-13 04:30:12,125
TXN00004462,FAN_SIM_4461,MATCH003,1,0,FAILED,FILE_LOCK,2026-07-13 04:30:12,120
TXN00004428,FAN_SIM_4427,MATCH003,1,0,FAILED,FILE_LOCK,2026-07-13 04:30:12,121
TXN00004445,FAN_SIM_4444,MATCH003,1,0,FAILED,FILE_LOCK,2026-07-13 04:30:12,121
TXN00004412,FAN_SIM_4411,MATCH003,1,0,FAILED,FILE_LOCK,2026-07-13 04:30:12,125
TXN00004409,FAN_SIM_4409,MATCH003,1,0,FAILED,FILE_LOCK,2026-07-13 04:30:12,125
TXN00004458,FAN_SIM_4457,MATCH003,1,0,FAILED,FILE_LOCK,2026-07-13 04:30:12,120
TXN00004456,FAN_SIM_4455,MATCH003,1,0,FAILED,FILE_LOCK,2026-07-13 04:30:12,120
TXN00004407,FAN_SIM_4406,MATCH003,1,0,FAILED,FILE_LOCK,2026-07-13 04:30:12,126
TXN00004463,FAN_SIM_4462,MATCH003,1,0,FAILED,FILE_LOCK,2026-07-13 04:30:12,118
TXN00004430,FAN_SIM_4429,MATCH003,1,0,FAILED,FILE_LOCK,2026-07-13 04:30:12,121
TXN00004455,FAN_SIM_4454,MATCH003,1,0,FAILED,FILE_LOCK,2026-07-13 04:30:12,120
TXN00004424,FAN_SIM_4423,MATCH003,1,0,FAILED,FILE_LOCK,2026-07-13 04:30:12,122
TXN00004435,FAN_SIM_4434,MATCH003,1,0,FAILED,FILE_LOCK,2026-07-13 04:30:12,121
TXN00004446,FAN_SIM_4445,MATCH003,1,0,FAILED,FILE_LOCK,2026-07-13 04:30:12,121
TXN00004404,FAN_SIM_4403,MATCH003,1,0,FAILED,FILE_LOCK,2026-07-13 04:30:12,126
TXN00004466,FAN_SIM_4465,MATCH003,1,0,FAILED,FILE_LOCK,2026-07-13 04:30:12,0
TXN00004461,FAN_SIM_4460,MATCH003,1,0,FAILED,FILE_LOCK,2026-07-13 04:30:12,120
TXN00004402,FAN_SIM_4401,MATCH003,1,500000,FAILED,FILE_LOCK,2026-07-13 04:30:12,128
TXN00004460,FAN_SIM_4458,MATCH003,1,0,FAILED,FILE_LOCK,2026-07-13 04:30:12,120
TXN00004459,FAN_SIM_4459,MATCH003,1,0,FAILED,FILE_LOCK,2026-07-13 04:30:12,120
TXN00004453,FAN_SIM_4452,MATCH003,1,0,FAILED,FILE_LOCK,2026-07-13 04:30:12,120
TXN00004442,FAN_SIM_4441,MATCH003,1,0,FAILED,FILE_LOCK,2026-07-13 04:30:12,121
TXN00004468,FAN_SIM_4467,MATCH003,1,0,FAILED,FILE_LOCK,2026-07-13 04:30:12,3
TXN00004427,FAN_SIM_4426,MATCH003,1,0,FAILED,FILE_LOCK,2026-07-13 04:30:12,121
TXN00004476,FAN_SIM_4475,MATCH003,1,0,FAILED,FILE_LOCK,2026-07-13 04:30:12,0
TXN00004452,FAN_SIM_4451,MATCH003,1,0,FAILED,FILE_LOCK,2026-07-13 04:30:12,120
TXN00004417,FAN_SIM_4416,MATCH003,1,0,FAILED,FILE_LOCK,2026-07-13 04:30:12,122
TXN00004451,FAN_SIM_4450,MATCH003,1,0,FAILED,FILE_LOCK,2026-07-13 04:30:12,120
TXN00004457,FAN_SIM_4456,MATCH003,1,0,FAILED,FILE_LOCK,2026-07-13 04:30:12,120
TXN00004467,FAN_SIM_4466,MATCH003,1,0,FAILED,FILE_LOCK,2026-07-13 04:30:12,1
TXN00004431,FAN_SIM_4430,MATCH003,1,0,FAILED,FILE_LOCK,2026-07-13 04:30:12,121
TXN00004473,FAN_SIM_4472,MATCH003,1,0,FAILED,FILE_LOCK,2026-07-13 04:30:12,1
TXN00004447,FAN_SIM_4446,MATCH003,1,0,FAILED,FILE_LOCK,2026-07-13 04:30:12,121
TXN00004474,FAN_SIM_4473,MATCH003,1,0,FAILED,FILE_LOCK,2026-07-13 04:30:12,1
TXN00004408,FAN_SIM_4407,MATCH003,1,0,FAILED,FILE_LOCK,2026-07-13 04:30:12,126
TXN00004469,FAN_SIM_4468,MATCH003,1,0,FAILED,FILE_LOCK,2026-07-13 04:30:12,2
TXN00004450,FAN_SIM_4449,MATCH003,1,0,FAILED,FILE_LOCK,2026-07-13 04:30:12,120
TXN00004475,FAN_SIM_4474,MATCH003,1,0,FAILED,FILE_LOCK,2026-07-13 04:30:12,1
TXN00004471,FAN_SIM_4470,MATCH003,1,0,FAILED,FILE_LOCK,2026-07-13 04:30:12,2
TXN00004477,FAN_SIM_4476,MATCH003,1,0,FAILED,FILE_LOCK,2026-07-13 04:30:12,1
TXN00004406,FAN_SIM_4405,MATCH003,1,500000,FAILED,FILE_LOCK,2026-07-13 04:30:12,130
TXN00004479,FAN_SIM_4478,MATCH003,1,0,FAILED,FILE_LOCK,2026-07-13 04:30:12,0
TXN00004413,FAN_SIM_4412,MATCH003,1,500000,FAILED,FILE_LOCK,2026-07-13 04:30:12,127
TXN00004472,FAN_SIM_4471,MATCH003,1,0,FAILED,FILE_LOCK,2026-07-13 04:30:12,1
TXN00004470,FAN_SIM_4469,MATCH003,1,0,FAILED,FILE_LOCK,2026-07-13 04:30:12,2
TXN00004496,FAN_SIM_4496,MATCH003,1,0,FAILED,FILE_LOCK,2026-07-13 04:30:12,184
TXN00004502,FAN_SIM_4502,MATCH003,1,0,FAILED,FILE_LOCK,2026-07-13 04:30:12,183
TXN00004520,FAN_SIM_4521,MATCH003,1,0,FAILED,FILE_LOCK,2026-07-13 04:30:12,182
TXN00004532,FAN_SIM_4531,MATCH003,1,0,FAILED,FILE_LOCK,2026-07-13 04:30:12,174
TXN00004507,FAN_SIM_4507,MATCH003,1,0,FAILED,FILE_LOCK,2026-07-13 04:30:12,183
TXN00004538,FAN_SIM_4537,MATCH003,1,0,FAILED,FILE_LOCK,2026-07-13 04:30:12,174
TXN00004535,FAN_SIM_4534,MATCH003,1,0,FAILED,FILE_LOCK,2026-07-13 04:30:12,174
TXN00004523,FAN_SIM_4524,MATCH003,1,0,FAILED,FILE_LOCK,2026-07-13 04:30:12,182
TXN00004534,FAN_SIM_4533,MATCH003,1,0,FAILED,FILE_LOCK,2026-07-13 04:30:12,174
TXN00004536,FAN_SIM_4535,MATCH003,1,0,FAILED,FILE_LOCK,2026-07-13 04:30:12,174
TXN00004503,FAN_SIM_4503,MATCH003,1,0,FAILED,FILE_LOCK,2026-07-13 04:30:12,183
TXN00004501,FAN_SIM_4501,MATCH003,1,0,FAILED,FILE_LOCK,2026-07-13 04:30:12,183
TXN00004481,FAN_SIM_4480,MATCH003,1,500000,FAILED,FILE_LOCK,2026-07-13 04:30:12,224
TXN00004504,FAN_SIM_4504,MATCH003,1,0,FAILED,FILE_LOCK,2026-07-13 04:30:12,183
TXN00004512,FAN_SIM_4512,MATCH003,1,0,FAILED,FILE_LOCK,2026-07-13 04:30:12,183
TXN00004533,FAN_SIM_4532,MATCH003,1,0,FAILED,FILE_LOCK,2026-07-13 04:30:12,174
TXN00004531,FAN_SIM_4488,MATCH003,1,0,FAILED,FILE_LOCK,2026-07-13 04:30:12,217
TXN00004525,FAN_SIM_4527,MATCH003,1,0,FAILED,FILE_LOCK,2026-07-13 04:30:12,220
TXN00004542,FAN_SIM_4541,MATCH003,1,0,FAILED,FILE_LOCK,2026-07-13 04:30:12,165
TXN00004500,FAN_SIM_4500,MATCH003,1,0,FAILED,FILE_LOCK,2026-07-13 04:30:12,184
TXN00004539,FAN_SIM_4538,MATCH003,1,0,FAILED,FILE_LOCK,2026-07-13 04:30:12,213
TXN00004498,FAN_SIM_4498,MATCH003,1,0,FAILED,FILE_LOCK,2026-07-13 04:30:12,223
TXN00004485,FAN_SIM_4484,MATCH003,1,0,FAILED,FILE_LOCK,2026-07-13 04:30:12,225
TXN00004492,FAN_SIM_4492,MATCH003,1,0,FAILED,FILE_LOCK,2026-07-13 04:30:12,223
TXN00004541,FAN_SIM_4540,MATCH003,1,0,FAILED,FILE_LOCK,2026-07-13 04:30:12,204
TXN00004540,FAN_SIM_4539,MATCH003,1,0,FAILED,FILE_LOCK,2026-07-13 04:30:12,213
TXN00004517,FAN_SIM_4518,MATCH003,1,0,FAILED,FILE_LOCK,2026-07-13 04:30:12,222
TXN00004497,FAN_SIM_4497,MATCH003,1,0,FAILED,FILE_LOCK,2026-07-13 04:30:12,223
TXN00004537,FAN_SIM_4536,MATCH003,1,0,FAILED,FILE_LOCK,2026-07-13 04:30:12,213
TXN00004521,FAN_SIM_4522,MATCH003,1,0,FAILED,FILE_LOCK,2026-07-13 04:30:12,221
TXN00004510,FAN_SIM_4510,MATCH003,1,500000,FAILED,FILE_LOCK,2026-07-13 04:30:12,222
TXN00004519,FAN_SIM_4520,MATCH003,1,500000,FAILED,FILE_LOCK,2026-07-13 04:30:12,223
TXN00004499,FAN_SIM_4499,MATCH003,1,0,FAILED,FILE_LOCK,2026-07-13 04:30:12,223
TXN00004488,FAN_SIM_4487,MATCH003,1,0,FAILED,FILE_LOCK,2026-07-13 04:30:12,226
TXN00004544,FAN_SIM_4543,MATCH003,1,0,FAILED,FILE_LOCK,2026-07-13 04:30:12,0
TXN00004543,FAN_SIM_4542,MATCH003,1,0,FAILED,FILE_LOCK,2026-07-13 04:30:12,0
TXN00004514,FAN_SIM_4514,MATCH003,1,500000,FAILED,FILE_LOCK,2026-07-13 04:30:12,223
TXN00004546,FAN_SIM_4545,MATCH003,1,0,FAILED,FILE_LOCK,2026-07-13 04:30:12,1
TXN00004548,FAN_SIM_4547,MATCH003,1,0,FAILED,FILE_LOCK,2026-07-13 04:30:12,1
TXN00004545,FAN_SIM_4544,MATCH003,1,0,FAILED,FILE_LOCK,2026-07-13 04:30:12,1
TXN00004547,FAN_SIM_4546,MATCH003,1,0,FAILED,FILE_LOCK,2026-07-13 04:30:12,1
TXN00004505,FAN_SIM_4505,MATCH003,1,500000,FAILED,FILE_LOCK,2026-07-13 04:30:12,224
TXN00004553,FAN_SIM_4552,MATCH003,1,0,FAILED,FILE_LOCK,2026-07-13 04:30:12,5
TXN00004549,FAN_SIM_4548,MATCH003,1,0,FAILED,FILE_LOCK,2026-07-13 04:30:12,5
TXN00004566,FAN_SIM_4565,MATCH003,1,0,FAILED,FILE_LOCK,2026-07-13 04:30:12,4
TXN00004551,FAN_SIM_4550,MATCH003,1,0,FAILED,FILE_LOCK,2026-07-13 04:30:12,5
TXN00004568,FAN_SIM_4567,MATCH003,1,0,FAILED,FILE_LOCK,2026-07-13 04:30:12,4
TXN00004556,FAN_SIM_4555,MATCH003,1,0,FAILED,FILE_LOCK,2026-07-13 04:30:12,5
TXN00004550,FAN_SIM_4549,MATCH003,1,0,FAILED,FILE_LOCK,2026-07-13 04:30:12,5
TXN00004555,FAN_SIM_4554,MATCH003,1,0,FAILED,FILE_LOCK,2026-07-13 04:30:12,5
TXN00004557,FAN_SIM_4556,MATCH003,1,0,FAILED,FILE_LOCK,2026-07-13 04:30:12,4
TXN00004575,FAN_SIM_4574,MATCH003,1,0,FAILED,FILE_LOCK,2026-07-13 04:30:12,3
TXN00004570,FAN_SIM_4569,MATCH003,1,0,FAILED,FILE_LOCK,2026-07-13 04:30:12,4
TXN00004562,FAN_SIM_4561,MATCH003,1,0,FAILED,FILE_LOCK,2026-07-13 04:30:12,4
TXN00004573,FAN_SIM_4572,MATCH003,1,0,FAILED,FILE_LOCK,2026-07-13 04:30:12,4
TXN00004567,FAN_SIM_4566,MATCH003,1,0,FAILED,FILE_LOCK,2026-07-13 04:30:12,4
TXN00004482,FAN_SIM_4481,MATCH003,1,500000,FAILED,FILE_LOCK,2026-07-13 04:30:12,232
TXN00004572,FAN_SIM_4571,MATCH003,1,0,FAILED,FILE_LOCK,2026-07-13 04:30:12,4
TXN00004571,FAN_SIM_4570,MATCH003,1,0,FAILED,FILE_LOCK,2026-07-13 04:30:12,4
TXN00004563,FAN_SIM_4562,MATCH003,1,0,FAILED,FILE_LOCK,2026-07-13 04:30:12,4
TXN00004530,FAN_SIM_4516,MATCH003,1,500000,FAILED,FILE_LOCK,2026-07-13 04:30:12,228
TXN00004518,FAN_SIM_4519,MATCH003,1,500000,FAILED,FILE_LOCK,2026-07-13 04:30:12,229
TXN00004558,FAN_SIM_4557,MATCH003,1,0,FAILED,FILE_LOCK,2026-07-13 04:30:12,4
TXN00004579,FAN_SIM_4578,MATCH003,1,0,FAILED,FILE_LOCK,2026-07-13 04:30:12,3
TXN00004580,FAN_SIM_4579,MATCH003,1,0,FAILED,FILE_LOCK,2026-07-13 04:30:12,3
TXN00004574,FAN_SIM_4573,MATCH003,1,0,FAILED,FILE_LOCK,2026-07-13 04:30:12,4
TXN00004578,FAN_SIM_4577,MATCH003,1,0,FAILED,FILE_LOCK,2026-07-13 04:30:12,3
TXN00004561,FAN_SIM_4560,MATCH003,1,0,FAILED,FILE_LOCK,2026-07-13 04:30:12,4
TXN00004581,FAN_SIM_4580,MATCH003,1,0,FAILED,FILE_LOCK,2026-07-13 04:30:12,3
TXN00004495,FAN_SIM_4495,MATCH003,1,500000,FAILED,FILE_LOCK,2026-07-13 04:30:12,231
TXN00004582,FAN_SIM_4581,MATCH003,1,0,FAILED,FILE_LOCK,2026-07-13 04:30:12,3
TXN00004515,FAN_SIM_4515,MATCH003,1,500000,FAILED,FILE_LOCK,2026-07-13 04:30:12,230
TXN00004584,FAN_SIM_4583,MATCH003,1,0,FAILED,FILE_LOCK,2026-07-13 04:30:12,3
TXN00004583,FAN_SIM_4582,MATCH003,1,0,FAILED,FILE_LOCK,2026-07-13 04:30:12,3
TXN00004577,FAN_SIM_4576,MATCH003,1,0,FAILED,FILE_LOCK,2026-07-13 04:30:12,3
TXN00004576,FAN_SIM_4575,MATCH003,1,0,FAILED,FILE_LOCK,2026-07-13 04:30:12,3
TXN00004552,FAN_SIM_4551,MATCH003,1,0,FAILED,FILE_LOCK,2026-07-13 04:30:12,6
TXN00004484,FAN_SIM_4483,MATCH003,1,500000,FAILED,FILE_LOCK,2026-07-13 04:30:12,233
TXN00004565,FAN_SIM_4564,MATCH003,1,0,FAILED,FILE_LOCK,2026-07-13 04:30:12,5
TXN00004559,FAN_SIM_4558,MATCH003,1,0,FAILED,FILE_LOCK,2026-07-13 04:30:12,5
TXN00004564,FAN_SIM_4563,MATCH003,1,0,FAILED,FILE_LOCK,2026-07-13 04:30:12,5
TXN00004554,FAN_SIM_4553,MATCH003,1,0,FAILED,FILE_LOCK,2026-07-13 04:30:12,6
TXN00004569,FAN_SIM_4568,MATCH003,1,0,FAILED,FILE_LOCK,2026-07-13 04:30:12,5
TXN00004494,FAN_SIM_4494,MATCH003,1,500000,FAILED,FILE_LOCK,2026-07-13 04:30:12,232
TXN00004526,FAN_SIM_4526,MATCH003,1,500000,FAILED,FILE_LOCK,2026-07-13 04:30:12,230
TXN00004513,FAN_SIM_4513,MATCH003,1,500000,FAILED,FILE_LOCK,2026-07-13 04:30:12,231
TXN00004522,FAN_SIM_4523,MATCH003,1,500000,FAILED,FILE_LOCK,2026-07-13 04:30:12,230
TXN00004511,FAN_SIM_4511,MATCH003,1,500000,FAILED,FILE_LOCK,2026-07-13 04:30:12,230
TXN00004586,FAN_SIM_4585,MATCH003,1,0,FAILED,FILE_LOCK,2026-07-13 04:30:12,2
TXN00004478,FAN_SIM_4477,MATCH003,1,500000,FAILED,FILE_LOCK,2026-07-13 04:30:12,239
TXN00004528,FAN_SIM_4529,MATCH003,1,500000,FAILED,FILE_LOCK,2026-07-13 04:30:12,230
TXN00004483,FAN_SIM_4482,MATCH003,1,500000,FAILED,FILE_LOCK,2026-07-13 04:30:12,235
TXN00004491,FAN_SIM_4491,MATCH003,1,500000,FAILED,FILE_LOCK,2026-07-13 04:30:12,234
TXN00004587,FAN_SIM_4586,MATCH003,1,0,FAILED,FILE_LOCK,2026-07-13 04:30:12,2
TXN00004506,FAN_SIM_4506,MATCH003,1,500000,FAILED,FILE_LOCK,2026-07-13 04:30:12,231
TXN00004509,FAN_SIM_4509,MATCH003,1,500000,FAILED,FILE_LOCK,2026-07-13 04:30:12,232
TXN00004487,FAN_SIM_4486,MATCH003,1,500000,FAILED,FILE_LOCK,2026-07-13 04:30:12,235
TXN00004585,FAN_SIM_4584,MATCH003,1,0,FAILED,FILE_LOCK,2026-07-13 04:30:12,1
TXN00004560,FAN_SIM_4559,MATCH003,1,0,FAILED,FILE_LOCK,2026-07-13 04:30:12,5
TXN00004489,FAN_SIM_4489,MATCH003,1,500000,FAILED,FILE_LOCK,2026-07-13 04:30:12,235
TXN00004490,FAN_SIM_4490,MATCH003,1,500000,FAILED,FILE_LOCK,2026-07-13 04:30:12,237
TXN00004529,FAN_SIM_4530,MATCH003,1,500000,FAILED,FILE_LOCK,2026-07-13 04:30:12,233
TXN00004524,FAN_SIM_4525,MATCH003,1,500000,FAILED,FILE_LOCK,2026-07-13 04:30:12,232
TXN00004516,FAN_SIM_4517,MATCH003,1,500000,FAILED,FILE_LOCK,2026-07-13 04:30:12,233
TXN00004493,FAN_SIM_4493,MATCH003,1,500000,FAILED,FILE_LOCK,2026-07-13 04:30:12,235
TXN00004486,FAN_SIM_4485,MATCH003,1,500000,FAILED,FILE_LOCK,2026-07-13 04:30:12,236
TXN00004508,FAN_SIM_4508,MATCH003,1,500000,FAILED,FILE_LOCK,2026-07-13 04:30:12,234
TXN00004527,FAN_SIM_4528,MATCH003,1,500000,FAILED,FILE_LOCK,2026-07-13 04:30:12,233
TXN00004480,FAN_SIM_4479,MATCH003,1,500000,FAILED,FILE_LOCK,2026-07-13 04:30:12,239
TXN00004632,FAN_SIM_4631,MATCH003,1,0,FAILED,FILE_LOCK,2026-07-13 04:30:12,45
TXN00004637,FAN_SIM_4636,MATCH003,1,0,FAILED,FILE_LOCK,2026-07-13 04:30:12,46
TXN00004639,FAN_SIM_4638,MATCH003,1,0,FAILED,FILE_LOCK,2026-07-13 04:30:12,46
TXN00004594,FAN_SIM_4593,MATCH003,1,0,FAILED,FILE_LOCK,2026-07-13 04:30:12,49
TXN00004640,FAN_SIM_4639,MATCH003,1,0,FAILED,FILE_LOCK,2026-07-13 04:30:12,46
TXN00004635,FAN_SIM_4634,MATCH003,1,0,FAILED,FILE_LOCK,2026-07-13 04:30:12,46
TXN00004629,FAN_SIM_4628,MATCH003,1,0,FAILED,FILE_LOCK,2026-07-13 04:30:12,46
TXN00004650,FAN_SIM_4648,MATCH003,1,0,FAILED,FILE_LOCK,2026-07-13 04:30:12,45
TXN00004636,FAN_SIM_4635,MATCH003,1,0,FAILED,FILE_LOCK,2026-07-13 04:30:12,46
TXN00004625,FAN_SIM_4624,MATCH003,1,0,FAILED,FILE_LOCK,2026-07-13 04:30:12,46
TXN00004644,FAN_SIM_4642,MATCH003,1,0,FAILED,FILE_LOCK,2026-07-13 04:30:12,46
TXN00004634,FAN_SIM_4633,MATCH003,1,0,FAILED,FILE_LOCK,2026-07-13 04:30:12,46
TXN00004615,FAN_SIM_4614,MATCH003,1,0,FAILED,FILE_LOCK,2026-07-13 04:30:12,46
TXN00004622,FAN_SIM_4621,MATCH003,1,0,FAILED,FILE_LOCK,2026-07-13 04:30:12,46
TXN00004645,FAN_SIM_4644,MATCH003,1,0,FAILED,FILE_LOCK,2026-07-13 04:30:12,46
TXN00004648,FAN_SIM_4647,MATCH003,1,0,FAILED,FILE_LOCK,2026-07-13 04:30:12,45
TXN00004649,FAN_SIM_4649,MATCH003,1,0,FAILED,FILE_LOCK,2026-07-13 04:30:12,45
TXN00004651,FAN_SIM_4650,MATCH003,1,0,FAILED,FILE_LOCK,2026-07-13 04:30:12,44
TXN00004643,FAN_SIM_4643,MATCH003,1,0,FAILED,FILE_LOCK,2026-07-13 04:30:12,46
TXN00004647,FAN_SIM_4646,MATCH003,1,0,FAILED,FILE_LOCK,2026-07-13 04:30:12,46
TXN00004641,FAN_SIM_4640,MATCH003,1,0,FAILED,FILE_LOCK,2026-07-13 04:30:12,46
TXN00004606,FAN_SIM_4605,MATCH003,1,0,FAILED,FILE_LOCK,2026-07-13 04:30:12,47
TXN00004618,FAN_SIM_4617,MATCH003,1,0,FAILED,FILE_LOCK,2026-07-13 04:30:12,46
TXN00004624,FAN_SIM_4623,MATCH003,1,0,FAILED,FILE_LOCK,2026-07-13 04:30:12,47
TXN00004596,FAN_SIM_4595,MATCH003,1,0,FAILED,FILE_LOCK,2026-07-13 04:30:12,49
TXN00004628,FAN_SIM_4627,MATCH003,1,0,FAILED,FILE_LOCK,2026-07-13 04:30:12,46
TXN00004589,FAN_SIM_4588,MATCH003,1,500000,FAILED,FILE_LOCK,2026-07-13 04:30:12,55
TXN00004614,FAN_SIM_4613,MATCH003,1,0,FAILED,FILE_LOCK,2026-07-13 04:30:12,47
TXN00004588,FAN_SIM_4587,MATCH003,1,0,FAILED,FILE_LOCK,2026-07-13 04:30:12,54
TXN00004617,FAN_SIM_4616,MATCH003,1,0,FAILED,FILE_LOCK,2026-07-13 04:30:12,47
TXN00004592,FAN_SIM_4591,MATCH003,1,0,FAILED,FILE_LOCK,2026-07-13 04:30:12,52
TXN00004610,FAN_SIM_4609,MATCH003,1,0,FAILED,FILE_LOCK,2026-07-13 04:30:12,48
TXN00004630,FAN_SIM_4629,MATCH003,1,0,FAILED,FILE_LOCK,2026-07-13 04:30:12,47
TXN00004600,FAN_SIM_4600,MATCH003,1,0,FAILED,FILE_LOCK,2026-07-13 04:30:12,48
TXN00004612,FAN_SIM_4611,MATCH003,1,0,FAILED,FILE_LOCK,2026-07-13 04:30:12,47
TXN00004616,FAN_SIM_4615,MATCH003,1,0,FAILED,FILE_LOCK,2026-07-13 04:30:12,47
TXN00004603,FAN_SIM_4602,MATCH003,1,0,FAILED,FILE_LOCK,2026-07-13 04:30:12,48
TXN00004626,FAN_SIM_4625,MATCH003,1,0,FAILED,FILE_LOCK,2026-07-13 04:30:12,47
TXN00004631,FAN_SIM_4630,MATCH003,1,0,FAILED,FILE_LOCK,2026-07-13 04:30:12,47
TXN00004591,FAN_SIM_4590,MATCH003,1,0,FAILED,FILE_LOCK,2026-07-13 04:30:12,53
TXN00004620,FAN_SIM_4619,MATCH003,1,0,FAILED,FILE_LOCK,2026-07-13 04:30:12,47
TXN00004590,FAN_SIM_4589,MATCH003,1,0,FAILED,FILE_LOCK,2026-07-13 04:30:12,53
TXN00004633,FAN_SIM_4632,MATCH003,1,0,FAILED,FILE_LOCK,2026-07-13 04:30:12,46
TXN00004619,FAN_SIM_4618,MATCH003,1,0,FAILED,FILE_LOCK,2026-07-13 04:30:12,46
TXN00004646,FAN_SIM_4645,MATCH003,1,0,FAILED,FILE_LOCK,2026-07-13 04:30:12,46
TXN00004598,FAN_SIM_4597,MATCH003,1,0,FAILED,FILE_LOCK,2026-07-13 04:30:12,48
TXN00004613,FAN_SIM_4612,MATCH003,1,0,FAILED,FILE_LOCK,2026-07-13 04:30:12,47
TXN00004605,FAN_SIM_4604,MATCH003,1,0,FAILED,FILE_LOCK,2026-07-13 04:30:12,47
TXN00004608,FAN_SIM_4607,MATCH003,1,0,FAILED,FILE_LOCK,2026-07-13 04:30:12,48
TXN00004607,FAN_SIM_4606,MATCH003,1,0,FAILED,FILE_LOCK,2026-07-13 04:30:12,48
TXN00004609,FAN_SIM_4608,MATCH003,1,0,FAILED,FILE_LOCK,2026-07-13 04:30:12,48
TXN00004601,FAN_SIM_4599,MATCH003,1,0,FAILED,FILE_LOCK,2026-07-13 04:30:12,48
TXN00004602,FAN_SIM_4601,MATCH003,1,0,FAILED,FILE_LOCK,2026-07-13 04:30:12,48
TXN00004627,FAN_SIM_4626,MATCH003,1,0,FAILED,FILE_LOCK,2026-07-13 04:30:12,47
TXN00004621,FAN_SIM_4620,MATCH003,1,0,FAILED,FILE_LOCK,2026-07-13 04:30:12,46
TXN00004595,FAN_SIM_4594,MATCH003,1,0,FAILED,FILE_LOCK,2026-07-13 04:30:12,49
TXN00004642,FAN_SIM_4641,MATCH003,1,0,FAILED,FILE_LOCK,2026-07-13 04:30:12,46
TXN00004638,FAN_SIM_4637,MATCH003,1,0,FAILED,FILE_LOCK,2026-07-13 04:30:12,47
TXN00004597,FAN_SIM_4596,MATCH003,1,0,FAILED,FILE_LOCK,2026-07-13 04:30:12,48
TXN00004604,FAN_SIM_4603,MATCH003,1,0,FAILED,FILE_LOCK,2026-07-13 04:30:12,48
TXN00004593,FAN_SIM_4592,MATCH003,1,0,FAILED,FILE_LOCK,2026-07-13 04:30:12,52
TXN00004611,FAN_SIM_4610,MATCH003,1,0,FAILED,FILE_LOCK,2026-07-13 04:30:12,48
TXN00004623,FAN_SIM_4622,MATCH003,1,0,FAILED,FILE_LOCK,2026-07-13 04:30:12,46
TXN00004599,FAN_SIM_4598,MATCH003,1,0,FAILED,FILE_LOCK,2026-07-13 04:30:12,48
TXN00004655,FAN_SIM_4654,MATCH003,1,500000,FAILED,FILE_LOCK,2026-07-13 04:30:12,71
TXN00004716,FAN_SIM_4715,MATCH003,1,0,FAILED,FILE_LOCK,2026-07-13 04:30:12,0
TXN00004684,FAN_SIM_4683,MATCH003,1,0,FAILED,FILE_LOCK,2026-07-13 04:30:12,76
TXN00004714,FAN_SIM_4713,MATCH003,1,0,FAILED,FILE_LOCK,2026-07-13 04:30:12,75
TXN00004709,FAN_SIM_4709,MATCH003,1,0,FAILED,FILE_LOCK,2026-07-13 04:30:12,75
TXN00004700,FAN_SIM_4700,MATCH003,1,0,FAILED,FILE_LOCK,2026-07-13 04:30:12,75
TXN00004653,FAN_SIM_4652,MATCH003,1,500000,FAILED,FILE_LOCK,2026-07-13 04:30:12,72
TXN00004682,FAN_SIM_4681,MATCH003,1,0,FAILED,FILE_LOCK,2026-07-13 04:30:12,76
TXN00004711,FAN_SIM_4710,MATCH003,1,0,FAILED,FILE_LOCK,2026-07-13 04:30:12,75
TXN00004713,FAN_SIM_4712,MATCH003,1,0,FAILED,FILE_LOCK,2026-07-13 04:30:12,75
TXN00004681,FAN_SIM_4680,MATCH003,1,0,FAILED,FILE_LOCK,2026-07-13 04:30:12,76
TXN00004703,FAN_SIM_4703,MATCH003,1,0,FAILED,FILE_LOCK,2026-07-13 04:30:12,75
TXN00004692,FAN_SIM_4691,MATCH003,1,0,FAILED,FILE_LOCK,2026-07-13 04:30:12,77
TXN00004670,FAN_SIM_4669,MATCH003,1,0,FAILED,FILE_LOCK,2026-07-13 04:30:12,78
TXN00004678,FAN_SIM_4677,MATCH003,1,0,FAILED,FILE_LOCK,2026-07-13 04:30:12,77
TXN00004707,FAN_SIM_4706,MATCH003,1,0,FAILED,FILE_LOCK,2026-07-13 04:30:12,76
TXN00004683,FAN_SIM_4682,MATCH003,1,0,FAILED,FILE_LOCK,2026-07-13 04:30:12,77
TXN00004675,FAN_SIM_4674,MATCH003,1,0,FAILED,FILE_LOCK,2026-07-13 04:30:12,78
TXN00004680,FAN_SIM_4679,MATCH003,1,0,FAILED,FILE_LOCK,2026-07-13 04:30:12,77
TXN00004698,FAN_SIM_4698,MATCH003,1,0,FAILED,FILE_LOCK,2026-07-13 04:30:12,76
TXN00004693,FAN_SIM_4692,MATCH003,1,0,FAILED,FILE_LOCK,2026-07-13 04:30:12,77
TXN00004712,FAN_SIM_4711,MATCH003,1,0,FAILED,FILE_LOCK,2026-07-13 04:30:12,76
TXN00004694,FAN_SIM_4694,MATCH003,1,0,FAILED,FILE_LOCK,2026-07-13 04:30:12,76
TXN00004686,FAN_SIM_4685,MATCH003,1,0,FAILED,FILE_LOCK,2026-07-13 04:30:12,77
TXN00004688,FAN_SIM_4687,MATCH003,1,0,FAILED,FILE_LOCK,2026-07-13 04:30:12,77
TXN00004676,FAN_SIM_4675,MATCH003,1,0,FAILED,FILE_LOCK,2026-07-13 04:30:12,77
TXN00004702,FAN_SIM_4702,MATCH003,1,0,FAILED,FILE_LOCK,2026-07-13 04:30:12,76
TXN00004696,FAN_SIM_4696,MATCH003,1,0,FAILED,FILE_LOCK,2026-07-13 04:30:12,76
TXN00004662,FAN_SIM_4661,MATCH003,1,0,FAILED,FILE_LOCK,2026-07-13 04:30:12,92
TXN00004687,FAN_SIM_4686,MATCH003,1,0,FAILED,FILE_LOCK,2026-07-13 04:30:12,77
TXN00004695,FAN_SIM_4693,MATCH003,1,0,FAILED,FILE_LOCK,2026-07-13 04:30:12,76
TXN00004705,FAN_SIM_4705,MATCH003,1,0,FAILED,FILE_LOCK,2026-07-13 04:30:12,76
TXN00004674,FAN_SIM_4673,MATCH003,1,0,FAILED,FILE_LOCK,2026-07-13 04:30:12,79
TXN00004657,FAN_SIM_4656,MATCH003,1,0,FAILED,FILE_LOCK,2026-07-13 04:30:12,94
TXN00004659,FAN_SIM_4658,MATCH003,1,0,FAILED,FILE_LOCK,2026-07-13 04:30:12,93
TXN00004654,FAN_SIM_4653,MATCH003,1,0,FAILED,FILE_LOCK,2026-07-13 04:30:12,94
TXN00004672,FAN_SIM_4671,MATCH003,1,0,FAILED,FILE_LOCK,2026-07-13 04:30:12,79
TXN00004699,FAN_SIM_4699,MATCH003,1,0,FAILED,FILE_LOCK,2026-07-13 04:30:12,77
TXN00004671,FAN_SIM_4670,MATCH003,1,0,FAILED,FILE_LOCK,2026-07-13 04:30:12,79
TXN00004710,FAN_SIM_4695,MATCH003,1,0,FAILED,FILE_LOCK,2026-07-13 04:30:12,77
TXN00004715,FAN_SIM_4714,MATCH003,1,0,FAILED,FILE_LOCK,2026-07-13 04:30:12,77
TXN00004665,FAN_SIM_4664,MATCH003,1,0,FAILED,FILE_LOCK,2026-07-13 04:30:12,92
TXN00004666,FAN_SIM_4665,MATCH003,1,0,FAILED,FILE_LOCK,2026-07-13 04:30:12,92
TXN00004652,FAN_SIM_4651,MATCH003,1,0,FAILED,FILE_LOCK,2026-07-13 04:30:12,95
TXN00004685,FAN_SIM_4684,MATCH003,1,0,FAILED,FILE_LOCK,2026-07-13 04:30:12,78
TXN00004663,FAN_SIM_4662,MATCH003,1,0,FAILED,FILE_LOCK,2026-07-13 04:30:12,92
TXN00004679,FAN_SIM_4678,MATCH003,1,0,FAILED,FILE_LOCK,2026-07-13 04:30:12,78
TXN00004677,FAN_SIM_4676,MATCH003,1,0,FAILED,FILE_LOCK,2026-07-13 04:30:12,78
TXN00004658,FAN_SIM_4657,MATCH003,1,500000,FAILED,FILE_LOCK,2026-07-13 04:30:12,94
TXN00004667,FAN_SIM_4666,MATCH003,1,0,FAILED,FILE_LOCK,2026-07-13 04:30:12,91
TXN00004704,FAN_SIM_4704,MATCH003,1,0,FAILED,FILE_LOCK,2026-07-13 04:30:12,77
TXN00004719,FAN_SIM_4718,MATCH003,1,0,FAILED,FILE_LOCK,2026-07-13 04:30:12,3
TXN00004717,FAN_SIM_4716,MATCH003,1,0,FAILED,FILE_LOCK,2026-07-13 04:30:12,22
TXN00004720,FAN_SIM_4719,MATCH003,1,0,FAILED,FILE_LOCK,2026-07-13 04:30:12,2
TXN00004706,FAN_SIM_4707,MATCH003,1,0,FAILED,FILE_LOCK,2026-07-13 04:30:12,77
TXN00004689,FAN_SIM_4688,MATCH003,1,0,FAILED,FILE_LOCK,2026-07-13 04:30:12,78
TXN00004701,FAN_SIM_4701,MATCH003,1,0,FAILED,FILE_LOCK,2026-07-13 04:30:12,77
TXN00004691,FAN_SIM_4690,MATCH003,1,0,FAILED,FILE_LOCK,2026-07-13 04:30:12,78
TXN00004673,FAN_SIM_4672,MATCH003,1,0,FAILED,FILE_LOCK,2026-07-13 04:30:12,80
TXN00004697,FAN_SIM_4697,MATCH003,1,0,FAILED,FILE_LOCK,2026-07-13 04:30:12,77
TXN00004690,FAN_SIM_4689,MATCH003,1,0,FAILED,FILE_LOCK,2026-07-13 04:30:12,78
TXN00004723,FAN_SIM_4722,MATCH003,1,0,FAILED,FILE_LOCK,2026-07-13 04:30:12,1
TXN00004722,FAN_SIM_4721,MATCH003,1,0,FAILED,FILE_LOCK,2026-07-13 04:30:12,1
TXN00004708,FAN_SIM_4708,MATCH003,1,0,FAILED,FILE_LOCK,2026-07-13 04:30:12,77
TXN00004725,FAN_SIM_4724,MATCH003,1,0,FAILED,FILE_LOCK,2026-07-13 04:30:12,1
TXN00004721,FAN_SIM_4720,MATCH003,1,0,FAILED,FILE_LOCK,2026-07-13 04:30:12,2
TXN00004669,FAN_SIM_4668,MATCH003,1,0,FAILED,FILE_LOCK,2026-07-13 04:30:12,79
TXN00004718,FAN_SIM_4717,MATCH003,1,0,FAILED,FILE_LOCK,2026-07-13 04:30:12,1
TXN00004730,FAN_SIM_4729,MATCH003,1,0,FAILED,FILE_LOCK,2026-07-13 04:30:12,1
TXN00004661,FAN_SIM_4660,MATCH003,1,500000,FAILED,FILE_LOCK,2026-07-13 04:30:12,97
TXN00004729,FAN_SIM_4728,MATCH003,1,0,FAILED,FILE_LOCK,2026-07-13 04:30:12,1
TXN00004664,FAN_SIM_4663,MATCH003,1,500000,FAILED,FILE_LOCK,2026-07-13 04:30:12,96
TXN00004731,FAN_SIM_4730,MATCH003,1,0,FAILED,FILE_LOCK,2026-07-13 04:30:12,1
TXN00004668,FAN_SIM_4667,MATCH003,1,500000,FAILED,FILE_LOCK,2026-07-13 04:30:12,95
TXN00004660,FAN_SIM_4659,MATCH003,1,500000,FAILED,FILE_LOCK,2026-07-13 04:30:12,97
TXN00004656,FAN_SIM_4655,MATCH003,1,500000,FAILED,FILE_LOCK,2026-07-13 04:30:12,98
TXN00004724,FAN_SIM_4723,MATCH003,1,0,FAILED,FILE_LOCK,2026-07-13 04:30:12,2
TXN00004726,FAN_SIM_4725,MATCH003,1,0,FAILED,FILE_LOCK,2026-07-13 04:30:12,2
TXN00004728,FAN_SIM_4727,MATCH003,1,0,FAILED,FILE_LOCK,2026-07-13 04:30:12,1
TXN00004727,FAN_SIM_4726,MATCH003,1,0,FAILED,FILE_LOCK,2026-07-13 04:30:12,1
TXN00004770,FAN_SIM_4769,MATCH003,1,0,FAILED,FILE_LOCK,2026-07-13 04:30:12,64
TXN00004777,FAN_SIM_4774,MATCH003,1,0,FAILED,FILE_LOCK,2026-07-13 04:30:12,64
TXN00004750,FAN_SIM_4749,MATCH003,1,0,FAILED,FILE_LOCK,2026-07-13 04:30:12,65
TXN00004778,FAN_SIM_4777,MATCH003,1,0,FAILED,FILE_LOCK,2026-07-13 04:30:12,64
TXN00004774,FAN_SIM_4773,MATCH003,1,0,FAILED,FILE_LOCK,2026-07-13 04:30:12,64
TXN00004746,FAN_SIM_4745,MATCH003,1,0,FAILED,FILE_LOCK,2026-07-13 04:30:12,66
TXN00004772,FAN_SIM_4771,MATCH003,1,0,FAILED,FILE_LOCK,2026-07-13 04:30:12,65
TXN00004752,FAN_SIM_4751,MATCH003,1,0,FAILED,FILE_LOCK,2026-07-13 04:30:12,66
TXN00004742,FAN_SIM_4741,MATCH003,1,0,FAILED,FILE_LOCK,2026-07-13 04:30:12,67
TXN00004780,FAN_SIM_4779,MATCH003,1,0,FAILED,FILE_LOCK,2026-07-13 04:30:12,64
TXN00004757,FAN_SIM_4756,MATCH003,1,0,FAILED,FILE_LOCK,2026-07-13 04:30:12,66
TXN00004779,FAN_SIM_4778,MATCH003,1,0,FAILED,FILE_LOCK,2026-07-13 04:30:12,64
TXN00004755,FAN_SIM_4754,MATCH003,1,0,FAILED,FILE_LOCK,2026-07-13 04:30:12,66
TXN00004785,FAN_SIM_4784,MATCH003,1,0,FAILED,FILE_LOCK,2026-07-13 04:30:12,64
TXN00004751,FAN_SIM_4750,MATCH003,1,0,FAILED,FILE_LOCK,2026-07-13 04:30:12,66
TXN00004789,FAN_SIM_4788,MATCH003,1,0,FAILED,FILE_LOCK,2026-07-13 04:30:12,64
TXN00004773,FAN_SIM_4772,MATCH003,1,0,FAILED,FILE_LOCK,2026-07-13 04:30:12,64
TXN00004749,FAN_SIM_4748,MATCH003,1,0,FAILED,FILE_LOCK,2026-07-13 04:30:12,66
TXN00004748,FAN_SIM_4747,MATCH003,1,0,FAILED,FILE_LOCK,2026-07-13 04:30:12,67
TXN00004768,FAN_SIM_4767,MATCH003,1,0,FAILED,FILE_LOCK,2026-07-13 04:30:12,65
TXN00004734,FAN_SIM_4733,MATCH003,1,0,FAILED,FILE_LOCK,2026-07-13 04:30:12,69
TXN00004769,FAN_SIM_4768,MATCH003,1,0,FAILED,FILE_LOCK,2026-07-13 04:30:12,65
TXN00004761,FAN_SIM_4760,MATCH003,1,0,FAILED,FILE_LOCK,2026-07-13 04:30:12,65
TXN00004740,FAN_SIM_4739,MATCH003,1,0,FAILED,FILE_LOCK,2026-07-13 04:30:12,68
TXN00004736,FAN_SIM_4735,MATCH003,1,0,FAILED,FILE_LOCK,2026-07-13 04:30:12,69
TXN00004791,FAN_SIM_4790,MATCH003,1,0,FAILED,FILE_LOCK,2026-07-13 04:30:12,65
TXN00004753,FAN_SIM_4752,MATCH003,1,0,FAILED,FILE_LOCK,2026-07-13 04:30:12,67
TXN00004787,FAN_SIM_4786,MATCH003,1,0,FAILED,FILE_LOCK,2026-07-13 04:30:12,65
TXN00004735,FAN_SIM_4734,MATCH003,1,0,FAILED,FILE_LOCK,2026-07-13 04:30:12,69
TXN00004767,FAN_SIM_4766,MATCH003,1,0,FAILED,FILE_LOCK,2026-07-13 04:30:12,66
TXN00004739,FAN_SIM_4738,MATCH003,1,0,FAILED,FILE_LOCK,2026-07-13 04:30:12,68
TXN00004741,FAN_SIM_4740,MATCH003,1,0,FAILED,FILE_LOCK,2026-07-13 04:30:12,68
TXN00004738,FAN_SIM_4737,MATCH003,1,0,FAILED,FILE_LOCK,2026-07-13 04:30:12,68
TXN00004771,FAN_SIM_4770,MATCH003,1,0,FAILED,FILE_LOCK,2026-07-13 04:30:12,66
TXN00004793,FAN_SIM_4792,MATCH003,1,0,FAILED,FILE_LOCK,2026-07-13 04:30:12,64
TXN00004775,FAN_SIM_4775,MATCH003,1,0,FAILED,FILE_LOCK,2026-07-13 04:30:12,65
TXN00004762,FAN_SIM_4761,MATCH003,1,0,FAILED,FILE_LOCK,2026-07-13 04:30:12,66
TXN00004765,FAN_SIM_4764,MATCH003,1,500000,FAILED,FILE_LOCK,2026-07-13 04:30:12,67
TXN00004744,FAN_SIM_4743,MATCH003,1,0,FAILED,FILE_LOCK,2026-07-13 04:30:12,68
TXN00004733,FAN_SIM_4732,MATCH003,1,500000,FAILED,FILE_LOCK,2026-07-13 04:30:12,72
TXN00004786,FAN_SIM_4785,MATCH003,1,0,FAILED,FILE_LOCK,2026-07-13 04:30:12,65
TXN00004759,FAN_SIM_4758,MATCH003,1,500000,FAILED,FILE_LOCK,2026-07-13 04:30:12,67
TXN00004788,FAN_SIM_4787,MATCH003,1,0,FAILED,FILE_LOCK,2026-07-13 04:30:12,65
TXN00004766,FAN_SIM_4765,MATCH003,1,0,FAILED,FILE_LOCK,2026-07-13 04:30:12,66
TXN00004783,FAN_SIM_4782,MATCH003,1,0,FAILED,FILE_LOCK,2026-07-13 04:30:12,65
TXN00004790,FAN_SIM_4789,MATCH003,1,0,FAILED,FILE_LOCK,2026-07-13 04:30:12,65
TXN00004782,FAN_SIM_4781,MATCH003,1,0,FAILED,FILE_LOCK,2026-07-13 04:30:12,65
TXN00004794,FAN_SIM_4793,MATCH003,1,0,FAILED,FILE_LOCK,2026-07-13 04:30:12,64
TXN00004743,FAN_SIM_4742,MATCH003,1,0,FAILED,FILE_LOCK,2026-07-13 04:30:12,68
TXN00004760,FAN_SIM_4759,MATCH003,1,0,FAILED,FILE_LOCK,2026-07-13 04:30:12,66
TXN00004732,FAN_SIM_4731,MATCH003,1,0,FAILED,FILE_LOCK,2026-07-13 04:30:12,72
TXN00004784,FAN_SIM_4783,MATCH003,1,0,FAILED,FILE_LOCK,2026-07-13 04:30:12,65
TXN00004737,FAN_SIM_4736,MATCH003,1,0,FAILED,FILE_LOCK,2026-07-13 04:30:12,69
TXN00004763,FAN_SIM_4762,MATCH003,1,0,FAILED,FILE_LOCK,2026-07-13 04:30:12,67
TXN00004792,FAN_SIM_4791,MATCH003,1,0,FAILED,FILE_LOCK,2026-07-13 04:30:12,64
TXN00004795,FAN_SIM_4794,MATCH003,1,0,FAILED,FILE_LOCK,2026-07-13 04:30:12,64
TXN00004754,FAN_SIM_4753,MATCH003,1,0,FAILED,FILE_LOCK,2026-07-13 04:30:12,67
TXN00004781,FAN_SIM_4780,MATCH003,1,0,FAILED,FILE_LOCK,2026-07-13 04:30:12,65
TXN00004745,FAN_SIM_4744,MATCH003,1,0,FAILED,FILE_LOCK,2026-07-13 04:30:12,68
TXN00004796,FAN_SIM_4795,MATCH003,1,0,FAILED,FILE_LOCK,2026-07-13 04:30:12,1
TXN00004800,FAN_SIM_4799,MATCH003,1,0,FAILED,FILE_LOCK,2026-07-13 04:30:12,4
TXN00004747,FAN_SIM_4746,MATCH003,1,500000,FAILED,FILE_LOCK,2026-07-13 04:30:12,74
TXN00004802,FAN_SIM_4801,MATCH003,1,0,FAILED,FILE_LOCK,2026-07-13 04:30:12,4
TXN00004797,FAN_SIM_4796,MATCH003,1,0,FAILED,FILE_LOCK,2026-07-13 04:30:12,5
TXN00004804,FAN_SIM_4803,MATCH003,1,0,FAILED,FILE_LOCK,2026-07-13 04:30:12,4
TXN00004801,FAN_SIM_4800,MATCH003,1,0,FAILED,FILE_LOCK,2026-07-13 04:30:12,4
TXN00004805,FAN_SIM_4804,MATCH003,1,0,FAILED,FILE_LOCK,2026-07-13 04:30:12,4
TXN00004803,FAN_SIM_4802,MATCH003,1,0,FAILED,FILE_LOCK,2026-07-13 04:30:12,4
TXN00004758,FAN_SIM_4757,MATCH003,1,500000,FAILED,FILE_LOCK,2026-07-13 04:30:12,72
TXN00004810,FAN_SIM_4821,MATCH003,1,0,FAILED,FILE_LOCK,2026-07-13 04:30:12,1
TXN00004813,FAN_SIM_4815,MATCH003,1,0,FAILED,FILE_LOCK,2026-07-13 04:30:12,1
TXN00004808,FAN_SIM_4812,MATCH003,1,0,FAILED,FILE_LOCK,2026-07-13 04:30:12,1
TXN00004807,FAN_SIM_4820,MATCH003,1,0,FAILED,FILE_LOCK,2026-07-13 04:30:12,1
TXN00004756,FAN_SIM_4755,MATCH003,1,500000,FAILED,FILE_LOCK,2026-07-13 04:30:12,74
TXN00004815,FAN_SIM_4806,MATCH003,1,0,FAILED,FILE_LOCK,2026-07-13 04:30:12,2
TXN00004776,FAN_SIM_4776,MATCH003,1,500000,FAILED,FILE_LOCK,2026-07-13 04:30:12,72
TXN00004809,FAN_SIM_4819,MATCH003,1,0,FAILED,FILE_LOCK,2026-07-13 04:30:12,1
TXN00004823,FAN_SIM_4822,MATCH003,1,0,FAILED,FILE_LOCK,2026-07-13 04:30:12,2
TXN00004821,FAN_SIM_4811,MATCH003,1,0,FAILED,FILE_LOCK,2026-07-13 04:30:12,2
TXN00004812,FAN_SIM_4818,MATCH003,1,0,FAILED,FILE_LOCK,2026-07-13 04:30:12,2
TXN00004814,FAN_SIM_4817,MATCH003,1,0,FAILED,FILE_LOCK,2026-07-13 04:30:12,2
TXN00004811,FAN_SIM_4816,MATCH003,1,0,FAILED,FILE_LOCK,2026-07-13 04:30:12,2
TXN00004798,FAN_SIM_4797,MATCH003,1,0,FAILED,FILE_LOCK,2026-07-13 04:30:12,6
TXN00004817,FAN_SIM_4814,MATCH003,1,0,FAILED,FILE_LOCK,2026-07-13 04:30:12,2
TXN00004822,FAN_SIM_4807,MATCH003,1,0,FAILED,FILE_LOCK,2026-07-13 04:30:12,2
TXN00004764,FAN_SIM_4763,MATCH003,1,500000,FAILED,FILE_LOCK,2026-07-13 04:30:12,72
TXN00004820,FAN_SIM_4809,MATCH003,1,0,FAILED,FILE_LOCK,2026-07-13 04:30:12,1
TXN00004818,FAN_SIM_4810,MATCH003,1,0,FAILED,FILE_LOCK,2026-07-13 04:30:12,2
TXN00004816,FAN_SIM_4805,MATCH003,1,0,FAILED,FILE_LOCK,2026-07-13 04:30:12,1
TXN00004799,FAN_SIM_4798,MATCH003,1,0,FAILED,FILE_LOCK,2026-07-13 04:30:12,5
TXN00004806,FAN_SIM_4808,MATCH003,1,0,FAILED,FILE_LOCK,2026-07-13 04:30:12,1
TXN00004819,FAN_SIM_4813,MATCH003,1,0,FAILED,FILE_LOCK,2026-07-13 04:30:12,2
TXN00004824,FAN_SIM_4823,MATCH003,1,500000,FAILED,FILE_LOCK,2026-07-13 04:30:12,59
TXN00004826,FAN_SIM_4825,MATCH003,1,500000,FAILED,FILE_LOCK,2026-07-13 04:30:12,59
TXN00004828,FAN_SIM_4827,MATCH003,1,500000,FAILED,FILE_LOCK,2026-07-13 04:30:12,57
TXN00004889,FAN_SIM_4888,MATCH003,1,0,FAILED,FILE_LOCK,2026-07-13 04:30:12,0
TXN00004850,FAN_SIM_4849,MATCH003,1,0,FAILED,FILE_LOCK,2026-07-13 04:30:12,71
TXN00004861,FAN_SIM_4861,MATCH003,1,0,FAILED,FILE_LOCK,2026-07-13 04:30:12,70
TXN00004888,FAN_SIM_4887,MATCH003,1,0,FAILED,FILE_LOCK,2026-07-13 04:30:12,1
TXN00004849,FAN_SIM_4848,MATCH003,1,0,FAILED,FILE_LOCK,2026-07-13 04:30:12,71
TXN00004859,FAN_SIM_4858,MATCH003,1,0,FAILED,FILE_LOCK,2026-07-13 04:30:12,70
TXN00004851,FAN_SIM_4850,MATCH003,1,0,FAILED,FILE_LOCK,2026-07-13 04:30:12,72
TXN00004842,FAN_SIM_4841,MATCH003,1,0,FAILED,FILE_LOCK,2026-07-13 04:30:12,72
TXN00004879,FAN_SIM_4884,MATCH003,1,0,FAILED,FILE_LOCK,2026-07-13 04:30:12,35
TXN00004854,FAN_SIM_4853,MATCH003,1,0,FAILED,FILE_LOCK,2026-07-13 04:30:12,71
TXN00004855,FAN_SIM_4854,MATCH003,1,0,FAILED,FILE_LOCK,2026-07-13 04:30:12,70
TXN00004853,FAN_SIM_4852,MATCH003,1,0,FAILED,FILE_LOCK,2026-07-13 04:30:12,71
TXN00004847,FAN_SIM_4846,MATCH003,1,0,FAILED,FILE_LOCK,2026-07-13 04:30:12,71
TXN00004829,FAN_SIM_4828,MATCH003,1,0,FAILED,FILE_LOCK,2026-07-13 04:30:12,74
TXN00004857,FAN_SIM_4856,MATCH003,1,0,FAILED,FILE_LOCK,2026-07-13 04:30:12,71
TXN00004883,FAN_SIM_4886,MATCH003,1,0,FAILED,FILE_LOCK,2026-07-13 04:30:12,32
TXN00004848,FAN_SIM_4847,MATCH003,1,0,FAILED,FILE_LOCK,2026-07-13 04:30:12,72
TXN00004852,FAN_SIM_4851,MATCH003,1,0,FAILED,FILE_LOCK,2026-07-13 04:30:12,72
TXN00004873,FAN_SIM_4872,MATCH003,1,0,FAILED,FILE_LOCK,2026-07-13 04:30:12,67
TXN00004863,FAN_SIM_4860,MATCH003,1,0,FAILED,FILE_LOCK,2026-07-13 04:30:12,71
TXN00004886,FAN_SIM_4881,MATCH003,1,0,FAILED,FILE_LOCK,2026-07-13 04:30:12,35
TXN00004825,FAN_SIM_4824,MATCH003,1,0,FAILED,FILE_LOCK,2026-07-13 04:30:12,75
TXN00004839,FAN_SIM_4838,MATCH003,1,0,FAILED,FILE_LOCK,2026-07-13 04:30:12,72
TXN00004881,FAN_SIM_4882,MATCH003,1,0,FAILED,FILE_LOCK,2026-07-13 04:30:12,35
TXN00004867,FAN_SIM_4866,MATCH003,1,0,FAILED,FILE_LOCK,2026-07-13 04:30:12,71
TXN00004838,FAN_SIM_4837,MATCH003,1,0,FAILED,FILE_LOCK,2026-07-13 04:30:12,72
TXN00004841,FAN_SIM_4840,MATCH003,1,0,FAILED,FILE_LOCK,2026-07-13 04:30:12,72
TXN00004858,FAN_SIM_4857,MATCH003,1,0,FAILED,FILE_LOCK,2026-07-13 04:30:12,71
TXN00004856,FAN_SIM_4855,MATCH003,1,0,FAILED,FILE_LOCK,2026-07-13 04:30:12,71
TXN00004830,FAN_SIM_4829,MATCH003,1,500000,FAILED,FILE_LOCK,2026-07-13 04:30:12,75
TXN00004874,FAN_SIM_4873,MATCH003,1,0,FAILED,FILE_LOCK,2026-07-13 04:30:12,66
TXN00004831,FAN_SIM_4830,MATCH003,1,500000,FAILED,FILE_LOCK,2026-07-13 04:30:12,75
TXN00004871,FAN_SIM_4870,MATCH003,1,0,FAILED,FILE_LOCK,2026-07-13 04:30:12,68
TXN00004865,FAN_SIM_4864,MATCH003,1,0,FAILED,FILE_LOCK,2026-07-13 04:30:12,71
TXN00004843,FAN_SIM_4842,MATCH003,1,0,FAILED,FILE_LOCK,2026-07-13 04:30:12,72
TXN00004884,FAN_SIM_4878,MATCH003,1,0,FAILED,FILE_LOCK,2026-07-13 04:30:12,35
TXN00004840,FAN_SIM_4839,MATCH003,1,0,FAILED,FILE_LOCK,2026-07-13 04:30:12,72
TXN00004870,FAN_SIM_4869,MATCH003,1,0,FAILED,FILE_LOCK,2026-07-13 04:30:12,71
TXN00004864,FAN_SIM_4863,MATCH003,1,0,FAILED,FILE_LOCK,2026-07-13 04:30:12,71
TXN00004868,FAN_SIM_4867,MATCH003,1,0,FAILED,FILE_LOCK,2026-07-13 04:30:12,72
TXN00004866,FAN_SIM_4865,MATCH003,1,0,FAILED,FILE_LOCK,2026-07-13 04:30:12,71
TXN00004860,FAN_SIM_4859,MATCH003,1,0,FAILED,FILE_LOCK,2026-07-13 04:30:12,72
TXN00004869,FAN_SIM_4868,MATCH003,1,0,FAILED,FILE_LOCK,2026-07-13 04:30:12,72
TXN00004887,FAN_SIM_4879,MATCH003,1,0,FAILED,FILE_LOCK,2026-07-13 04:30:12,35
TXN00004844,FAN_SIM_4843,MATCH003,1,0,FAILED,FILE_LOCK,2026-07-13 04:30:12,73
TXN00004834,FAN_SIM_4833,MATCH003,1,0,FAILED,FILE_LOCK,2026-07-13 04:30:12,74
TXN00004875,FAN_SIM_4874,MATCH003,1,0,FAILED,FILE_LOCK,2026-07-13 04:30:12,66
TXN00004877,FAN_SIM_4876,MATCH003,1,0,FAILED,FILE_LOCK,2026-07-13 04:30:12,35
TXN00004846,FAN_SIM_4845,MATCH003,1,0,FAILED,FILE_LOCK,2026-07-13 04:30:12,72
TXN00004862,FAN_SIM_4862,MATCH003,1,0,FAILED,FILE_LOCK,2026-07-13 04:30:12,71
TXN00004845,FAN_SIM_4844,MATCH003,1,0,FAILED,FILE_LOCK,2026-07-13 04:30:12,72
TXN00004878,FAN_SIM_4877,MATCH003,1,0,FAILED,FILE_LOCK,2026-07-13 04:30:12,35
TXN00004876,FAN_SIM_4875,MATCH003,1,0,FAILED,FILE_LOCK,2026-07-13 04:30:12,65
TXN00004880,FAN_SIM_4883,MATCH003,1,0,FAILED,FILE_LOCK,2026-07-13 04:30:12,36
TXN00004872,FAN_SIM_4871,MATCH003,1,0,FAILED,FILE_LOCK,2026-07-13 04:30:12,68
TXN00004882,FAN_SIM_4885,MATCH003,1,0,FAILED,FILE_LOCK,2026-07-13 04:30:12,32
TXN00004885,FAN_SIM_4880,MATCH003,1,0,FAILED,FILE_LOCK,2026-07-13 04:30:12,35
TXN00004833,FAN_SIM_4832,MATCH003,1,500000,FAILED,FILE_LOCK,2026-07-13 04:30:12,80
TXN00004909,FAN_SIM_4908,MATCH003,1,0,FAILED,FILE_LOCK,2026-07-13 04:30:12,2
TXN00004893,FAN_SIM_4892,MATCH003,1,0,FAILED,FILE_LOCK,2026-07-13 04:30:12,5
TXN00004908,FAN_SIM_4907,MATCH003,1,0,FAILED,FILE_LOCK,2026-07-13 04:30:12,2
TXN00004894,FAN_SIM_4893,MATCH003,1,0,FAILED,FILE_LOCK,2026-07-13 04:30:12,5
TXN00004835,FAN_SIM_4834,MATCH003,1,500000,FAILED,FILE_LOCK,2026-07-13 04:30:12,80
TXN00004892,FAN_SIM_4891,MATCH003,1,0,FAILED,FILE_LOCK,2026-07-13 04:30:12,6
TXN00004897,FAN_SIM_4896,MATCH003,1,0,FAILED,FILE_LOCK,2026-07-13 04:30:12,5
TXN00004903,FAN_SIM_4902,MATCH003,1,0,FAILED,FILE_LOCK,2026-07-13 04:30:12,4
TXN00004902,FAN_SIM_4901,MATCH003,1,0,FAILED,FILE_LOCK,2026-07-13 04:30:12,4
TXN00004901,FAN_SIM_4900,MATCH003,1,0,FAILED,FILE_LOCK,2026-07-13 04:30:12,4
TXN00004890,FAN_SIM_4889,MATCH003,1,0,FAILED,FILE_LOCK,2026-07-13 04:30:12,6
TXN00004896,FAN_SIM_4895,MATCH003,1,0,FAILED,FILE_LOCK,2026-07-13 04:30:12,5
TXN00004895,FAN_SIM_4894,MATCH003,1,0,FAILED,FILE_LOCK,2026-07-13 04:30:12,5
TXN00004899,FAN_SIM_4898,MATCH003,1,0,FAILED,FILE_LOCK,2026-07-13 04:30:12,6
TXN00004836,FAN_SIM_4835,MATCH003,1,500000,FAILED,FILE_LOCK,2026-07-13 04:30:12,81
TXN00004900,FAN_SIM_4899,MATCH003,1,0,FAILED,FILE_LOCK,2026-07-13 04:30:12,5
TXN00004837,FAN_SIM_4836,MATCH003,1,500000,FAILED,FILE_LOCK,2026-07-13 04:30:12,81
TXN00004898,FAN_SIM_4897,MATCH003,1,0,FAILED,FILE_LOCK,2026-07-13 04:30:12,6
TXN00004827,FAN_SIM_4826,MATCH003,1,500000,FAILED,FILE_LOCK,2026-07-13 04:30:12,82
TXN00004907,FAN_SIM_4906,MATCH003,1,0,FAILED,FILE_LOCK,2026-07-13 04:30:12,3
TXN00004891,FAN_SIM_4890,MATCH003,1,0,FAILED,FILE_LOCK,2026-07-13 04:30:12,7
TXN00004905,FAN_SIM_4904,MATCH003,1,0,FAILED,FILE_LOCK,2026-07-13 04:30:12,4
TXN00004832,FAN_SIM_4831,MATCH003,1,500000,FAILED,FILE_LOCK,2026-07-13 04:30:12,81
TXN00004906,FAN_SIM_4905,MATCH003,1,0,FAILED,FILE_LOCK,2026-07-13 04:30:12,4
TXN00004904,FAN_SIM_4903,MATCH003,1,0,FAILED,FILE_LOCK,2026-07-13 04:30:12,5
TXN00004910,FAN_SIM_4909,MATCH003,1,0,FAILED,FILE_LOCK,2026-07-13 04:30:12,1
TXN00004955,FAN_SIM_4951,MATCH003,1,0,FAILED,FILE_LOCK,2026-07-13 04:30:13,73
TXN00004952,FAN_SIM_4952,MATCH003,1,0,FAILED,FILE_LOCK,2026-07-13 04:30:13,73
TXN00004931,FAN_SIM_4930,MATCH003,1,0,FAILED,FILE_LOCK,2026-07-13 04:30:13,74
TXN00004946,FAN_SIM_4945,MATCH003,1,0,FAILED,FILE_LOCK,2026-07-13 04:30:13,73
TXN00004954,FAN_SIM_4954,MATCH003,1,0,FAILED,FILE_LOCK,2026-07-13 04:30:13,74
TXN00004966,FAN_SIM_4965,MATCH003,1,0,FAILED,FILE_LOCK,2026-07-13 04:30:13,72
TXN00004944,FAN_SIM_4943,MATCH003,1,0,FAILED,FILE_LOCK,2026-07-13 04:30:13,73
TXN00004957,FAN_SIM_4957,MATCH003,1,0,FAILED,FILE_LOCK,2026-07-13 04:30:13,73
TXN00004926,FAN_SIM_4925,MATCH003,1,0,FAILED,FILE_LOCK,2026-07-13 04:30:13,74
TXN00004964,FAN_SIM_4963,MATCH003,1,0,FAILED,FILE_LOCK,2026-07-13 04:30:13,72
TXN00004914,FAN_SIM_4913,MATCH003,1,0,FAILED,FILE_LOCK,2026-07-13 04:30:13,76
TXN00004956,FAN_SIM_4955,MATCH003,1,0,FAILED,FILE_LOCK,2026-07-13 04:30:13,103
TXN00004967,FAN_SIM_4966,MATCH003,1,0,FAILED,FILE_LOCK,2026-07-13 04:30:13,73
TXN00004950,FAN_SIM_4949,MATCH003,1,0,FAILED,FILE_LOCK,2026-07-13 04:30:13,102
TXN00004915,FAN_SIM_4914,MATCH003,1,0,FAILED,FILE_LOCK,2026-07-13 04:30:13,129
TXN00004945,FAN_SIM_4944,MATCH003,1,0,FAILED,FILE_LOCK,2026-07-13 04:30:13,125
TXN00004923,FAN_SIM_4922,MATCH003,1,0,FAILED,FILE_LOCK,2026-07-13 04:30:13,103
TXN00004939,FAN_SIM_4938,MATCH003,1,0,FAILED,FILE_LOCK,2026-07-13 04:30:13,76
TXN00004949,FAN_SIM_4948,MATCH003,1,0,FAILED,FILE_LOCK,2026-07-13 04:30:13,130
TXN00004947,FAN_SIM_4946,MATCH003,1,0,FAILED,FILE_LOCK,2026-07-13 04:30:13,102
TXN00004979,FAN_SIM_4977,MATCH003,1,0,FAILED,FILE_LOCK,2026-07-13 04:30:13,6
TXN00004930,FAN_SIM_4929,MATCH003,1,0,FAILED,FILE_LOCK,2026-07-13 04:30:13,103
TXN00004912,FAN_SIM_4911,MATCH003,1,500000,FAILED,FILE_LOCK,2026-07-13 04:30:13,105
TXN00004937,FAN_SIM_4936,MATCH003,1,0,FAILED,FILE_LOCK,2026-07-13 04:30:13,104
TXN00004953,FAN_SIM_4953,MATCH003,1,0,FAILED,FILE_LOCK,2026-07-13 04:30:13,101
TXN00004974,FAN_SIM_4973,MATCH003,1,0,FAILED,FILE_LOCK,2026-07-13 04:30:13,100
TXN00004982,FAN_SIM_4979,MATCH003,1,0,FAILED,FILE_LOCK,2026-07-13 04:30:13,6
TXN00004976,FAN_SIM_4975,MATCH003,1,0,FAILED,FILE_LOCK,2026-07-13 04:30:13,36
TXN00004917,FAN_SIM_4916,MATCH003,1,0,FAILED,FILE_LOCK,2026-07-13 04:30:13,141
TXN00004925,FAN_SIM_4920,MATCH003,1,500000,FAILED,FILE_LOCK,2026-07-13 04:30:13,141
TXN00004980,FAN_SIM_4980,MATCH003,1,0,FAILED,FILE_LOCK,2026-07-13 04:30:13,6
TXN00004971,FAN_SIM_4970,MATCH003,1,0,FAILED,FILE_LOCK,2026-07-13 04:30:13,139
TXN00004936,FAN_SIM_4935,MATCH003,1,0,FAILED,FILE_LOCK,2026-07-13 04:30:13,140
TXN00004969,FAN_SIM_4968,MATCH003,1,0,FAILED,FILE_LOCK,2026-07-13 04:30:13,139
TXN00004922,FAN_SIM_4923,MATCH003,1,0,FAILED,FILE_LOCK,2026-07-13 04:30:13,142
TXN00004958,FAN_SIM_4958,MATCH003,1,500000,FAILED,FILE_LOCK,2026-07-13 04:30:13,140
TXN00004984,FAN_SIM_4983,MATCH003,1,0,FAILED,FILE_LOCK,2026-07-13 04:30:13,2
TXN00004975,FAN_SIM_4974,MATCH003,1,0,FAILED,FILE_LOCK,2026-07-13 04:30:13,38
TXN00004920,FAN_SIM_4919,MATCH003,1,0,FAILED,FILE_LOCK,2026-07-13 04:30:13,142
TXN00004924,FAN_SIM_4924,MATCH003,1,500000,FAILED,FILE_LOCK,2026-07-13 04:30:13,141
TXN00004983,FAN_SIM_4982,MATCH003,1,0,FAILED,FILE_LOCK,2026-07-13 04:30:13,6
TXN00004962,FAN_SIM_4961,MATCH003,1,0,FAILED,FILE_LOCK,2026-07-13 04:30:13,139
TXN00004927,FAN_SIM_4926,MATCH003,1,0,FAILED,FILE_LOCK,2026-07-13 04:30:13,141
TXN00004977,FAN_SIM_4976,MATCH003,1,0,FAILED,FILE_LOCK,2026-07-13 04:30:13,7
TXN00004965,FAN_SIM_4964,MATCH003,1,0,FAILED,FILE_LOCK,2026-07-13 04:30:13,139
TXN00004981,FAN_SIM_4981,MATCH003,1,0,FAILED,FILE_LOCK,2026-07-13 04:30:13,6
TXN00004978,FAN_SIM_4978,MATCH003,1,0,FAILED,FILE_LOCK,2026-07-13 04:30:13,7
TXN00004913,FAN_SIM_4912,MATCH003,1,500000,FAILED,FILE_LOCK,2026-07-13 04:30:13,144
TXN00004985,FAN_SIM_4984,MATCH003,1,0,FAILED,FILE_LOCK,2026-07-13 04:30:13,1
TXN00004935,FAN_SIM_4934,MATCH003,1,0,FAILED,FILE_LOCK,2026-07-13 04:30:13,141
TXN00004921,FAN_SIM_4921,MATCH003,1,0,FAILED,FILE_LOCK,2026-07-13 04:30:13,142
TXN00004943,FAN_SIM_4942,MATCH003,1,0,FAILED,FILE_LOCK,2026-07-13 04:30:13,140
TXN00004960,FAN_SIM_4959,MATCH003,1,500000,FAILED,FILE_LOCK,2026-07-13 04:30:13,140
TXN00004961,FAN_SIM_4960,MATCH003,1,0,FAILED,FILE_LOCK,2026-07-13 04:30:13,140
TXN00004972,FAN_SIM_4971,MATCH003,1,0,FAILED,FILE_LOCK,2026-07-13 04:30:13,140
TXN00004932,FAN_SIM_4931,MATCH003,1,0,FAILED,FILE_LOCK,2026-07-13 04:30:13,141
TXN00004929,FAN_SIM_4928,MATCH003,1,0,FAILED,FILE_LOCK,2026-07-13 04:30:13,142
TXN00004918,FAN_SIM_4917,MATCH003,1,500000,FAILED,FILE_LOCK,2026-07-13 04:30:13,143
TXN00004963,FAN_SIM_4962,MATCH003,1,0,FAILED,FILE_LOCK,2026-07-13 04:30:13,140
TXN00004970,FAN_SIM_4969,MATCH003,1,0,FAILED,FILE_LOCK,2026-07-13 04:30:13,140
TXN00004911,FAN_SIM_4910,MATCH003,1,0,FAILED,FILE_LOCK,2026-07-13 04:30:13,146
TXN00004959,FAN_SIM_4956,MATCH003,1,0,FAILED,FILE_LOCK,2026-07-13 04:30:13,141
TXN00004938,FAN_SIM_4937,MATCH003,1,0,FAILED,FILE_LOCK,2026-07-13 04:30:13,141
TXN00004986,FAN_SIM_4985,MATCH003,1,0,FAILED,FILE_LOCK,2026-07-13 04:30:13,1
TXN00004916,FAN_SIM_4915,MATCH003,1,0,FAILED,FILE_LOCK,2026-07-13 04:30:13,144
TXN00004942,FAN_SIM_4941,MATCH003,1,0,FAILED,FILE_LOCK,2026-07-13 04:30:13,141
TXN00004941,FAN_SIM_4940,MATCH003,1,0,FAILED,FILE_LOCK,2026-07-13 04:30:13,141
TXN00004933,FAN_SIM_4932,MATCH003,1,0,FAILED,FILE_LOCK,2026-07-13 04:30:13,142
TXN00004948,FAN_SIM_4947,MATCH003,1,0,FAILED,FILE_LOCK,2026-07-13 04:30:13,141
TXN00004919,FAN_SIM_4918,MATCH003,1,500000,FAILED,FILE_LOCK,2026-07-13 04:30:13,143
TXN00004973,FAN_SIM_4972,MATCH003,1,0,FAILED,FILE_LOCK,2026-07-13 04:30:13,140
TXN00004934,FAN_SIM_4933,MATCH003,1,0,FAILED,FILE_LOCK,2026-07-13 04:30:13,142
TXN00004951,FAN_SIM_4950,MATCH003,1,0,FAILED,FILE_LOCK,2026-07-13 04:30:13,141
TXN00004940,FAN_SIM_4939,MATCH003,1,0,FAILED,FILE_LOCK,2026-07-13 04:30:13,141
TXN00004928,FAN_SIM_4927,MATCH003,1,0,FAILED,FILE_LOCK,2026-07-13 04:30:13,142
TXN00004968,FAN_SIM_4967,MATCH003,1,0,FAILED,FILE_LOCK,2026-07-13 04:30:13,140
TXN00005046,FAN_SIM_5045,MATCH003,1,0,FAILED,FILE_LOCK,2026-07-13 04:30:13,193
TXN00005004,FAN_SIM_5003,MATCH003,1,0,FAILED,FILE_LOCK,2026-07-13 04:30:13,207
TXN00005011,FAN_SIM_5010,MATCH003,1,0,FAILED,FILE_LOCK,2026-07-13 04:30:13,206
TXN00005034,FAN_SIM_5033,MATCH003,1,0,FAILED,FILE_LOCK,2026-07-13 04:30:13,206
TXN00005009,FAN_SIM_5008,MATCH003,1,0,FAILED,FILE_LOCK,2026-07-13 04:30:13,207
TXN00005050,FAN_SIM_5049,MATCH003,1,0,FAILED,FILE_LOCK,2026-07-13 04:30:13,191
TXN00005043,FAN_SIM_5042,MATCH003,1,0,FAILED,FILE_LOCK,2026-07-13 04:30:13,205
TXN00005027,FAN_SIM_5026,MATCH003,1,0,FAILED,FILE_LOCK,2026-07-13 04:30:13,206
TXN00005023,FAN_SIM_5022,MATCH003,1,0,FAILED,FILE_LOCK,2026-07-13 04:30:13,206
TXN00005029,FAN_SIM_5028,MATCH003,1,0,FAILED,FILE_LOCK,2026-07-13 04:30:13,206
TXN00005037,FAN_SIM_5036,MATCH003,1,0,FAILED,FILE_LOCK,2026-07-13 04:30:13,206
TXN00005008,FAN_SIM_5006,MATCH003,1,0,FAILED,FILE_LOCK,2026-07-13 04:30:13,207
TXN00005039,FAN_SIM_5038,MATCH003,1,0,FAILED,FILE_LOCK,2026-07-13 04:30:13,205
TXN00004997,FAN_SIM_4996,MATCH003,1,0,FAILED,FILE_LOCK,2026-07-13 04:30:13,208
TXN00005038,FAN_SIM_5037,MATCH003,1,0,FAILED,FILE_LOCK,2026-07-13 04:30:13,205
TXN00005007,FAN_SIM_5007,MATCH003,1,0,FAILED,FILE_LOCK,2026-07-13 04:30:13,207
TXN00005040,FAN_SIM_5039,MATCH003,1,0,FAILED,FILE_LOCK,2026-07-13 04:30:13,205
TXN00005030,FAN_SIM_5029,MATCH003,1,0,FAILED,FILE_LOCK,2026-07-13 04:30:13,206
TXN00004996,FAN_SIM_4995,MATCH003,1,0,FAILED,FILE_LOCK,2026-07-13 04:30:13,208
TXN00005001,FAN_SIM_5000,MATCH003,1,0,FAILED,FILE_LOCK,2026-07-13 04:30:13,207
TXN00004993,FAN_SIM_4992,MATCH003,1,0,FAILED,FILE_LOCK,2026-07-13 04:30:13,209
TXN00005042,FAN_SIM_5041,MATCH003,1,0,FAILED,FILE_LOCK,2026-07-13 04:30:13,205
TXN00005017,FAN_SIM_5016,MATCH003,1,0,FAILED,FILE_LOCK,2026-07-13 04:30:13,207
TXN00005022,FAN_SIM_5021,MATCH003,1,0,FAILED,FILE_LOCK,2026-07-13 04:30:13,207
TXN00005024,FAN_SIM_5023,MATCH003,1,0,FAILED,FILE_LOCK,2026-07-13 04:30:13,207
TXN00004999,FAN_SIM_4998,MATCH003,1,0,FAILED,FILE_LOCK,2026-07-13 04:30:13,207
TXN00005025,FAN_SIM_5024,MATCH003,1,0,FAILED,FILE_LOCK,2026-07-13 04:30:13,207
TXN00005000,FAN_SIM_4999,MATCH003,1,0,FAILED,FILE_LOCK,2026-07-13 04:30:13,208
TXN00004998,FAN_SIM_4997,MATCH003,1,0,FAILED,FILE_LOCK,2026-07-13 04:30:13,209
TXN00005016,FAN_SIM_5015,MATCH003,1,0,FAILED,FILE_LOCK,2026-07-13 04:30:13,207
TXN00005015,FAN_SIM_5014,MATCH003,1,0,FAILED,FILE_LOCK,2026-07-13 04:30:13,207
TXN00005028,FAN_SIM_5027,MATCH003,1,0,FAILED,FILE_LOCK,2026-07-13 04:30:13,208
TXN00005026,FAN_SIM_5025,MATCH003,1,0,FAILED,FILE_LOCK,2026-07-13 04:30:13,208
TXN00005013,FAN_SIM_5012,MATCH003,1,0,FAILED,FILE_LOCK,2026-07-13 04:30:13,208
TXN00004995,FAN_SIM_4994,MATCH003,1,0,FAILED,FILE_LOCK,2026-07-13 04:30:13,210
TXN00004992,FAN_SIM_4991,MATCH003,1,0,FAILED,FILE_LOCK,2026-07-13 04:30:13,211
TXN00005005,FAN_SIM_5004,MATCH003,1,0,FAILED,FILE_LOCK,2026-07-13 04:30:13,209
TXN00004988,FAN_SIM_4987,MATCH003,1,0,FAILED,FILE_LOCK,2026-07-13 04:30:13,212
TXN00005003,FAN_SIM_5002,MATCH003,1,0,FAILED,FILE_LOCK,2026-07-13 04:30:13,208
TXN00005019,FAN_SIM_5018,MATCH003,1,0,FAILED,FILE_LOCK,2026-07-13 04:30:13,208
TXN00005035,FAN_SIM_5035,MATCH003,1,0,FAILED,FILE_LOCK,2026-07-13 04:30:13,207
TXN00005018,FAN_SIM_5017,MATCH003,1,0,FAILED,FILE_LOCK,2026-07-13 04:30:13,207
TXN00005036,FAN_SIM_5034,MATCH003,1,0,FAILED,FILE_LOCK,2026-07-13 04:30:13,207
TXN00005002,FAN_SIM_5001,MATCH003,1,0,FAILED,FILE_LOCK,2026-07-13 04:30:13,208
TXN00005041,FAN_SIM_5040,MATCH003,1,0,FAILED,FILE_LOCK,2026-07-13 04:30:13,207
TXN00005020,FAN_SIM_5019,MATCH003,1,0,FAILED,FILE_LOCK,2026-07-13 04:30:13,207
TXN00005045,FAN_SIM_5044,MATCH003,1,0,FAILED,FILE_LOCK,2026-07-13 04:30:13,194
TXN00004987,FAN_SIM_4986,MATCH003,1,0,FAILED,FILE_LOCK,2026-07-13 04:30:13,214
TXN00005010,FAN_SIM_5009,MATCH003,1,0,FAILED,FILE_LOCK,2026-07-13 04:30:13,209
TXN00004989,FAN_SIM_4988,MATCH003,1,500000,FAILED,FILE_LOCK,2026-07-13 04:30:13,213
TXN00004990,FAN_SIM_4989,MATCH003,1,0,FAILED,FILE_LOCK,2026-07-13 04:30:13,211
TXN00005031,FAN_SIM_5031,MATCH003,1,0,FAILED,FILE_LOCK,2026-07-13 04:30:13,207
TXN00005032,FAN_SIM_5030,MATCH003,1,0,FAILED,FILE_LOCK,2026-07-13 04:30:13,208
TXN00005048,FAN_SIM_5047,MATCH003,1,0,FAILED,FILE_LOCK,2026-07-13 04:30:13,194
TXN00005049,FAN_SIM_5048,MATCH003,1,0,FAILED,FILE_LOCK,2026-07-13 04:30:13,192
TXN00005047,FAN_SIM_5046,MATCH003,1,0,FAILED,FILE_LOCK,2026-07-13 04:30:13,194
TXN00004991,FAN_SIM_4990,MATCH003,1,0,FAILED,FILE_LOCK,2026-07-13 04:30:13,211
TXN00005044,FAN_SIM_5043,MATCH003,1,0,FAILED,FILE_LOCK,2026-07-13 04:30:13,207
TXN00005021,FAN_SIM_5020,MATCH003,1,0,FAILED,FILE_LOCK,2026-07-13 04:30:13,207
TXN00005014,FAN_SIM_5013,MATCH003,1,0,FAILED,FILE_LOCK,2026-07-13 04:30:13,208
TXN00005006,FAN_SIM_5005,MATCH003,1,0,FAILED,FILE_LOCK,2026-07-13 04:30:13,209
TXN00005033,FAN_SIM_5032,MATCH003,1,0,FAILED,FILE_LOCK,2026-07-13 04:30:13,208
TXN00005012,FAN_SIM_5011,MATCH003,1,0,FAILED,FILE_LOCK,2026-07-13 04:30:13,207
TXN00004994,FAN_SIM_4993,MATCH003,1,0,FAILED,FILE_LOCK,2026-07-13 04:30:13,211
TXN00005097,FAN_SIM_5096,MATCH003,1,0,FAILED,FILE_LOCK,2026-07-13 04:30:13,172
TXN00005089,FAN_SIM_5088,MATCH003,1,0,FAILED,FILE_LOCK,2026-07-13 04:30:13,172
TXN00005086,FAN_SIM_5085,MATCH003,1,0,FAILED,FILE_LOCK,2026-07-13 04:30:13,172
TXN00005079,FAN_SIM_5078,MATCH003,1,0,FAILED,FILE_LOCK,2026-07-13 04:30:13,173
TXN00005092,FAN_SIM_5091,MATCH003,1,0,FAILED,FILE_LOCK,2026-07-13 04:30:13,172
TXN00005077,FAN_SIM_5077,MATCH003,1,0,FAILED,FILE_LOCK,2026-07-13 04:30:13,173
TXN00005108,FAN_SIM_5107,MATCH003,1,0,FAILED,FILE_LOCK,2026-07-13 04:30:13,167
TXN00005090,FAN_SIM_5089,MATCH003,1,0,FAILED,FILE_LOCK,2026-07-13 04:30:13,172
TXN00005084,FAN_SIM_5083,MATCH003,1,0,FAILED,FILE_LOCK,2026-07-13 04:30:13,172
TXN00005102,FAN_SIM_5101,MATCH003,1,0,FAILED,FILE_LOCK,2026-07-13 04:30:13,171
TXN00005105,FAN_SIM_5104,MATCH003,1,0,FAILED,FILE_LOCK,2026-07-13 04:30:13,171
TXN00005078,FAN_SIM_5074,MATCH003,1,0,FAILED,FILE_LOCK,2026-07-13 04:30:13,173
TXN00005106,FAN_SIM_5105,MATCH003,1,0,FAILED,FILE_LOCK,2026-07-13 04:30:13,171
TXN00005100,FAN_SIM_5100,MATCH003,1,0,FAILED,FILE_LOCK,2026-07-13 04:30:13,171
TXN00005075,FAN_SIM_5075,MATCH003,1,0,FAILED,FILE_LOCK,2026-07-13 04:30:13,173
TXN00005098,FAN_SIM_5097,MATCH003,1,0,FAILED,FILE_LOCK,2026-07-13 04:30:13,171
TXN00005114,FAN_SIM_5113,MATCH003,1,0,FAILED,FILE_LOCK,2026-07-13 04:30:13,166
TXN00005054,FAN_SIM_5053,MATCH003,1,500000,FAILED,FILE_LOCK,2026-07-13 04:30:13,190
TXN00005068,FAN_SIM_5067,MATCH003,1,500000,FAILED,FILE_LOCK,2026-07-13 04:30:13,186
TXN00005093,FAN_SIM_5092,MATCH003,1,0,FAILED,FILE_LOCK,2026-07-13 04:30:13,172
TXN00005066,FAN_SIM_5063,MATCH003,1,500000,FAILED,FILE_LOCK,2026-07-13 04:30:13,187
TXN00005072,FAN_SIM_5071,MATCH003,1,0,FAILED,FILE_LOCK,2026-07-13 04:30:13,173
TXN00005104,FAN_SIM_5103,MATCH003,1,0,FAILED,FILE_LOCK,2026-07-13 04:30:13,171
TXN00005099,FAN_SIM_5098,MATCH003,1,0,FAILED,FILE_LOCK,2026-07-13 04:30:13,171
TXN00005060,FAN_SIM_5059,MATCH003,1,500000,FAILED,FILE_LOCK,2026-07-13 04:30:13,188
TXN00005095,FAN_SIM_5094,MATCH003,1,0,FAILED,FILE_LOCK,2026-07-13 04:30:13,172
TXN00005073,FAN_SIM_5072,MATCH003,1,0,FAILED,FILE_LOCK,2026-07-13 04:30:13,173
TXN00005081,FAN_SIM_5080,MATCH003,1,0,FAILED,FILE_LOCK,2026-07-13 04:30:13,172
TXN00005118,FAN_SIM_5117,MATCH003,1,0,FAILED,FILE_LOCK,2026-07-13 04:30:13,0
TXN00005119,FAN_SIM_5118,MATCH003,1,0,FAILED,FILE_LOCK,2026-07-13 04:30:13,0
TXN00005117,FAN_SIM_5116,MATCH003,1,0,FAILED,FILE_LOCK,2026-07-13 04:30:13,1
TXN00005116,FAN_SIM_5115,MATCH003,1,0,FAILED,FILE_LOCK,2026-07-13 04:30:13,1
TXN00005115,FAN_SIM_5114,MATCH003,1,0,FAILED,FILE_LOCK,2026-07-13 04:30:13,1
TXN00005067,FAN_SIM_5066,MATCH003,1,500000,FAILED,FILE_LOCK,2026-07-13 04:30:13,189
TXN00005120,FAN_SIM_5119,MATCH003,1,0,FAILED,FILE_LOCK,2026-07-13 04:30:13,1
TXN00005051,FAN_SIM_5050,MATCH003,1,500000,FAILED,FILE_LOCK,2026-07-13 04:30:13,193
TXN00005121,FAN_SIM_5120,MATCH003,1,0,FAILED,FILE_LOCK,2026-07-13 04:30:13,0
TXN00005076,FAN_SIM_5076,MATCH003,1,500000,FAILED,FILE_LOCK,2026-07-13 04:30:13,176
TXN00005122,FAN_SIM_5121,MATCH003,1,0,FAILED,FILE_LOCK,2026-07-13 04:30:13,0
TXN00005065,FAN_SIM_5065,MATCH003,1,500000,FAILED,FILE_LOCK,2026-07-13 04:30:13,189
TXN00005053,FAN_SIM_5052,MATCH003,1,500000,FAILED,FILE_LOCK,2026-07-13 04:30:13,193
TXN00005074,FAN_SIM_5073,MATCH003,1,500000,FAILED,FILE_LOCK,2026-07-13 04:30:13,177
TXN00005124,FAN_SIM_5123,MATCH003,1,0,FAILED,FILE_LOCK,2026-07-13 04:30:13,0
TXN00005123,FAN_SIM_5122,MATCH003,1,0,FAILED,FILE_LOCK,2026-07-13 04:30:13,1
TXN00005056,FAN_SIM_5055,MATCH003,1,500000,FAILED,FILE_LOCK,2026-07-13 04:30:13,193
TXN00005136,FAN_SIM_5135,MATCH003,1,0,FAILED,FILE_LOCK,2026-07-13 04:30:13,16
TXN00005126,FAN_SIM_5125,MATCH003,1,0,FAILED,FILE_LOCK,2026-07-13 04:30:13,17
TXN00005137,FAN_SIM_5136,MATCH003,1,0,FAILED,FILE_LOCK,2026-07-13 04:30:13,16
TXN00005110,FAN_SIM_5109,MATCH003,1,500000,FAILED,FILE_LOCK,2026-07-13 04:30:13,188
TXN00005127,FAN_SIM_5126,MATCH003,1,0,FAILED,FILE_LOCK,2026-07-13 04:30:13,17
TXN00005057,FAN_SIM_5056,MATCH003,1,500000,FAILED,FILE_LOCK,2026-07-13 04:30:13,209
TXN00005131,FAN_SIM_5130,MATCH003,1,0,FAILED,FILE_LOCK,2026-07-13 04:30:13,16
TXN00005133,FAN_SIM_5132,MATCH003,1,0,FAILED,FILE_LOCK,2026-07-13 04:30:13,16
TXN00005091,FAN_SIM_5090,MATCH003,1,500000,FAILED,FILE_LOCK,2026-07-13 04:30:13,193
TXN00005134,FAN_SIM_5133,MATCH003,1,0,FAILED,FILE_LOCK,2026-07-13 04:30:13,16
TXN00005085,FAN_SIM_5084,MATCH003,1,500000,FAILED,FILE_LOCK,2026-07-13 04:30:13,193
TXN00005071,FAN_SIM_5070,MATCH003,1,500000,FAILED,FILE_LOCK,2026-07-13 04:30:13,195
TXN00005125,FAN_SIM_5124,MATCH003,1,0,FAILED,FILE_LOCK,2026-07-13 04:30:13,17
TXN00005052,FAN_SIM_5051,MATCH003,1,500000,FAILED,FILE_LOCK,2026-07-13 04:30:13,212
TXN00005055,FAN_SIM_5054,MATCH003,1,500000,FAILED,FILE_LOCK,2026-07-13 04:30:13,211
TXN00005107,FAN_SIM_5106,MATCH003,1,500000,FAILED,FILE_LOCK,2026-07-13 04:30:13,189
TXN00005083,FAN_SIM_5082,MATCH003,1,500000,FAILED,FILE_LOCK,2026-07-13 04:30:13,194
TXN00005138,FAN_SIM_5137,MATCH003,1,0,FAILED,FILE_LOCK,2026-07-13 04:30:13,17
TXN00005087,FAN_SIM_5086,MATCH003,1,500000,FAILED,FILE_LOCK,2026-07-13 04:30:13,194
TXN00005151,FAN_SIM_5150,MATCH003,1,0,FAILED,FILE_LOCK,2026-07-13 04:30:13,16
TXN00005059,FAN_SIM_5058,MATCH003,1,500000,FAILED,FILE_LOCK,2026-07-13 04:30:13,209
TXN00005135,FAN_SIM_5134,MATCH003,1,0,FAILED,FILE_LOCK,2026-07-13 04:30:13,17
TXN00005128,FAN_SIM_5127,MATCH003,1,0,FAILED,FILE_LOCK,2026-07-13 04:30:13,18
TXN00005096,FAN_SIM_5095,MATCH003,1,500000,FAILED,FILE_LOCK,2026-07-13 04:30:13,194
TXN00005132,FAN_SIM_5131,MATCH003,1,0,FAILED,FILE_LOCK,2026-07-13 04:30:13,17
TXN00005070,FAN_SIM_5069,MATCH003,1,500000,FAILED,FILE_LOCK,2026-07-13 04:30:13,206
TXN00005153,FAN_SIM_5152,MATCH003,1,0,FAILED,FILE_LOCK,2026-07-13 04:30:13,15
TXN00005140,FAN_SIM_5139,MATCH003,1,0,FAILED,FILE_LOCK,2026-07-13 04:30:13,17
TXN00005147,FAN_SIM_5146,MATCH003,1,0,FAILED,FILE_LOCK,2026-07-13 04:30:13,16
TXN00005146,FAN_SIM_5145,MATCH003,1,0,FAILED,FILE_LOCK,2026-07-13 04:30:13,16
TXN00005157,FAN_SIM_5157,MATCH003,1,0,FAILED,FILE_LOCK,2026-07-13 04:30:13,9
TXN00005150,FAN_SIM_5149,MATCH003,1,0,FAILED,FILE_LOCK,2026-07-13 04:30:13,16
TXN00005143,FAN_SIM_5142,MATCH003,1,0,FAILED,FILE_LOCK,2026-07-13 04:30:13,16
TXN00005139,FAN_SIM_5138,MATCH003,1,0,FAILED,FILE_LOCK,2026-07-13 04:30:13,17
TXN00005103,FAN_SIM_5102,MATCH003,1,500000,FAILED,FILE_LOCK,2026-07-13 04:30:13,195
TXN00005109,FAN_SIM_5108,MATCH003,1,500000,FAILED,FILE_LOCK,2026-07-13 04:30:13,190
TXN00005156,FAN_SIM_5153,MATCH003,1,0,FAILED,FILE_LOCK,2026-07-13 04:30:13,16
TXN00005063,FAN_SIM_5062,MATCH003,1,500000,FAILED,FILE_LOCK,2026-07-13 04:30:13,209
TXN00005062,FAN_SIM_5061,MATCH003,1,500000,FAILED,FILE_LOCK,2026-07-13 04:30:13,209
TXN00005101,FAN_SIM_5099,MATCH003,1,500000,FAILED,FILE_LOCK,2026-07-13 04:30:13,194
TXN00005088,FAN_SIM_5087,MATCH003,1,500000,FAILED,FILE_LOCK,2026-07-13 04:30:13,196
TXN00005159,FAN_SIM_5158,MATCH003,1,0,FAILED,FILE_LOCK,2026-07-13 04:30:13,8
TXN00005061,FAN_SIM_5060,MATCH003,1,500000,FAILED,FILE_LOCK,2026-07-13 04:30:13,210
TXN00005064,FAN_SIM_5064,MATCH003,1,500000,FAILED,FILE_LOCK,2026-07-13 04:30:13,210
TXN00005154,FAN_SIM_5154,MATCH003,1,0,FAILED,FILE_LOCK,2026-07-13 04:30:13,15
TXN00005113,FAN_SIM_5112,MATCH003,1,500000,FAILED,FILE_LOCK,2026-07-13 04:30:13,190
TXN00005058,FAN_SIM_5057,MATCH003,1,500000,FAILED,FILE_LOCK,2026-07-13 04:30:13,211
TXN00005082,FAN_SIM_5081,MATCH003,1,500000,FAILED,FILE_LOCK,2026-07-13 04:30:13,196
TXN00005161,FAN_SIM_5160,MATCH003,1,0,FAILED,FILE_LOCK,2026-07-13 04:30:13,1
TXN00005141,FAN_SIM_5140,MATCH003,1,0,FAILED,FILE_LOCK,2026-07-13 04:30:13,17
TXN00005149,FAN_SIM_5148,MATCH003,1,0,FAILED,FILE_LOCK,2026-07-13 04:30:13,17
TXN00005163,FAN_SIM_5162,MATCH003,1,0,FAILED,FILE_LOCK,2026-07-13 04:30:13,1
TXN00005144,FAN_SIM_5143,MATCH003,1,0,FAILED,FILE_LOCK,2026-07-13 04:30:13,16
TXN00005145,FAN_SIM_5144,MATCH003,1,0,FAILED,FILE_LOCK,2026-07-13 04:30:13,17
TXN00005080,FAN_SIM_5079,MATCH003,1,500000,FAILED,FILE_LOCK,2026-07-13 04:30:13,197
TXN00005160,FAN_SIM_5159,MATCH003,1,0,FAILED,FILE_LOCK,2026-07-13 04:30:13,1
TXN00005069,FAN_SIM_5068,MATCH003,1,500000,FAILED,FILE_LOCK,2026-07-13 04:30:13,207
TXN00005112,FAN_SIM_5111,MATCH003,1,500000,FAILED,FILE_LOCK,2026-07-13 04:30:13,189
TXN00005130,FAN_SIM_5129,MATCH003,1,0,FAILED,FILE_LOCK,2026-07-13 04:30:13,18
TXN00005111,FAN_SIM_5110,MATCH003,1,500000,FAILED,FILE_LOCK,2026-07-13 04:30:13,190
TXN00005155,FAN_SIM_5155,MATCH003,1,0,FAILED,FILE_LOCK,2026-07-13 04:30:13,16
TXN00005162,FAN_SIM_5161,MATCH003,1,0,FAILED,FILE_LOCK,2026-07-13 04:30:13,1
TXN00005148,FAN_SIM_5147,MATCH003,1,0,FAILED,FILE_LOCK,2026-07-13 04:30:13,17
TXN00005142,FAN_SIM_5141,MATCH003,1,0,FAILED,FILE_LOCK,2026-07-13 04:30:13,16
TXN00005158,FAN_SIM_5156,MATCH003,1,0,FAILED,FILE_LOCK,2026-07-13 04:30:13,9
TXN00005094,FAN_SIM_5093,MATCH003,1,500000,FAILED,FILE_LOCK,2026-07-13 04:30:13,194
TXN00005152,FAN_SIM_5151,MATCH003,1,0,FAILED,FILE_LOCK,2026-07-13 04:30:13,17
TXN00005129,FAN_SIM_5128,MATCH003,1,0,FAILED,FILE_LOCK,2026-07-13 04:30:13,19
TXN00005207,FAN_SIM_5207,MATCH003,1,0,FAILED,FILE_LOCK,2026-07-13 04:30:13,124
TXN00005224,FAN_SIM_5215,MATCH003,1,0,FAILED,FILE_LOCK,2026-07-13 04:30:13,82
TXN00005225,FAN_SIM_5221,MATCH003,1,0,FAILED,FILE_LOCK,2026-07-13 04:30:13,82
TXN00005181,FAN_SIM_5180,MATCH003,1,0,FAILED,FILE_LOCK,2026-07-13 04:30:13,126
TXN00005210,FAN_SIM_5210,MATCH003,1,0,FAILED,FILE_LOCK,2026-07-13 04:30:13,121
TXN00005217,FAN_SIM_5216,MATCH003,1,0,FAILED,FILE_LOCK,2026-07-13 04:30:13,82
TXN00005211,FAN_SIM_5182,MATCH003,1,0,FAILED,FILE_LOCK,2026-07-13 04:30:13,118
TXN00005203,FAN_SIM_5202,MATCH003,1,0,FAILED,FILE_LOCK,2026-07-13 04:30:13,125
TXN00005192,FAN_SIM_5192,MATCH003,1,0,FAILED,FILE_LOCK,2026-07-13 04:30:13,125
TXN00005193,FAN_SIM_5194,MATCH003,1,0,FAILED,FILE_LOCK,2026-07-13 04:30:13,125
TXN00005191,FAN_SIM_5191,MATCH003,1,0,FAILED,FILE_LOCK,2026-07-13 04:30:13,125
TXN00005226,FAN_SIM_5217,MATCH003,1,0,FAILED,FILE_LOCK,2026-07-13 04:30:13,82
TXN00005227,FAN_SIM_5219,MATCH003,1,0,FAILED,FILE_LOCK,2026-07-13 04:30:13,82
TXN00005215,FAN_SIM_5214,MATCH003,1,0,FAILED,FILE_LOCK,2026-07-13 04:30:13,118
TXN00005188,FAN_SIM_5188,MATCH003,1,0,FAILED,FILE_LOCK,2026-07-13 04:30:13,125
TXN00005195,FAN_SIM_5196,MATCH003,1,0,FAILED,FILE_LOCK,2026-07-13 04:30:13,125
TXN00005216,FAN_SIM_5222,MATCH003,1,0,FAILED,FILE_LOCK,2026-07-13 04:30:13,82
TXN00005219,FAN_SIM_5220,MATCH003,1,0,FAILED,FILE_LOCK,2026-07-13 04:30:13,82
TXN00005222,FAN_SIM_5226,MATCH003,1,0,FAILED,FILE_LOCK,2026-07-13 04:30:13,56
TXN00005202,FAN_SIM_5204,MATCH003,1,0,FAILED,FILE_LOCK,2026-07-13 04:30:13,125
TXN00005221,FAN_SIM_5225,MATCH003,1,0,FAILED,FILE_LOCK,2026-07-13 04:30:13,56
TXN00005190,FAN_SIM_5190,MATCH003,1,0,FAILED,FILE_LOCK,2026-07-13 04:30:13,125
TXN00005198,FAN_SIM_5199,MATCH003,1,0,FAILED,FILE_LOCK,2026-07-13 04:30:13,125
TXN00005205,FAN_SIM_5205,MATCH003,1,0,FAILED,FILE_LOCK,2026-07-13 04:30:13,124
TXN00005223,FAN_SIM_5218,MATCH003,1,0,FAILED,FILE_LOCK,2026-07-13 04:30:13,82
TXN00005209,FAN_SIM_5209,MATCH003,1,0,FAILED,FILE_LOCK,2026-07-13 04:30:13,124
TXN00005201,FAN_SIM_5203,MATCH003,1,0,FAILED,FILE_LOCK,2026-07-13 04:30:13,125
TXN00005213,FAN_SIM_5212,MATCH003,1,0,FAILED,FILE_LOCK,2026-07-13 04:30:13,118
TXN00005187,FAN_SIM_5187,MATCH003,1,0,FAILED,FILE_LOCK,2026-07-13 04:30:13,126
TXN00005186,FAN_SIM_5186,MATCH003,1,0,FAILED,FILE_LOCK,2026-07-13 04:30:13,125
TXN00005206,FAN_SIM_5206,MATCH003,1,0,FAILED,FILE_LOCK,2026-07-13 04:30:13,124
TXN00005182,FAN_SIM_5181,MATCH003,1,0,FAILED,FILE_LOCK,2026-07-13 04:30:13,125
TXN00005208,FAN_SIM_5208,MATCH003,1,0,FAILED,FILE_LOCK,2026-07-13 04:30:13,124
TXN00005197,FAN_SIM_5198,MATCH003,1,0,FAILED,FILE_LOCK,2026-07-13 04:30:13,126
TXN00005220,FAN_SIM_5224,MATCH003,1,0,FAILED,FILE_LOCK,2026-07-13 04:30:13,56
TXN00005214,FAN_SIM_5213,MATCH003,1,0,FAILED,FILE_LOCK,2026-07-13 04:30:13,119
TXN00005194,FAN_SIM_5195,MATCH003,1,0,FAILED,FILE_LOCK,2026-07-13 04:30:13,126
TXN00005169,FAN_SIM_5168,MATCH003,1,500000,FAILED,FILE_LOCK,2026-07-13 04:30:13,131
TXN00005199,FAN_SIM_5200,MATCH003,1,0,FAILED,FILE_LOCK,2026-07-13 04:30:13,126
TXN00005196,FAN_SIM_5197,MATCH003,1,0,FAILED,FILE_LOCK,2026-07-13 04:30:13,126
TXN00005218,FAN_SIM_5223,MATCH003,1,0,FAILED,FILE_LOCK,2026-07-13 04:30:13,82
TXN00005204,FAN_SIM_5193,MATCH003,1,0,FAILED,FILE_LOCK,2026-07-13 04:30:13,126
TXN00005212,FAN_SIM_5211,MATCH003,1,0,FAILED,FILE_LOCK,2026-07-13 04:30:13,119
TXN00005200,FAN_SIM_5201,MATCH003,1,0,FAILED,FILE_LOCK,2026-07-13 04:30:13,126
TXN00005171,FAN_SIM_5170,MATCH003,1,0,FAILED,FILE_LOCK,2026-07-13 04:30:13,131
TXN00005175,FAN_SIM_5174,MATCH003,1,500000,FAILED,FILE_LOCK,2026-07-13 04:30:13,133
TXN00005231,FAN_SIM_5230,MATCH003,1,0,FAILED,FILE_LOCK,2026-07-13 04:30:13,2
TXN00005233,FAN_SIM_5232,MATCH003,1,0,FAILED,FILE_LOCK,2026-07-13 04:30:13,2
TXN00005230,FAN_SIM_5229,MATCH003,1,0,FAILED,FILE_LOCK,2026-07-13 04:30:13,2
TXN00005232,FAN_SIM_5231,MATCH003,1,0,FAILED,FILE_LOCK,2026-07-13 04:30:13,2
TXN00005229,FAN_SIM_5228,MATCH003,1,0,FAILED,FILE_LOCK,2026-07-13 04:30:13,2
TXN00005228,FAN_SIM_5227,MATCH003,1,0,FAILED,FILE_LOCK,2026-07-13 04:30:13,3
TXN00005234,FAN_SIM_5233,MATCH003,1,0,FAILED,FILE_LOCK,2026-07-13 04:30:13,2
TXN00005166,FAN_SIM_5165,MATCH003,1,500000,FAILED,FILE_LOCK,2026-07-13 04:30:13,134
TXN00005170,FAN_SIM_5169,MATCH003,1,500000,FAILED,FILE_LOCK,2026-07-13 04:30:13,135
TXN00005180,FAN_SIM_5179,MATCH003,1,500000,FAILED,FILE_LOCK,2026-07-13 04:30:13,131
TXN00005179,FAN_SIM_5178,MATCH003,1,500000,FAILED,FILE_LOCK,2026-07-13 04:30:13,131
TXN00005236,FAN_SIM_5235,MATCH003,1,0,FAILED,FILE_LOCK,2026-07-13 04:30:13,0
TXN00005164,FAN_SIM_5163,MATCH003,1,500000,FAILED,FILE_LOCK,2026-07-13 04:30:13,136
TXN00005183,FAN_SIM_5183,MATCH003,1,500000,FAILED,FILE_LOCK,2026-07-13 04:30:13,130
TXN00005173,FAN_SIM_5172,MATCH003,1,500000,FAILED,FILE_LOCK,2026-07-13 04:30:13,133
TXN00005185,FAN_SIM_5185,MATCH003,1,500000,FAILED,FILE_LOCK,2026-07-13 04:30:13,130
TXN00005235,FAN_SIM_5234,MATCH003,1,0,FAILED,FILE_LOCK,2026-07-13 04:30:13,1
TXN00005184,FAN_SIM_5184,MATCH003,1,500000,FAILED,FILE_LOCK,2026-07-13 04:30:13,131
TXN00005172,FAN_SIM_5171,MATCH003,1,500000,FAILED,FILE_LOCK,2026-07-13 04:30:13,135
TXN00005174,FAN_SIM_5173,MATCH003,1,500000,FAILED,FILE_LOCK,2026-07-13 04:30:13,135
TXN00005178,FAN_SIM_5177,MATCH003,1,500000,FAILED,FILE_LOCK,2026-07-13 04:30:13,132
TXN00005237,FAN_SIM_5236,MATCH003,1,0,FAILED,FILE_LOCK,2026-07-13 04:30:13,1
TXN00005177,FAN_SIM_5176,MATCH003,1,500000,FAILED,FILE_LOCK,2026-07-13 04:30:13,133
TXN00005167,FAN_SIM_5166,MATCH003,1,500000,FAILED,FILE_LOCK,2026-07-13 04:30:13,135
TXN00005189,FAN_SIM_5189,MATCH003,1,500000,FAILED,FILE_LOCK,2026-07-13 04:30:13,131
TXN00005165,FAN_SIM_5164,MATCH003,1,500000,FAILED,FILE_LOCK,2026-07-13 04:30:13,136
TXN00005168,FAN_SIM_5167,MATCH003,1,500000,FAILED,FILE_LOCK,2026-07-13 04:30:13,136
TXN00005176,FAN_SIM_5175,MATCH003,1,500000,FAILED,FILE_LOCK,2026-07-13 04:30:13,134
TXN00005294,FAN_SIM_5293,MATCH003,1,0,FAILED,FILE_LOCK,2026-07-13 04:30:13,47
TXN00005286,FAN_SIM_5285,MATCH003,1,0,FAILED,FILE_LOCK,2026-07-13 04:30:13,48
TXN00005295,FAN_SIM_5294,MATCH003,1,0,FAILED,FILE_LOCK,2026-07-13 04:30:13,47
TXN00005293,FAN_SIM_5292,MATCH003,1,0,FAILED,FILE_LOCK,2026-07-13 04:30:13,48
TXN00005291,FAN_SIM_5290,MATCH003,1,0,FAILED,FILE_LOCK,2026-07-13 04:30:13,48
TXN00005248,FAN_SIM_5247,MATCH003,1,0,FAILED,FILE_LOCK,2026-07-13 04:30:13,50
TXN00005243,FAN_SIM_5243,MATCH003,1,0,FAILED,FILE_LOCK,2026-07-13 04:30:13,50
TXN00005266,FAN_SIM_5265,MATCH003,1,0,FAILED,FILE_LOCK,2026-07-13 04:30:13,49
TXN00005265,FAN_SIM_5264,MATCH003,1,0,FAILED,FILE_LOCK,2026-07-13 04:30:13,49
TXN00005285,FAN_SIM_5284,MATCH003,1,0,FAILED,FILE_LOCK,2026-07-13 04:30:13,48
TXN00005296,FAN_SIM_5295,MATCH003,1,0,FAILED,FILE_LOCK,2026-07-13 04:30:13,47
TXN00005281,FAN_SIM_5281,MATCH003,1,0,FAILED,FILE_LOCK,2026-07-13 04:30:13,48
TXN00005284,FAN_SIM_5272,MATCH003,1,0,FAILED,FILE_LOCK,2026-07-13 04:30:13,48
TXN00005239,FAN_SIM_5238,MATCH003,1,0,FAILED,FILE_LOCK,2026-07-13 04:30:13,52
TXN00005290,FAN_SIM_5289,MATCH003,1,0,FAILED,FILE_LOCK,2026-07-13 04:30:13,48
TXN00005301,FAN_SIM_5300,MATCH003,1,0,FAILED,FILE_LOCK,2026-07-13 04:30:13,44
TXN00005283,FAN_SIM_5283,MATCH003,1,0,FAILED,FILE_LOCK,2026-07-13 04:30:13,48
TXN00005242,FAN_SIM_5241,MATCH003,1,0,FAILED,FILE_LOCK,2026-07-13 04:30:13,50
TXN00005260,FAN_SIM_5259,MATCH003,1,0,FAILED,FILE_LOCK,2026-07-13 04:30:13,49
TXN00005245,FAN_SIM_5244,MATCH003,1,500000,FAILED,FILE_LOCK,2026-07-13 04:30:13,52
TXN00005273,FAN_SIM_5273,MATCH003,1,0,FAILED,FILE_LOCK,2026-07-13 04:30:13,49
TXN00005288,FAN_SIM_5287,MATCH003,1,0,FAILED,FILE_LOCK,2026-07-13 04:30:13,49
TXN00005241,FAN_SIM_5240,MATCH003,1,0,FAILED,FILE_LOCK,2026-07-13 04:30:13,52
TXN00005278,FAN_SIM_5278,MATCH003,1,0,FAILED,FILE_LOCK,2026-07-13 04:30:13,49
TXN00005287,FAN_SIM_5286,MATCH003,1,0,FAILED,FILE_LOCK,2026-07-13 04:30:13,50
TXN00005238,FAN_SIM_5237,MATCH003,1,0,FAILED,FILE_LOCK,2026-07-13 04:30:13,52
TXN00005275,FAN_SIM_5275,MATCH003,1,0,FAILED,FILE_LOCK,2026-07-13 04:30:13,49
TXN00005264,FAN_SIM_5263,MATCH003,1,0,FAILED,FILE_LOCK,2026-07-13 04:30:13,49
TXN00005272,FAN_SIM_5271,MATCH003,1,0,FAILED,FILE_LOCK,2026-07-13 04:30:13,48
TXN00005247,FAN_SIM_5246,MATCH003,1,0,FAILED,FILE_LOCK,2026-07-13 04:30:13,51
TXN00005254,FAN_SIM_5253,MATCH003,1,0,FAILED,FILE_LOCK,2026-07-13 04:30:13,50
TXN00005271,FAN_SIM_5270,MATCH003,1,0,FAILED,FILE_LOCK,2026-07-13 04:30:13,49
TXN00005267,FAN_SIM_5266,MATCH003,1,0,FAILED,FILE_LOCK,2026-07-13 04:30:13,50
TXN00005257,FAN_SIM_5256,MATCH003,1,0,FAILED,FILE_LOCK,2026-07-13 04:30:13,50
TXN00005252,FAN_SIM_5251,MATCH003,1,0,FAILED,FILE_LOCK,2026-07-13 04:30:13,51
TXN00005259,FAN_SIM_5258,MATCH003,1,0,FAILED,FILE_LOCK,2026-07-13 04:30:13,50
TXN00005246,FAN_SIM_5245,MATCH003,1,0,FAILED,FILE_LOCK,2026-07-13 04:30:13,51
TXN00005261,FAN_SIM_5260,MATCH003,1,0,FAILED,FILE_LOCK,2026-07-13 04:30:13,50
TXN00005300,FAN_SIM_5299,MATCH003,1,0,FAILED,FILE_LOCK,2026-07-13 04:30:13,48
TXN00005255,FAN_SIM_5254,MATCH003,1,0,FAILED,FILE_LOCK,2026-07-13 04:30:13,50
TXN00005270,FAN_SIM_5269,MATCH003,1,0,FAILED,FILE_LOCK,2026-07-13 04:30:13,49
TXN00005249,FAN_SIM_5248,MATCH003,1,0,FAILED,FILE_LOCK,2026-07-13 04:30:13,51
TXN00005258,FAN_SIM_5257,MATCH003,1,0,FAILED,FILE_LOCK,2026-07-13 04:30:13,50
TXN00005251,FAN_SIM_5250,MATCH003,1,0,FAILED,FILE_LOCK,2026-07-13 04:30:13,51
TXN00005253,FAN_SIM_5252,MATCH003,1,0,FAILED,FILE_LOCK,2026-07-13 04:30:13,50
TXN00005299,FAN_SIM_5298,MATCH003,1,0,FAILED,FILE_LOCK,2026-07-13 04:30:13,48
TXN00005268,FAN_SIM_5267,MATCH003,1,0,FAILED,FILE_LOCK,2026-07-13 04:30:13,49
TXN00005263,FAN_SIM_5262,MATCH003,1,0,FAILED,FILE_LOCK,2026-07-13 04:30:13,50
TXN00005269,FAN_SIM_5268,MATCH003,1,0,FAILED,FILE_LOCK,2026-07-13 04:30:13,49
TXN00005250,FAN_SIM_5249,MATCH003,1,0,FAILED,FILE_LOCK,2026-07-13 04:30:13,51
TXN00005276,FAN_SIM_5276,MATCH003,1,0,FAILED,FILE_LOCK,2026-07-13 04:30:13,49
TXN00005292,FAN_SIM_5291,MATCH003,1,0,FAILED,FILE_LOCK,2026-07-13 04:30:13,49
TXN00005298,FAN_SIM_5297,MATCH003,1,0,FAILED,FILE_LOCK,2026-07-13 04:30:13,47
TXN00005282,FAN_SIM_5282,MATCH003,1,0,FAILED,FILE_LOCK,2026-07-13 04:30:13,49
TXN00005277,FAN_SIM_5277,MATCH003,1,0,FAILED,FILE_LOCK,2026-07-13 04:30:13,49
TXN00005279,FAN_SIM_5279,MATCH003,1,0,FAILED,FILE_LOCK,2026-07-13 04:30:13,49
TXN00005274,FAN_SIM_5274,MATCH003,1,0,FAILED,FILE_LOCK,2026-07-13 04:30:13,49
TXN00005289,FAN_SIM_5288,MATCH003,1,0,FAILED,FILE_LOCK,2026-07-13 04:30:13,49
TXN00005297,FAN_SIM_5296,MATCH003,1,0,FAILED,FILE_LOCK,2026-07-13 04:30:13,48
TXN00005244,FAN_SIM_5242,MATCH003,1,0,FAILED,FILE_LOCK,2026-07-13 04:30:13,51
TXN00005280,FAN_SIM_5280,MATCH003,1,0,FAILED,FILE_LOCK,2026-07-13 04:30:13,48
TXN00005240,FAN_SIM_5239,MATCH003,1,0,FAILED,FILE_LOCK,2026-07-13 04:30:13,51
TXN00005262,FAN_SIM_5261,MATCH003,1,0,FAILED,FILE_LOCK,2026-07-13 04:30:13,50
TXN00005256,FAN_SIM_5255,MATCH003,1,0,FAILED,FILE_LOCK,2026-07-13 04:30:13,50
TXN00005317,FAN_SIM_5316,MATCH003,1,0,FAILED,FILE_LOCK,2026-07-13 04:30:13,21
TXN00005318,FAN_SIM_5317,MATCH003,1,0,FAILED,FILE_LOCK,2026-07-13 04:30:13,6
TXN00005313,FAN_SIM_5312,MATCH003,1,500000,FAILED,FILE_LOCK,2026-07-13 04:30:13,27
TXN00005311,FAN_SIM_5310,MATCH003,1,500000,FAILED,FILE_LOCK,2026-07-13 04:30:13,27
TXN00005312,FAN_SIM_5311,MATCH003,1,500000,FAILED,FILE_LOCK,2026-07-13 04:30:13,27
TXN00005315,FAN_SIM_5314,MATCH003,1,500000,FAILED,FILE_LOCK,2026-07-13 04:30:13,27
TXN00005308,FAN_SIM_5307,MATCH003,1,0,FAILED,FILE_LOCK,2026-07-13 04:30:13,28
TXN00005302,FAN_SIM_5301,MATCH003,1,500000,FAILED,FILE_LOCK,2026-07-13 04:30:13,30
TXN00005316,FAN_SIM_5315,MATCH003,1,0,FAILED,FILE_LOCK,2026-07-13 04:30:13,22
TXN00005314,FAN_SIM_5313,MATCH003,1,500000,FAILED,FILE_LOCK,2026-07-13 04:30:13,27
TXN00005307,FAN_SIM_5306,MATCH003,1,0,FAILED,FILE_LOCK,2026-07-13 04:30:13,28
TXN00005310,FAN_SIM_5309,MATCH003,1,0,FAILED,FILE_LOCK,2026-07-13 04:30:13,27
TXN00005309,FAN_SIM_5308,MATCH003,1,0,FAILED,FILE_LOCK,2026-07-13 04:30:13,27
TXN00005303,FAN_SIM_5302,MATCH003,1,0,FAILED,FILE_LOCK,2026-07-13 04:30:13,29
TXN00005304,FAN_SIM_5303,MATCH003,1,500000,FAILED,FILE_LOCK,2026-07-13 04:30:13,30
TXN00005305,FAN_SIM_5304,MATCH003,1,500000,FAILED,FILE_LOCK,2026-07-13 04:30:13,28
TXN00005319,FAN_SIM_5318,MATCH003,1,0,FAILED,FILE_LOCK,2026-07-13 04:30:13,0
TXN00005306,FAN_SIM_5305,MATCH003,1,500000,FAILED,FILE_LOCK,2026-07-13 04:30:13,28
TXN00005323,FAN_SIM_5322,MATCH003,1,0,FAILED,FILE_LOCK,2026-07-13 04:30:13,42
TXN00005331,FAN_SIM_5330,MATCH003,1,0,FAILED,FILE_LOCK,2026-07-13 04:30:13,41
TXN00005321,FAN_SIM_5320,MATCH003,1,0,FAILED,FILE_LOCK,2026-07-13 04:30:13,43
TXN00005324,FAN_SIM_5323,MATCH003,1,0,FAILED,FILE_LOCK,2026-07-13 04:30:13,41
TXN00005332,FAN_SIM_5331,MATCH003,1,0,FAILED,FILE_LOCK,2026-07-13 04:30:13,42
TXN00005334,FAN_SIM_5333,MATCH003,1,0,FAILED,FILE_LOCK,2026-07-13 04:30:13,42
TXN00005328,FAN_SIM_5327,MATCH003,1,0,FAILED,FILE_LOCK,2026-07-13 04:30:13,42
TXN00005333,FAN_SIM_5332,MATCH003,1,0,FAILED,FILE_LOCK,2026-07-13 04:30:13,42
TXN00005365,FAN_SIM_5364,MATCH003,1,0,FAILED,FILE_LOCK,2026-07-13 04:30:13,42
TXN00005367,FAN_SIM_5366,MATCH003,1,0,FAILED,FILE_LOCK,2026-07-13 04:30:13,41
TXN00005322,FAN_SIM_5321,MATCH003,1,0,FAILED,FILE_LOCK,2026-07-13 04:30:13,43
TXN00005362,FAN_SIM_5362,MATCH003,1,0,FAILED,FILE_LOCK,2026-07-13 04:30:13,41
TXN00005326,FAN_SIM_5325,MATCH003,1,0,FAILED,FILE_LOCK,2026-07-13 04:30:13,42
TXN00005327,FAN_SIM_5326,MATCH003,1,0,FAILED,FILE_LOCK,2026-07-13 04:30:13,43
TXN00005335,FAN_SIM_5334,MATCH003,1,0,FAILED,FILE_LOCK,2026-07-13 04:30:13,43
TXN00005330,FAN_SIM_5329,MATCH003,1,0,FAILED,FILE_LOCK,2026-07-13 04:30:13,42
TXN00005350,FAN_SIM_5349,MATCH003,1,0,FAILED,FILE_LOCK,2026-07-13 04:30:13,41
TXN00005343,FAN_SIM_5342,MATCH003,1,0,FAILED,FILE_LOCK,2026-07-13 04:30:13,43
TXN00005329,FAN_SIM_5328,MATCH003,1,0,FAILED,FILE_LOCK,2026-07-13 04:30:13,42
TXN00005349,FAN_SIM_5348,MATCH003,1,0,FAILED,FILE_LOCK,2026-07-13 04:30:13,42
TXN00005325,FAN_SIM_5324,MATCH003,1,0,FAILED,FILE_LOCK,2026-07-13 04:30:13,43
TXN00005360,FAN_SIM_5360,MATCH003,1,0,FAILED,FILE_LOCK,2026-07-13 04:30:13,43
TXN00005356,FAN_SIM_5354,MATCH003,1,0,FAILED,FILE_LOCK,2026-07-13 04:30:13,43
TXN00005345,FAN_SIM_5344,MATCH003,1,0,FAILED,FILE_LOCK,2026-07-13 04:30:13,44
TXN00005338,FAN_SIM_5338,MATCH003,1,0,FAILED,FILE_LOCK,2026-07-13 04:30:13,43
TXN00005357,FAN_SIM_5356,MATCH003,1,0,FAILED,FILE_LOCK,2026-07-13 04:30:13,43
TXN00005358,FAN_SIM_5358,MATCH003,1,0,FAILED,FILE_LOCK,2026-07-13 04:30:13,43
TXN00005355,FAN_SIM_5355,MATCH003,1,0,FAILED,FILE_LOCK,2026-07-13 04:30:13,43
TXN00005351,FAN_SIM_5350,MATCH003,1,0,FAILED,FILE_LOCK,2026-07-13 04:30:13,43
TXN00005363,FAN_SIM_5363,MATCH003,1,0,FAILED,FILE_LOCK,2026-07-13 04:30:13,64
TXN00005354,FAN_SIM_5353,MATCH003,1,0,FAILED,FILE_LOCK,2026-07-13 04:30:13,43
TXN00005364,FAN_SIM_5357,MATCH003,1,0,FAILED,FILE_LOCK,2026-07-13 04:30:13,43
TXN00005341,FAN_SIM_5340,MATCH003,1,0,FAILED,FILE_LOCK,2026-07-13 04:30:13,42
TXN00005342,FAN_SIM_5341,MATCH003,1,0,FAILED,FILE_LOCK,2026-07-13 04:30:13,42
TXN00005339,FAN_SIM_5339,MATCH003,1,0,FAILED,FILE_LOCK,2026-07-13 04:30:13,43
TXN00005361,FAN_SIM_5361,MATCH003,1,0,FAILED,FILE_LOCK,2026-07-13 04:30:13,43
TXN00005337,FAN_SIM_5336,MATCH003,1,0,FAILED,FILE_LOCK,2026-07-13 04:30:13,43
TXN00005353,FAN_SIM_5352,MATCH003,1,0,FAILED,FILE_LOCK,2026-07-13 04:30:13,44
TXN00005359,FAN_SIM_5359,MATCH003,1,0,FAILED,FILE_LOCK,2026-07-13 04:30:13,44
TXN00005340,FAN_SIM_5337,MATCH003,1,0,FAILED,FILE_LOCK,2026-07-13 04:30:13,42
TXN00005347,FAN_SIM_5346,MATCH003,1,0,FAILED,FILE_LOCK,2026-07-13 04:30:13,42
TXN00005369,FAN_SIM_5368,MATCH003,1,0,FAILED,FILE_LOCK,2026-07-13 04:30:13,44
TXN00005381,FAN_SIM_5381,MATCH003,1,0,FAILED,FILE_LOCK,2026-07-13 04:30:13,34
TXN00005366,FAN_SIM_5365,MATCH003,1,0,FAILED,FILE_LOCK,2026-07-13 04:30:13,44
TXN00005348,FAN_SIM_5347,MATCH003,1,0,FAILED,FILE_LOCK,2026-07-13 04:30:13,43
TXN00005320,FAN_SIM_5319,MATCH003,1,500000,FAILED,FILE_LOCK,2026-07-13 04:30:13,68
TXN00005379,FAN_SIM_5378,MATCH003,1,0,FAILED,FILE_LOCK,2026-07-13 04:30:13,43
TXN00005346,FAN_SIM_5345,MATCH003,1,0,FAILED,FILE_LOCK,2026-07-13 04:30:13,44
TXN00005371,FAN_SIM_5370,MATCH003,1,0,FAILED,FILE_LOCK,2026-07-13 04:30:13,43
TXN00005352,FAN_SIM_5351,MATCH003,1,0,FAILED,FILE_LOCK,2026-07-13 04:30:13,43
TXN00005336,FAN_SIM_5335,MATCH003,1,0,FAILED,FILE_LOCK,2026-07-13 04:30:13,44
TXN00005344,FAN_SIM_5343,MATCH003,1,0,FAILED,FILE_LOCK,2026-07-13 04:30:13,43
TXN00005380,FAN_SIM_5379,MATCH003,1,0,FAILED,FILE_LOCK,2026-07-13 04:30:13,34
TXN00005375,FAN_SIM_5374,MATCH003,1,500000,FAILED,FILE_LOCK,2026-07-13 04:30:13,66
TXN00005370,FAN_SIM_5369,MATCH003,1,0,FAILED,FILE_LOCK,2026-07-13 04:30:13,66
TXN00005377,FAN_SIM_5376,MATCH003,1,500000,FAILED,FILE_LOCK,2026-07-13 04:30:13,66
TXN00005368,FAN_SIM_5367,MATCH003,1,0,FAILED,FILE_LOCK,2026-07-13 04:30:13,65
TXN00005383,FAN_SIM_5382,MATCH003,1,500000,FAILED,FILE_LOCK,2026-07-13 04:30:13,57
TXN00005386,FAN_SIM_5385,MATCH003,1,500000,FAILED,FILE_LOCK,2026-07-13 04:30:13,25
TXN00005388,FAN_SIM_5387,MATCH003,1,0,FAILED,FILE_LOCK,2026-07-13 04:30:13,22
TXN00005387,FAN_SIM_5386,MATCH003,1,500000,FAILED,FILE_LOCK,2026-07-13 04:30:13,25
TXN00005378,FAN_SIM_5377,MATCH003,1,0,FAILED,FILE_LOCK,2026-07-13 04:30:13,66
TXN00005374,FAN_SIM_5373,MATCH003,1,500000,FAILED,FILE_LOCK,2026-07-13 04:30:13,67
TXN00005385,FAN_SIM_5384,MATCH003,1,0,FAILED,FILE_LOCK,2026-07-13 04:30:13,25
TXN00005376,FAN_SIM_5375,MATCH003,1,0,FAILED,FILE_LOCK,2026-07-13 04:30:13,66
TXN00005372,FAN_SIM_5371,MATCH003,1,500000,FAILED,FILE_LOCK,2026-07-13 04:30:13,67
TXN00005390,FAN_SIM_5389,MATCH003,1,0,FAILED,FILE_LOCK,2026-07-13 04:30:13,0
TXN00005373,FAN_SIM_5372,MATCH003,1,0,FAILED,FILE_LOCK,2026-07-13 04:30:13,66
TXN00005389,FAN_SIM_5388,MATCH003,1,0,FAILED,FILE_LOCK,2026-07-13 04:30:13,23
TXN00005384,FAN_SIM_5383,MATCH003,1,0,FAILED,FILE_LOCK,2026-07-13 04:30:13,25
TXN00005382,FAN_SIM_5380,MATCH003,1,0,FAILED,FILE_LOCK,2026-07-13 04:30:13,57
TXN00005441,FAN_SIM_5440,MATCH003,1,0,FAILED,FILE_LOCK,2026-07-13 04:30:13,45
TXN00005396,FAN_SIM_5396,MATCH003,1,0,FAILED,FILE_LOCK,2026-07-13 04:30:13,47
TXN00005448,FAN_SIM_5447,MATCH003,1,0,FAILED,FILE_LOCK,2026-07-13 04:30:13,44
TXN00005399,FAN_SIM_5398,MATCH003,1,0,FAILED,FILE_LOCK,2026-07-13 04:30:13,47
TXN00005403,FAN_SIM_5402,MATCH003,1,0,FAILED,FILE_LOCK,2026-07-13 04:30:13,47
TXN00005444,FAN_SIM_5443,MATCH003,1,0,FAILED,FILE_LOCK,2026-07-13 04:30:13,45
TXN00005443,FAN_SIM_5442,MATCH003,1,0,FAILED,FILE_LOCK,2026-07-13 04:30:13,45
TXN00005434,FAN_SIM_5433,MATCH003,1,0,FAILED,FILE_LOCK,2026-07-13 04:30:13,45
TXN00005401,FAN_SIM_5400,MATCH003,1,0,FAILED,FILE_LOCK,2026-07-13 04:30:13,47
TXN00005452,FAN_SIM_5451,MATCH003,1,0,FAILED,FILE_LOCK,2026-07-13 04:30:13,44
TXN00005438,FAN_SIM_5437,MATCH003,1,0,FAILED,FILE_LOCK,2026-07-13 04:30:13,45
TXN00005420,FAN_SIM_5419,MATCH003,1,0,FAILED,FILE_LOCK,2026-07-13 04:30:13,46
TXN00005447,FAN_SIM_5446,MATCH003,1,0,FAILED,FILE_LOCK,2026-07-13 04:30:13,45
TXN00005454,FAN_SIM_5453,MATCH003,1,0,FAILED,FILE_LOCK,2026-07-13 04:30:13,44
TXN00005449,FAN_SIM_5448,MATCH003,1,0,FAILED,FILE_LOCK,2026-07-13 04:30:13,44
TXN00005437,FAN_SIM_5436,MATCH003,1,0,FAILED,FILE_LOCK,2026-07-13 04:30:13,45
TXN00005439,FAN_SIM_5438,MATCH003,1,0,FAILED,FILE_LOCK,2026-07-13 04:30:13,45
TXN00005446,FAN_SIM_5445,MATCH003,1,0,FAILED,FILE_LOCK,2026-07-13 04:30:13,45
TXN00005400,FAN_SIM_5399,MATCH003,1,0,FAILED,FILE_LOCK,2026-07-13 04:30:13,47
TXN00005433,FAN_SIM_5432,MATCH003,1,0,FAILED,FILE_LOCK,2026-07-13 04:30:13,46
TXN00005432,FAN_SIM_5431,MATCH003,1,0,FAILED,FILE_LOCK,2026-07-13 04:30:13,46
TXN00005440,FAN_SIM_5439,MATCH003,1,0,FAILED,FILE_LOCK,2026-07-13 04:30:13,46
TXN00005428,FAN_SIM_5427,MATCH003,1,0,FAILED,FILE_LOCK,2026-07-13 04:30:13,46
TXN00005435,FAN_SIM_5434,MATCH003,1,0,FAILED,FILE_LOCK,2026-07-13 04:30:13,46
TXN00005431,FAN_SIM_5430,MATCH003,1,0,FAILED,FILE_LOCK,2026-07-13 04:30:13,46
TXN00005419,FAN_SIM_5418,MATCH003,1,0,FAILED,FILE_LOCK,2026-07-13 04:30:13,47
TXN00005429,FAN_SIM_5428,MATCH003,1,0,FAILED,FILE_LOCK,2026-07-13 04:30:13,46
TXN00005436,FAN_SIM_5435,MATCH003,1,0,FAILED,FILE_LOCK,2026-07-13 04:30:13,46
TXN00005425,FAN_SIM_5424,MATCH003,1,0,FAILED,FILE_LOCK,2026-07-13 04:30:13,46
TXN00005424,FAN_SIM_5423,MATCH003,1,0,FAILED,FILE_LOCK,2026-07-13 04:30:13,46
TXN00005423,FAN_SIM_5422,MATCH003,1,0,FAILED,FILE_LOCK,2026-07-13 04:30:13,46
TXN00005442,FAN_SIM_5441,MATCH003,1,0,FAILED,FILE_LOCK,2026-07-13 04:30:13,46
TXN00005422,FAN_SIM_5421,MATCH003,1,0,FAILED,FILE_LOCK,2026-07-13 04:30:13,47
TXN00005427,FAN_SIM_5426,MATCH003,1,0,FAILED,FILE_LOCK,2026-07-13 04:30:13,47
TXN00005391,FAN_SIM_5390,MATCH003,1,0,FAILED,FILE_LOCK,2026-07-13 04:30:13,53
TXN00005408,FAN_SIM_5407,MATCH003,1,0,FAILED,FILE_LOCK,2026-07-13 04:30:13,48
TXN00005416,FAN_SIM_5415,MATCH003,1,0,FAILED,FILE_LOCK,2026-07-13 04:30:13,48
TXN00005418,FAN_SIM_5417,MATCH003,1,0,FAILED,FILE_LOCK,2026-07-13 04:30:13,48
TXN00005426,FAN_SIM_5425,MATCH003,1,0,FAILED,FILE_LOCK,2026-07-13 04:30:13,47
TXN00005430,FAN_SIM_5429,MATCH003,1,0,FAILED,FILE_LOCK,2026-07-13 04:30:13,47
TXN00005411,FAN_SIM_5411,MATCH003,1,0,FAILED,FILE_LOCK,2026-07-13 04:30:13,48
TXN00005455,FAN_SIM_5454,MATCH003,1,0,FAILED,FILE_LOCK,2026-07-13 04:30:13,2
TXN00005394,FAN_SIM_5393,MATCH003,1,0,FAILED,FILE_LOCK,2026-07-13 04:30:13,50
TXN00005393,FAN_SIM_5392,MATCH003,1,500000,FAILED,FILE_LOCK,2026-07-13 04:30:13,51
TXN00005392,FAN_SIM_5391,MATCH003,1,500000,FAILED,FILE_LOCK,2026-07-13 04:30:13,52
TXN00005409,FAN_SIM_5408,MATCH003,1,0,FAILED,FILE_LOCK,2026-07-13 04:30:13,48
TXN00005421,FAN_SIM_5420,MATCH003,1,0,FAILED,FILE_LOCK,2026-07-13 04:30:13,48
TXN00005397,FAN_SIM_5395,MATCH003,1,0,FAILED,FILE_LOCK,2026-07-13 04:30:13,49
TXN00005456,FAN_SIM_5455,MATCH003,1,0,FAILED,FILE_LOCK,2026-07-13 04:30:13,1
TXN00005406,FAN_SIM_5405,MATCH003,1,0,FAILED,FILE_LOCK,2026-07-13 04:30:13,48
TXN00005405,FAN_SIM_5404,MATCH003,1,0,FAILED,FILE_LOCK,2026-07-13 04:30:13,48
TXN00005407,FAN_SIM_5406,MATCH003,1,0,FAILED,FILE_LOCK,2026-07-13 04:30:13,48
TXN00005413,FAN_SIM_5412,MATCH003,1,0,FAILED,FILE_LOCK,2026-07-13 04:30:13,48
TXN00005412,FAN_SIM_5410,MATCH003,1,0,FAILED,FILE_LOCK,2026-07-13 04:30:13,48
TXN00005404,FAN_SIM_5403,MATCH003,1,0,FAILED,FILE_LOCK,2026-07-13 04:30:13,49
TXN00005451,FAN_SIM_5450,MATCH003,1,0,FAILED,FILE_LOCK,2026-07-13 04:30:13,46
TXN00005458,FAN_SIM_5457,MATCH003,1,0,FAILED,FILE_LOCK,2026-07-13 04:30:13,0
TXN00005417,FAN_SIM_5416,MATCH003,1,0,FAILED,FILE_LOCK,2026-07-13 04:30:13,48
TXN00005415,FAN_SIM_5414,MATCH003,1,0,FAILED,FILE_LOCK,2026-07-13 04:30:13,48
TXN00005410,FAN_SIM_5409,MATCH003,1,0,FAILED,FILE_LOCK,2026-07-13 04:30:13,48
TXN00005402,FAN_SIM_5401,MATCH003,1,0,FAILED,FILE_LOCK,2026-07-13 04:30:13,49
TXN00005453,FAN_SIM_5452,MATCH003,1,0,FAILED,FILE_LOCK,2026-07-13 04:30:13,46
TXN00005395,FAN_SIM_5394,MATCH003,1,0,FAILED,FILE_LOCK,2026-07-13 04:30:13,50
TXN00005398,FAN_SIM_5397,MATCH003,1,0,FAILED,FILE_LOCK,2026-07-13 04:30:13,49
TXN00005450,FAN_SIM_5449,MATCH003,1,0,FAILED,FILE_LOCK,2026-07-13 04:30:13,46
TXN00005414,FAN_SIM_5413,MATCH003,1,0,FAILED,FILE_LOCK,2026-07-13 04:30:13,48
TXN00005445,FAN_SIM_5444,MATCH003,1,0,FAILED,FILE_LOCK,2026-07-13 04:30:13,47
TXN00005457,FAN_SIM_5456,MATCH003,1,0,FAILED,FILE_LOCK,2026-07-13 04:30:13,1
TXN00005518,FAN_SIM_5517,MATCH003,1,0,FAILED,FILE_LOCK,2026-07-13 04:30:13,101
TXN00005513,FAN_SIM_5512,MATCH003,1,0,FAILED,FILE_LOCK,2026-07-13 04:30:13,101
TXN00005514,FAN_SIM_5513,MATCH003,1,0,FAILED,FILE_LOCK,2026-07-13 04:30:13,101
TXN00005481,FAN_SIM_5480,MATCH003,1,0,FAILED,FILE_LOCK,2026-07-13 04:30:13,102
TXN00005497,FAN_SIM_5496,MATCH003,1,0,FAILED,FILE_LOCK,2026-07-13 04:30:13,102
TXN00005512,FAN_SIM_5510,MATCH003,1,0,FAILED,FILE_LOCK,2026-07-13 04:30:13,101
TXN00005504,FAN_SIM_5503,MATCH003,1,0,FAILED,FILE_LOCK,2026-07-13 04:30:13,101
TXN00005493,FAN_SIM_5492,MATCH003,1,0,FAILED,FILE_LOCK,2026-07-13 04:30:13,102
TXN00005496,FAN_SIM_5495,MATCH003,1,0,FAILED,FILE_LOCK,2026-07-13 04:30:13,102
TXN00005505,FAN_SIM_5504,MATCH003,1,0,FAILED,FILE_LOCK,2026-07-13 04:30:13,101
TXN00005465,FAN_SIM_5464,MATCH003,1,0,FAILED,FILE_LOCK,2026-07-13 04:30:13,105
TXN00005498,FAN_SIM_5497,MATCH003,1,0,FAILED,FILE_LOCK,2026-07-13 04:30:13,102
TXN00005503,FAN_SIM_5502,MATCH003,1,0,FAILED,FILE_LOCK,2026-07-13 04:30:13,101
TXN00005476,FAN_SIM_5476,MATCH003,1,0,FAILED,FILE_LOCK,2026-07-13 04:30:13,104
TXN00005508,FAN_SIM_5507,MATCH003,1,500000,FAILED,FILE_LOCK,2026-07-13 04:30:13,160
TXN00005521,FAN_SIM_5520,MATCH003,1,0,FAILED,FILE_LOCK,2026-07-13 04:30:13,101
TXN00005472,FAN_SIM_5471,MATCH003,1,0,FAILED,FILE_LOCK,2026-07-13 04:30:13,103
TXN00005480,FAN_SIM_5479,MATCH003,1,0,FAILED,FILE_LOCK,2026-07-13 04:30:13,102
TXN00005516,FAN_SIM_5515,MATCH003,1,0,FAILED,FILE_LOCK,2026-07-13 04:30:13,101
TXN00005462,FAN_SIM_5461,MATCH003,1,0,FAILED,FILE_LOCK,2026-07-13 04:30:13,106
TXN00005485,FAN_SIM_5484,MATCH003,1,0,FAILED,FILE_LOCK,2026-07-13 04:30:13,102
TXN00005511,FAN_SIM_5511,MATCH003,1,0,FAILED,FILE_LOCK,2026-07-13 04:30:14,169
TXN00005482,FAN_SIM_5481,MATCH003,1,0,FAILED,FILE_LOCK,2026-07-13 04:30:14,170
TXN00005523,FAN_SIM_5522,MATCH003,1,0,FAILED,FILE_LOCK,2026-07-13 04:30:14,9
TXN00005501,FAN_SIM_5500,MATCH003,1,0,FAILED,FILE_LOCK,2026-07-13 04:30:14,172
TXN00005519,FAN_SIM_5518,MATCH003,1,0,FAILED,FILE_LOCK,2026-07-13 04:30:14,168
TXN00005506,FAN_SIM_5505,MATCH003,1,0,FAILED,FILE_LOCK,2026-07-13 04:30:14,171
TXN00005478,FAN_SIM_5474,MATCH003,1,0,FAILED,FILE_LOCK,2026-07-13 04:30:14,170
TXN00005490,FAN_SIM_5489,MATCH003,1,0,FAILED,FILE_LOCK,2026-07-13 04:30:14,172
TXN00005487,FAN_SIM_5486,MATCH003,1,0,FAILED,FILE_LOCK,2026-07-13 04:30:14,170
TXN00005494,FAN_SIM_5493,MATCH003,1,0,FAILED,FILE_LOCK,2026-07-13 04:30:14,172
TXN00005469,FAN_SIM_5468,MATCH003,1,0,FAILED,FILE_LOCK,2026-07-13 04:30:14,172
TXN00005502,FAN_SIM_5501,MATCH003,1,0,FAILED,FILE_LOCK,2026-07-13 04:30:13,101
TXN00005492,FAN_SIM_5491,MATCH003,1,500000,FAILED,FILE_LOCK,2026-07-13 04:30:14,203
TXN00005464,FAN_SIM_5463,MATCH003,1,0,FAILED,FILE_LOCK,2026-07-13 04:30:14,185
TXN00005522,FAN_SIM_5521,MATCH003,1,0,FAILED,FILE_LOCK,2026-07-13 04:30:14,180
TXN00005477,FAN_SIM_5477,MATCH003,1,500000,FAILED,FILE_LOCK,2026-07-13 04:30:14,173
TXN00005466,FAN_SIM_5465,MATCH003,1,0,FAILED,FILE_LOCK,2026-07-13 04:30:14,185
TXN00005474,FAN_SIM_5473,MATCH003,1,0,FAILED,FILE_LOCK,2026-07-13 04:30:14,183
TXN00005486,FAN_SIM_5485,MATCH003,1,0,FAILED,FILE_LOCK,2026-07-13 04:30:14,182
TXN00005499,FAN_SIM_5498,MATCH003,1,0,FAILED,FILE_LOCK,2026-07-13 04:30:14,182
TXN00005555,FAN_SIM_5554,MATCH003,1,0,FAILED,FILE_LOCK,2026-07-13 04:30:14,27
TXN00005470,FAN_SIM_5469,MATCH003,1,0,FAILED,FILE_LOCK,2026-07-13 04:30:14,183
TXN00005484,FAN_SIM_5483,MATCH003,1,0,FAILED,FILE_LOCK,2026-07-13 04:30:14,232
TXN00005500,FAN_SIM_5499,MATCH003,1,0,FAILED,FILE_LOCK,2026-07-13 04:30:14,232
TXN00005479,FAN_SIM_5478,MATCH003,1,0,FAILED,FILE_LOCK,2026-07-13 04:30:14,182
TXN00005460,FAN_SIM_5459,MATCH003,1,0,FAILED,FILE_LOCK,2026-07-13 04:30:14,186
TXN00005495,FAN_SIM_5494,MATCH003,1,0,FAILED,FILE_LOCK,2026-07-13 04:30:14,232
TXN00005473,FAN_SIM_5472,MATCH003,1,0,FAILED,FILE_LOCK,2026-07-13 04:30:14,183
TXN00005475,FAN_SIM_5475,MATCH003,1,0,FAILED,FILE_LOCK,2026-07-13 04:30:14,183
TXN00005507,FAN_SIM_5506,MATCH003,1,0,FAILED,FILE_LOCK,2026-07-13 04:30:14,231
TXN00005549,FAN_SIM_5548,MATCH003,1,0,FAILED,FILE_LOCK,2026-07-13 04:30:14,57
TXN00005520,FAN_SIM_5519,MATCH003,1,0,FAILED,FILE_LOCK,2026-07-13 04:30:14,230
TXN00005538,FAN_SIM_5537,MATCH003,1,0,FAILED,FILE_LOCK,2026-07-13 04:30:14,58
TXN00005553,FAN_SIM_5552,MATCH003,1,0,FAILED,FILE_LOCK,2026-07-13 04:30:14,57
TXN00005541,FAN_SIM_5540,MATCH003,1,0,FAILED,FILE_LOCK,2026-07-13 04:30:14,57
TXN00005515,FAN_SIM_5514,MATCH003,1,0,FAILED,FILE_LOCK,2026-07-13 04:30:14,231
TXN00005471,FAN_SIM_5470,MATCH003,1,0,FAILED,FILE_LOCK,2026-07-13 04:30:14,233
TXN00005468,FAN_SIM_5467,MATCH003,1,0,FAILED,FILE_LOCK,2026-07-13 04:30:14,234
TXN00005546,FAN_SIM_5545,MATCH003,1,0,FAILED,FILE_LOCK,2026-07-13 04:30:14,57
TXN00005534,FAN_SIM_5533,MATCH003,1,0,FAILED,FILE_LOCK,2026-07-13 04:30:14,58
TXN00005517,FAN_SIM_5516,MATCH003,1,0,FAILED,FILE_LOCK,2026-07-13 04:30:14,232
TXN00005531,FAN_SIM_5530,MATCH003,1,0,FAILED,FILE_LOCK,2026-07-13 04:30:14,58
TXN00005532,FAN_SIM_5531,MATCH003,1,0,FAILED,FILE_LOCK,2026-07-13 04:30:14,58
TXN00005535,FAN_SIM_5534,MATCH003,1,0,FAILED,FILE_LOCK,2026-07-13 04:30:14,58
TXN00005548,FAN_SIM_5547,MATCH003,1,0,FAILED,FILE_LOCK,2026-07-13 04:30:14,57
TXN00005540,FAN_SIM_5539,MATCH003,1,0,FAILED,FILE_LOCK,2026-07-13 04:30:14,58
TXN00005539,FAN_SIM_5538,MATCH003,1,0,FAILED,FILE_LOCK,2026-07-13 04:30:14,58
TXN00005544,FAN_SIM_5543,MATCH003,1,0,FAILED,FILE_LOCK,2026-07-13 04:30:14,57
TXN00005491,FAN_SIM_5490,MATCH003,1,0,FAILED,FILE_LOCK,2026-07-13 04:30:14,233
TXN00005509,FAN_SIM_5508,MATCH003,1,0,FAILED,FILE_LOCK,2026-07-13 04:30:14,232
TXN00005530,FAN_SIM_5529,MATCH003,1,0,FAILED,FILE_LOCK,2026-07-13 04:30:14,59
TXN00005551,FAN_SIM_5550,MATCH003,1,0,FAILED,FILE_LOCK,2026-07-13 04:30:14,58
TXN00005525,FAN_SIM_5524,MATCH003,1,0,FAILED,FILE_LOCK,2026-07-13 04:30:14,60
TXN00005463,FAN_SIM_5462,MATCH003,1,500000,FAILED,FILE_LOCK,2026-07-13 04:30:14,237
TXN00005510,FAN_SIM_5509,MATCH003,1,0,FAILED,FILE_LOCK,2026-07-13 04:30:14,232
TXN00005533,FAN_SIM_5532,MATCH003,1,0,FAILED,FILE_LOCK,2026-07-13 04:30:14,59
TXN00005528,FAN_SIM_5527,MATCH003,1,0,FAILED,FILE_LOCK,2026-07-13 04:30:14,59
TXN00005537,FAN_SIM_5536,MATCH003,1,0,FAILED,FILE_LOCK,2026-07-13 04:30:14,58
TXN00005552,FAN_SIM_5551,MATCH003,1,0,FAILED,FILE_LOCK,2026-07-13 04:30:14,58
TXN00005547,FAN_SIM_5546,MATCH003,1,0,FAILED,FILE_LOCK,2026-07-13 04:30:14,58
TXN00005483,FAN_SIM_5482,MATCH003,1,0,FAILED,FILE_LOCK,2026-07-13 04:30:14,233
TXN00005536,FAN_SIM_5535,MATCH003,1,0,FAILED,FILE_LOCK,2026-07-13 04:30:14,59
TXN00005550,FAN_SIM_5549,MATCH003,1,0,FAILED,FILE_LOCK,2026-07-13 04:30:14,58
TXN00005554,FAN_SIM_5553,MATCH003,1,0,FAILED,FILE_LOCK,2026-07-13 04:30:14,58
TXN00005543,FAN_SIM_5542,MATCH003,1,0,FAILED,FILE_LOCK,2026-07-13 04:30:14,58
TXN00005467,FAN_SIM_5466,MATCH003,1,0,FAILED,FILE_LOCK,2026-07-13 04:30:14,235
TXN00005489,FAN_SIM_5488,MATCH003,1,500000,FAILED,FILE_LOCK,2026-07-13 04:30:14,234
TXN00005529,FAN_SIM_5528,MATCH003,1,0,FAILED,FILE_LOCK,2026-07-13 04:30:14,59
TXN00005488,FAN_SIM_5487,MATCH003,1,0,FAILED,FILE_LOCK,2026-07-13 04:30:14,233
TXN00005459,FAN_SIM_5458,MATCH003,1,0,FAILED,FILE_LOCK,2026-07-13 04:30:14,239
TXN00005524,FAN_SIM_5523,MATCH003,1,0,FAILED,FILE_LOCK,2026-07-13 04:30:14,60
TXN00005527,FAN_SIM_5526,MATCH003,1,0,FAILED,FILE_LOCK,2026-07-13 04:30:14,59
TXN00005542,FAN_SIM_5541,MATCH003,1,0,FAILED,FILE_LOCK,2026-07-13 04:30:14,58
TXN00005461,FAN_SIM_5460,MATCH003,1,0,FAILED,FILE_LOCK,2026-07-13 04:30:14,237
TXN00005526,FAN_SIM_5525,MATCH003,1,0,FAILED,FILE_LOCK,2026-07-13 04:30:14,58
TXN00005545,FAN_SIM_5544,MATCH003,1,0,FAILED,FILE_LOCK,2026-07-13 04:30:14,58
TXN00005560,FAN_SIM_5559,MATCH003,1,500000,FAILED,FILE_LOCK,2026-07-13 04:30:14,163
TXN00005569,FAN_SIM_5568,MATCH003,1,500000,FAILED,FILE_LOCK,2026-07-13 04:30:14,161
TXN00005559,FAN_SIM_5558,MATCH003,1,500000,FAILED,FILE_LOCK,2026-07-13 04:30:14,163
TXN00005562,FAN_SIM_5561,MATCH003,1,500000,FAILED,FILE_LOCK,2026-07-13 04:30:14,164
TXN00005564,FAN_SIM_5563,MATCH003,1,500000,FAILED,FILE_LOCK,2026-07-13 04:30:14,188
TXN00005623,FAN_SIM_5623,MATCH003,1,0,FAILED,FILE_LOCK,2026-07-13 04:30:14,0
TXN00005611,FAN_SIM_5610,MATCH003,1,0,FAILED,FILE_LOCK,2026-07-13 04:30:14,180
TXN00005599,FAN_SIM_5598,MATCH003,1,0,FAILED,FILE_LOCK,2026-07-13 04:30:14,215
TXN00005615,FAN_SIM_5614,MATCH003,1,0,FAILED,FILE_LOCK,2026-07-13 04:30:14,179
TXN00005619,FAN_SIM_5618,MATCH003,1,0,FAILED,FILE_LOCK,2026-07-13 04:30:14,155
TXN00005573,FAN_SIM_5572,MATCH003,1,0,FAILED,FILE_LOCK,2026-07-13 04:30:14,233
TXN00005601,FAN_SIM_5600,MATCH003,1,0,FAILED,FILE_LOCK,2026-07-13 04:30:14,215
TXN00005609,FAN_SIM_5608,MATCH003,1,0,FAILED,FILE_LOCK,2026-07-13 04:30:14,197
TXN00005612,FAN_SIM_5611,MATCH003,1,0,FAILED,FILE_LOCK,2026-07-13 04:30:14,180
TXN00005593,FAN_SIM_5592,MATCH003,1,0,FAILED,FILE_LOCK,2026-07-13 04:30:14,218
TXN00005618,FAN_SIM_5617,MATCH003,1,0,FAILED,FILE_LOCK,2026-07-13 04:30:14,156
TXN00005602,FAN_SIM_5601,MATCH003,1,0,FAILED,FILE_LOCK,2026-07-13 04:30:14,215
TXN00005567,FAN_SIM_5566,MATCH003,1,0,FAILED,FILE_LOCK,2026-07-13 04:30:14,234
TXN00005604,FAN_SIM_5603,MATCH003,1,0,FAILED,FILE_LOCK,2026-07-13 04:30:14,216
TXN00005625,FAN_SIM_5621,MATCH003,1,0,FAILED,FILE_LOCK,2026-07-13 04:30:14,36
TXN00005617,FAN_SIM_5616,MATCH003,1,0,FAILED,FILE_LOCK,2026-07-13 04:30:14,179
TXN00005588,FAN_SIM_5587,MATCH003,1,0,FAILED,FILE_LOCK,2026-07-13 04:30:14,231
TXN00005608,FAN_SIM_5607,MATCH003,1,0,FAILED,FILE_LOCK,2026-07-13 04:30:14,203
TXN00005600,FAN_SIM_5599,MATCH003,1,0,FAILED,FILE_LOCK,2026-07-13 04:30:14,215
TXN00005586,FAN_SIM_5585,MATCH003,1,0,FAILED,FILE_LOCK,2026-07-13 04:30:14,231
TXN00005583,FAN_SIM_5582,MATCH003,1,0,FAILED,FILE_LOCK,2026-07-13 04:30:14,230
TXN00005571,FAN_SIM_5570,MATCH003,1,500000,FAILED,FILE_LOCK,2026-07-13 04:30:14,238
TXN00005575,FAN_SIM_5575,MATCH003,1,0,FAILED,FILE_LOCK,2026-07-13 04:30:14,237
TXN00005587,FAN_SIM_5586,MATCH003,1,0,FAILED,FILE_LOCK,2026-07-13 04:30:14,236
TXN00005592,FAN_SIM_5591,MATCH003,1,0,FAILED,FILE_LOCK,2026-07-13 04:30:14,236
TXN00005595,FAN_SIM_5594,MATCH003,1,0,FAILED,FILE_LOCK,2026-07-13 04:30:14,224
TXN00005589,FAN_SIM_5588,MATCH003,1,0,FAILED,FILE_LOCK,2026-07-13 04:30:14,236
TXN00005585,FAN_SIM_5584,MATCH003,1,0,FAILED,FILE_LOCK,2026-07-13 04:30:14,236
TXN00005594,FAN_SIM_5593,MATCH003,1,0,FAILED,FILE_LOCK,2026-07-13 04:30:14,224
TXN00005568,FAN_SIM_5567,MATCH003,1,0,FAILED,FILE_LOCK,2026-07-13 04:30:14,234
TXN00005591,FAN_SIM_5590,MATCH003,1,0,FAILED,FILE_LOCK,2026-07-13 04:30:14,236
TXN00005597,FAN_SIM_5596,MATCH003,1,0,FAILED,FILE_LOCK,2026-07-13 04:30:14,222
TXN00005576,FAN_SIM_5574,MATCH003,1,0,FAILED,FILE_LOCK,2026-07-13 04:30:14,237
TXN00005557,FAN_SIM_5556,MATCH003,1,500000,FAILED,FILE_LOCK,2026-07-13 04:30:14,244
TXN00005620,FAN_SIM_5619,MATCH003,1,0,FAILED,FILE_LOCK,2026-07-13 04:30:14,46
TXN00005603,FAN_SIM_5602,MATCH003,1,0,FAILED,FILE_LOCK,2026-07-13 04:30:14,224
TXN00005606,FAN_SIM_5605,MATCH003,1,500000,FAILED,FILE_LOCK,2026-07-13 04:30:14,205
TXN00005626,FAN_SIM_5625,MATCH003,1,0,FAILED,FILE_LOCK,2026-07-13 04:30:14,3
TXN00005598,FAN_SIM_5597,MATCH003,1,0,FAILED,FILE_LOCK,2026-07-13 04:30:14,224
TXN00005622,FAN_SIM_5622,MATCH003,1,0,FAILED,FILE_LOCK,2026-07-13 04:30:14,39
TXN00005624,FAN_SIM_5624,MATCH003,1,0,FAILED,FILE_LOCK,2026-07-13 04:30:14,38
TXN00005621,FAN_SIM_5620,MATCH003,1,0,FAILED,FILE_LOCK,2026-07-13 04:30:14,45
TXN00005596,FAN_SIM_5595,MATCH003,1,0,FAILED,FILE_LOCK,2026-07-13 04:30:14,225
TXN00005572,FAN_SIM_5571,MATCH003,1,500000,FAILED,FILE_LOCK,2026-07-13 04:30:14,242
TXN00005590,FAN_SIM_5589,MATCH003,1,0,FAILED,FILE_LOCK,2026-07-13 04:30:14,239
TXN00005578,FAN_SIM_5577,MATCH003,1,500000,FAILED,FILE_LOCK,2026-07-13 04:30:14,240
TXN00005584,FAN_SIM_5583,MATCH003,1,500000,FAILED,FILE_LOCK,2026-07-13 04:30:14,239
TXN00005627,FAN_SIM_5626,MATCH003,1,0,FAILED,FILE_LOCK,2026-07-13 04:30:14,3
TXN00005556,FAN_SIM_5555,MATCH003,1,500000,FAILED,FILE_LOCK,2026-07-13 04:30:14,247
TXN00005581,FAN_SIM_5580,MATCH003,1,500000,FAILED,FILE_LOCK,2026-07-13 04:30:14,240
TXN00005561,FAN_SIM_5560,MATCH003,1,500000,FAILED,FILE_LOCK,2026-07-13 04:30:14,244
TXN00005565,FAN_SIM_5564,MATCH003,1,500000,FAILED,FILE_LOCK,2026-07-13 04:30:14,244
TXN00005607,FAN_SIM_5606,MATCH003,1,500000,FAILED,FILE_LOCK,2026-07-13 04:30:14,208
TXN00005566,FAN_SIM_5565,MATCH003,1,500000,FAILED,FILE_LOCK,2026-07-13 04:30:14,244
TXN00005574,FAN_SIM_5573,MATCH003,1,500000,FAILED,FILE_LOCK,2026-07-13 04:30:14,243
TXN00005610,FAN_SIM_5609,MATCH003,1,500000,FAILED,FILE_LOCK,2026-07-13 04:30:14,202
TXN00005579,FAN_SIM_5578,MATCH003,1,500000,FAILED,FILE_LOCK,2026-07-13 04:30:14,246
TXN00005605,FAN_SIM_5604,MATCH003,1,500000,FAILED,FILE_LOCK,2026-07-13 04:30:14,215
TXN00005580,FAN_SIM_5579,MATCH003,1,500000,FAILED,FILE_LOCK,2026-07-13 04:30:14,266
TXN00005558,FAN_SIM_5557,MATCH003,1,500000,FAILED,FILE_LOCK,2026-07-13 04:30:14,300
TXN00005582,FAN_SIM_5581,MATCH003,1,500000,FAILED,FILE_LOCK,2026-07-13 04:30:14,312
TXN00005633,FAN_SIM_5632,MATCH003,1,0,FAILED,FILE_LOCK,2026-07-13 04:30:14,70
TXN00005684,FAN_SIM_5683,MATCH003,1,0,FAILED,FILE_LOCK,2026-07-13 04:30:14,17
TXN00005682,FAN_SIM_5681,MATCH003,1,0,FAILED,FILE_LOCK,2026-07-13 04:30:14,46
TXN00005683,FAN_SIM_5682,MATCH003,1,0,FAILED,FILE_LOCK,2026-07-13 04:30:14,46
TXN00005681,FAN_SIM_5680,MATCH003,1,0,FAILED,FILE_LOCK,2026-07-13 04:30:14,46
TXN00005635,FAN_SIM_5634,MATCH003,1,0,FAILED,FILE_LOCK,2026-07-13 04:30:14,71
TXN00005671,FAN_SIM_5670,MATCH003,1,0,FAILED,FILE_LOCK,2026-07-13 04:30:14,68
TXN00005677,FAN_SIM_5676,MATCH003,1,0,FAILED,FILE_LOCK,2026-07-13 04:30:14,68
TXN00005634,FAN_SIM_5633,MATCH003,1,0,FAILED,FILE_LOCK,2026-07-13 04:30:14,71
TXN00005679,FAN_SIM_5678,MATCH003,1,0,FAILED,FILE_LOCK,2026-07-13 04:30:14,67
TXN00005661,FAN_SIM_5660,MATCH003,1,0,FAILED,FILE_LOCK,2026-07-13 04:30:14,69
TXN00005630,FAN_SIM_5629,MATCH003,1,0,FAILED,FILE_LOCK,2026-07-13 04:30:14,72
TXN00005653,FAN_SIM_5652,MATCH003,1,0,FAILED,FILE_LOCK,2026-07-13 04:30:14,69
TXN00005655,FAN_SIM_5654,MATCH003,1,0,FAILED,FILE_LOCK,2026-07-13 04:30:14,69
TXN00005631,FAN_SIM_5630,MATCH003,1,0,FAILED,FILE_LOCK,2026-07-13 04:30:14,71
TXN00005666,FAN_SIM_5665,MATCH003,1,0,FAILED,FILE_LOCK,2026-07-13 04:30:14,69
TXN00005667,FAN_SIM_5666,MATCH003,1,0,FAILED,FILE_LOCK,2026-07-13 04:30:14,69
TXN00005658,FAN_SIM_5657,MATCH003,1,0,FAILED,FILE_LOCK,2026-07-13 04:30:14,69
TXN00005678,FAN_SIM_5677,MATCH003,1,0,FAILED,FILE_LOCK,2026-07-13 04:30:14,68
TXN00005640,FAN_SIM_5639,MATCH003,1,0,FAILED,FILE_LOCK,2026-07-13 04:30:14,70
TXN00005629,FAN_SIM_5628,MATCH003,1,0,FAILED,FILE_LOCK,2026-07-13 04:30:14,72
TXN00005674,FAN_SIM_5673,MATCH003,1,0,FAILED,FILE_LOCK,2026-07-13 04:30:14,68
TXN00005676,FAN_SIM_5675,MATCH003,1,0,FAILED,FILE_LOCK,2026-07-13 04:30:14,68
TXN00005662,FAN_SIM_5661,MATCH003,1,0,FAILED,FILE_LOCK,2026-07-13 04:30:14,69
TXN00005665,FAN_SIM_5664,MATCH003,1,0,FAILED,FILE_LOCK,2026-07-13 04:30:14,70
TXN00005657,FAN_SIM_5656,MATCH003,1,0,FAILED,FILE_LOCK,2026-07-13 04:30:14,69
TXN00005636,FAN_SIM_5635,MATCH003,1,0,FAILED,FILE_LOCK,2026-07-13 04:30:14,72
TXN00005680,FAN_SIM_5679,MATCH003,1,0,FAILED,FILE_LOCK,2026-07-13 04:30:14,66
TXN00005670,FAN_SIM_5669,MATCH003,1,0,FAILED,FILE_LOCK,2026-07-13 04:30:14,69
TXN00005648,FAN_SIM_5647,MATCH003,1,0,FAILED,FILE_LOCK,2026-07-13 04:30:14,70
TXN00005669,FAN_SIM_5668,MATCH003,1,0,FAILED,FILE_LOCK,2026-07-13 04:30:14,69
TXN00005660,FAN_SIM_5659,MATCH003,1,0,FAILED,FILE_LOCK,2026-07-13 04:30:14,70
TXN00005672,FAN_SIM_5671,MATCH003,1,0,FAILED,FILE_LOCK,2026-07-13 04:30:14,68
TXN00005668,FAN_SIM_5667,MATCH003,1,0,FAILED,FILE_LOCK,2026-07-13 04:30:14,70
TXN00005673,FAN_SIM_5672,MATCH003,1,0,FAILED,FILE_LOCK,2026-07-13 04:30:14,69
TXN00005570,FAN_SIM_5569,MATCH003,1,500000,FAILED,FILE_LOCK,2026-07-13 04:30:14,342
TXN00005689,FAN_SIM_5688,MATCH003,1,0,FAILED,FILE_LOCK,2026-07-13 04:30:14,7
TXN00005577,FAN_SIM_5576,MATCH003,1,500000,FAILED,FILE_LOCK,2026-07-13 04:30:14,341
TXN00005641,FAN_SIM_5640,MATCH003,1,0,FAILED,FILE_LOCK,2026-07-13 04:30:14,97
TXN00005652,FAN_SIM_5651,MATCH003,1,0,FAILED,FILE_LOCK,2026-07-13 04:30:14,96
TXN00005685,FAN_SIM_5684,MATCH003,1,0,FAILED,FILE_LOCK,2026-07-13 04:30:14,26
TXN00005645,FAN_SIM_5644,MATCH003,1,0,FAILED,FILE_LOCK,2026-07-13 04:30:14,97
TXN00005644,FAN_SIM_5643,MATCH003,1,0,FAILED,FILE_LOCK,2026-07-13 04:30:14,97
TXN00005687,FAN_SIM_5686,MATCH003,1,0,FAILED,FILE_LOCK,2026-07-13 04:30:14,26
TXN00005613,FAN_SIM_5612,MATCH003,1,500000,FAILED,FILE_LOCK,2026-07-13 04:30:14,290
TXN00005643,FAN_SIM_5642,MATCH003,1,0,FAILED,FILE_LOCK,2026-07-13 04:30:14,97
TXN00005638,FAN_SIM_5637,MATCH003,1,0,FAILED,FILE_LOCK,2026-07-13 04:30:14,97
TXN00005691,FAN_SIM_5691,MATCH003,1,0,FAILED,FILE_LOCK,2026-07-13 04:30:14,2
TXN00005637,FAN_SIM_5636,MATCH003,1,0,FAILED,FILE_LOCK,2026-07-13 04:30:14,98
TXN00005664,FAN_SIM_5663,MATCH003,1,0,FAILED,FILE_LOCK,2026-07-13 04:30:14,97
TXN00005695,FAN_SIM_5694,MATCH003,1,0,FAILED,FILE_LOCK,2026-07-13 04:30:14,1
TXN00005696,FAN_SIM_5695,MATCH003,1,0,FAILED,FILE_LOCK,2026-07-13 04:30:14,1
TXN00005616,FAN_SIM_5615,MATCH003,1,500000,FAILED,FILE_LOCK,2026-07-13 04:30:14,289
TXN00005663,FAN_SIM_5662,MATCH003,1,0,FAILED,FILE_LOCK,2026-07-13 04:30:14,97
TXN00005654,FAN_SIM_5653,MATCH003,1,0,FAILED,FILE_LOCK,2026-07-13 04:30:14,97
TXN00005632,FAN_SIM_5631,MATCH003,1,0,FAILED,FILE_LOCK,2026-07-13 04:30:14,99
TXN00005692,FAN_SIM_5690,MATCH003,1,0,FAILED,FILE_LOCK,2026-07-13 04:30:14,2
TXN00005563,FAN_SIM_5562,MATCH003,1,500000,FAILED,FILE_LOCK,2026-07-13 04:30:14,346
TXN00005650,FAN_SIM_5649,MATCH003,1,0,FAILED,FILE_LOCK,2026-07-13 04:30:14,98
TXN00005693,FAN_SIM_5692,MATCH003,1,0,FAILED,FILE_LOCK,2026-07-13 04:30:14,2
TXN00005642,FAN_SIM_5641,MATCH003,1,0,FAILED,FILE_LOCK,2026-07-13 04:30:14,98
TXN00005649,FAN_SIM_5648,MATCH003,1,0,FAILED,FILE_LOCK,2026-07-13 04:30:14,98
TXN00005690,FAN_SIM_5689,MATCH003,1,0,FAILED,FILE_LOCK,2026-07-13 04:30:14,6
TXN00005651,FAN_SIM_5650,MATCH003,1,0,FAILED,FILE_LOCK,2026-07-13 04:30:14,97
TXN00005656,FAN_SIM_5655,MATCH003,1,0,FAILED,FILE_LOCK,2026-07-13 04:30:14,97
TXN00005646,FAN_SIM_5645,MATCH003,1,0,FAILED,FILE_LOCK,2026-07-13 04:30:14,98
TXN00005628,FAN_SIM_5627,MATCH003,1,0,FAILED,FILE_LOCK,2026-07-13 04:30:14,101
TXN00005694,FAN_SIM_5693,MATCH003,1,0,FAILED,FILE_LOCK,2026-07-13 04:30:14,1
TXN00005659,FAN_SIM_5658,MATCH003,1,0,FAILED,FILE_LOCK,2026-07-13 04:30:14,97
TXN00005686,FAN_SIM_5685,MATCH003,1,0,FAILED,FILE_LOCK,2026-07-13 04:30:14,27
TXN00005688,FAN_SIM_5687,MATCH003,1,0,FAILED,FILE_LOCK,2026-07-13 04:30:14,26
TXN00005639,FAN_SIM_5638,MATCH003,1,500000,FAILED,FILE_LOCK,2026-07-13 04:30:14,135
TXN00005614,FAN_SIM_5613,MATCH003,1,500000,FAILED,FILE_LOCK,2026-07-13 04:30:14,326
TXN00005647,FAN_SIM_5646,MATCH003,1,500000,FAILED,FILE_LOCK,2026-07-13 04:30:14,135
TXN00005735,FAN_SIM_5734,MATCH003,1,0,FAILED,FILE_LOCK,2026-07-13 04:30:14,202
TXN00005732,FAN_SIM_5731,MATCH003,1,0,FAILED,FILE_LOCK,2026-07-13 04:30:14,202
TXN00005716,FAN_SIM_5715,MATCH003,1,0,FAILED,FILE_LOCK,2026-07-13 04:30:14,202
TXN00005746,FAN_SIM_5745,MATCH003,1,0,FAILED,FILE_LOCK,2026-07-13 04:30:14,174
TXN00005760,FAN_SIM_5759,MATCH003,1,0,FAILED,FILE_LOCK,2026-07-13 04:30:14,0
TXN00005761,FAN_SIM_5760,MATCH003,1,0,FAILED,FILE_LOCK,2026-07-13 04:30:14,0
TXN00005741,FAN_SIM_5740,MATCH003,1,0,FAILED,FILE_LOCK,2026-07-13 04:30:14,202
TXN00005707,FAN_SIM_5706,MATCH003,1,0,FAILED,FILE_LOCK,2026-07-13 04:30:14,204
TXN00005749,FAN_SIM_5748,MATCH003,1,0,FAILED,FILE_LOCK,2026-07-13 04:30:14,171
TXN00005754,FAN_SIM_5753,MATCH003,1,0,FAILED,FILE_LOCK,2026-07-13 04:30:14,167
TXN00005723,FAN_SIM_5722,MATCH003,1,0,FAILED,FILE_LOCK,2026-07-13 04:30:14,203
TXN00005703,FAN_SIM_5702,MATCH003,1,0,FAILED,FILE_LOCK,2026-07-13 04:30:14,205
TXN00005752,FAN_SIM_5751,MATCH003,1,0,FAILED,FILE_LOCK,2026-07-13 04:30:14,168
TXN00005714,FAN_SIM_5713,MATCH003,1,0,FAILED,FILE_LOCK,2026-07-13 04:30:14,203
TXN00005744,FAN_SIM_5743,MATCH003,1,0,FAILED,FILE_LOCK,2026-07-13 04:30:14,202
TXN00005730,FAN_SIM_5729,MATCH003,1,0,FAILED,FILE_LOCK,2026-07-13 04:30:14,202
TXN00005675,FAN_SIM_5674,MATCH003,1,0,FAILED,FILE_LOCK,2026-07-13 04:30:14,302
TXN00005706,FAN_SIM_5705,MATCH003,1,500000,FAILED,FILE_LOCK,2026-07-13 04:30:14,258
TXN00005748,FAN_SIM_5747,MATCH003,1,0,FAILED,FILE_LOCK,2026-07-13 04:30:14,174
TXN00005698,FAN_SIM_5697,MATCH003,1,500000,FAILED,FILE_LOCK,2026-07-13 04:30:14,272
TXN00005719,FAN_SIM_5718,MATCH003,1,0,FAILED,FILE_LOCK,2026-07-13 04:30:14,267
TXN00005721,FAN_SIM_5720,MATCH003,1,0,FAILED,FILE_LOCK,2026-07-13 04:30:14,247
TXN00005697,FAN_SIM_5696,MATCH003,1,0,FAILED,FILE_LOCK,2026-07-13 04:30:14,272
TXN00005699,FAN_SIM_5698,MATCH003,1,500000,FAILED,FILE_LOCK,2026-07-13 04:30:14,280
TXN00005708,FAN_SIM_5707,MATCH003,1,500000,FAILED,FILE_LOCK,2026-07-13 04:30:14,278
TXN00005724,FAN_SIM_5723,MATCH003,1,0,FAILED,FILE_LOCK,2026-07-13 04:30:14,277
TXN00005765,FAN_SIM_5764,MATCH003,1,0,FAILED,FILE_LOCK,2026-07-13 04:30:14,74
TXN00005758,FAN_SIM_5757,MATCH003,1,0,FAILED,FILE_LOCK,2026-07-13 04:30:14,241
TXN00005734,FAN_SIM_5732,MATCH003,1,0,FAILED,FILE_LOCK,2026-07-13 04:30:14,277
TXN00005770,FAN_SIM_5771,MATCH003,1,0,FAILED,FILE_LOCK,2026-07-13 04:30:14,30
TXN00005774,FAN_SIM_5773,MATCH003,1,0,FAILED,FILE_LOCK,2026-07-13 04:30:14,9
TXN00005700,FAN_SIM_5699,MATCH003,1,500000,FAILED,FILE_LOCK,2026-07-13 04:30:14,280
TXN00005764,FAN_SIM_5763,MATCH003,1,0,FAILED,FILE_LOCK,2026-07-13 04:30:14,74
TXN00005773,FAN_SIM_5770,MATCH003,1,0,FAILED,FILE_LOCK,2026-07-13 04:30:14,30
TXN00005756,FAN_SIM_5755,MATCH003,1,0,FAILED,FILE_LOCK,2026-07-13 04:30:14,241
TXN00005713,FAN_SIM_5712,MATCH003,1,0,FAILED,FILE_LOCK,2026-07-13 04:30:14,278
TXN00005720,FAN_SIM_5719,MATCH003,1,0,FAILED,FILE_LOCK,2026-07-13 04:30:14,277
TXN00005769,FAN_SIM_5769,MATCH003,1,0,FAILED,FILE_LOCK,2026-07-13 04:30:14,73
TXN00005763,FAN_SIM_5762,MATCH003,1,0,FAILED,FILE_LOCK,2026-07-13 04:30:14,74
TXN00005775,FAN_SIM_5774,MATCH003,1,0,FAILED,FILE_LOCK,2026-07-13 04:30:14,10
TXN00005766,FAN_SIM_5765,MATCH003,1,0,FAILED,FILE_LOCK,2026-07-13 04:30:14,74
TXN00005738,FAN_SIM_5737,MATCH003,1,0,FAILED,FILE_LOCK,2026-07-13 04:30:14,277
TXN00005705,FAN_SIM_5704,MATCH003,1,500000,FAILED,FILE_LOCK,2026-07-13 04:30:14,279
TXN00005711,FAN_SIM_5710,MATCH003,1,0,FAILED,FILE_LOCK,2026-07-13 04:30:14,279
TXN00005772,FAN_SIM_5772,MATCH003,1,0,FAILED,FILE_LOCK,2026-07-13 04:30:14,21
TXN00005743,FAN_SIM_5742,MATCH003,1,0,FAILED,FILE_LOCK,2026-07-13 04:30:14,277
TXN00005736,FAN_SIM_5735,MATCH003,1,0,FAILED,FILE_LOCK,2026-07-13 04:30:14,278
TXN00005712,FAN_SIM_5711,MATCH003,1,500000,FAILED,FILE_LOCK,2026-07-13 04:30:14,279
TXN00005722,FAN_SIM_5721,MATCH003,1,0,FAILED,FILE_LOCK,2026-07-13 04:30:14,278
TXN00005739,FAN_SIM_5738,MATCH003,1,0,FAILED,FILE_LOCK,2026-07-13 04:30:14,277
TXN00005709,FAN_SIM_5708,MATCH003,1,0,FAILED,FILE_LOCK,2026-07-13 04:30:14,279
TXN00005718,FAN_SIM_5717,MATCH003,1,0,FAILED,FILE_LOCK,2026-07-13 04:30:14,278
TXN00005704,FAN_SIM_5703,MATCH003,1,0,FAILED,FILE_LOCK,2026-07-13 04:30:14,279
TXN00005710,FAN_SIM_5709,MATCH003,1,500000,FAILED,FILE_LOCK,2026-07-13 04:30:14,279
TXN00005762,FAN_SIM_5761,MATCH003,1,0,FAILED,FILE_LOCK,2026-07-13 04:30:14,75
TXN00005702,FAN_SIM_5701,MATCH003,1,500000,FAILED,FILE_LOCK,2026-07-13 04:30:14,280
TXN00005785,FAN_SIM_5784,MATCH003,1,0,FAILED,FILE_LOCK,2026-07-13 04:30:14,1
TXN00005725,FAN_SIM_5724,MATCH003,1,500000,FAILED,FILE_LOCK,2026-07-13 04:30:14,279
TXN00005781,FAN_SIM_5780,MATCH003,1,0,FAILED,FILE_LOCK,2026-07-13 04:30:14,2
TXN00005733,FAN_SIM_5733,MATCH003,1,500000,FAILED,FILE_LOCK,2026-07-13 04:30:14,279
TXN00005780,FAN_SIM_5779,MATCH003,1,0,FAILED,FILE_LOCK,2026-07-13 04:30:14,2
TXN00005726,FAN_SIM_5725,MATCH003,1,0,FAILED,FILE_LOCK,2026-07-13 04:30:14,278
TXN00005701,FAN_SIM_5700,MATCH003,1,500000,FAILED,FILE_LOCK,2026-07-13 04:30:14,281
TXN00005729,FAN_SIM_5728,MATCH003,1,0,FAILED,FILE_LOCK,2026-07-13 04:30:14,278
TXN00005776,FAN_SIM_5775,MATCH003,1,0,FAILED,FILE_LOCK,2026-07-13 04:30:14,1
TXN00005767,FAN_SIM_5766,MATCH003,1,0,FAILED,FILE_LOCK,2026-07-13 04:30:14,74
TXN00005742,FAN_SIM_5741,MATCH003,1,0,FAILED,FILE_LOCK,2026-07-13 04:30:14,277
TXN00005782,FAN_SIM_5781,MATCH003,1,0,FAILED,FILE_LOCK,2026-07-13 04:30:14,3
TXN00005737,FAN_SIM_5736,MATCH003,1,0,FAILED,FILE_LOCK,2026-07-13 04:30:14,277
TXN00005728,FAN_SIM_5727,MATCH003,1,0,FAILED,FILE_LOCK,2026-07-13 04:30:14,278
TXN00005777,FAN_SIM_5776,MATCH003,1,0,FAILED,FILE_LOCK,2026-07-13 04:30:14,1
TXN00005745,FAN_SIM_5744,MATCH003,1,0,FAILED,FILE_LOCK,2026-07-13 04:30:14,277
TXN00005789,FAN_SIM_5788,MATCH003,1,0,FAILED,FILE_LOCK,2026-07-13 04:30:14,0
TXN00005715,FAN_SIM_5714,MATCH003,1,0,FAILED,FILE_LOCK,2026-07-13 04:30:14,278
TXN00005740,FAN_SIM_5739,MATCH003,1,0,FAILED,FILE_LOCK,2026-07-13 04:30:14,277
TXN00005786,FAN_SIM_5785,MATCH003,1,0,FAILED,FILE_LOCK,2026-07-13 04:30:14,1
TXN00005788,FAN_SIM_5787,MATCH003,1,0,FAILED,FILE_LOCK,2026-07-13 04:30:14,0
TXN00005779,FAN_SIM_5778,MATCH003,1,0,FAILED,FILE_LOCK,2026-07-13 04:30:14,3
TXN00005753,FAN_SIM_5752,MATCH003,1,500000,FAILED,FILE_LOCK,2026-07-13 04:30:14,246
TXN00005790,FAN_SIM_5789,MATCH003,1,0,FAILED,FILE_LOCK,2026-07-13 04:30:14,1
TXN00005750,FAN_SIM_5749,MATCH003,1,500000,FAILED,FILE_LOCK,2026-07-13 04:30:14,247
TXN00005792,FAN_SIM_5791,MATCH003,1,0,FAILED,FILE_LOCK,2026-07-13 04:30:14,0
TXN00005717,FAN_SIM_5716,MATCH003,1,500000,FAILED,FILE_LOCK,2026-07-13 04:30:14,283
TXN00005787,FAN_SIM_5786,MATCH003,1,0,FAILED,FILE_LOCK,2026-07-13 04:30:14,2
TXN00005768,FAN_SIM_5767,MATCH003,1,500000,FAILED,FILE_LOCK,2026-07-13 04:30:14,77
TXN00005757,FAN_SIM_5756,MATCH003,1,500000,FAILED,FILE_LOCK,2026-07-13 04:30:14,247
TXN00005771,FAN_SIM_5768,MATCH003,1,500000,FAILED,FILE_LOCK,2026-07-13 04:30:14,37
TXN00005755,FAN_SIM_5754,MATCH003,1,500000,FAILED,FILE_LOCK,2026-07-13 04:30:14,247
TXN00005784,FAN_SIM_5783,MATCH003,1,0,FAILED,FILE_LOCK,2026-07-13 04:30:14,2
TXN00005759,FAN_SIM_5758,MATCH003,1,500000,FAILED,FILE_LOCK,2026-07-13 04:30:14,245
TXN00005783,FAN_SIM_5782,MATCH003,1,0,FAILED,FILE_LOCK,2026-07-13 04:30:14,2
TXN00005731,FAN_SIM_5730,MATCH003,1,500000,FAILED,FILE_LOCK,2026-07-13 04:30:14,283
TXN00005747,FAN_SIM_5746,MATCH003,1,500000,FAILED,FILE_LOCK,2026-07-13 04:30:14,254
TXN00005791,FAN_SIM_5790,MATCH003,1,0,FAILED,FILE_LOCK,2026-07-13 04:30:14,1
TXN00005727,FAN_SIM_5726,MATCH003,1,500000,FAILED,FILE_LOCK,2026-07-13 04:30:14,283
TXN00005778,FAN_SIM_5777,MATCH003,1,0,FAILED,FILE_LOCK,2026-07-13 04:30:14,3
TXN00005751,FAN_SIM_5750,MATCH003,1,500000,FAILED,FILE_LOCK,2026-07-13 04:30:14,248
TXN00005842,FAN_SIM_5841,MATCH003,1,0,FAILED,FILE_LOCK,2026-07-13 04:30:14,148
TXN00005844,FAN_SIM_5843,MATCH003,1,0,FAILED,FILE_LOCK,2026-07-13 04:30:14,148
TXN00005818,FAN_SIM_5817,MATCH003,1,0,FAILED,FILE_LOCK,2026-07-13 04:30:14,150
TXN00005834,FAN_SIM_5833,MATCH003,1,0,FAILED,FILE_LOCK,2026-07-13 04:30:14,149
TXN00005835,FAN_SIM_5835,MATCH003,1,0,FAILED,FILE_LOCK,2026-07-13 04:30:14,149
TXN00005843,FAN_SIM_5842,MATCH003,1,0,FAILED,FILE_LOCK,2026-07-13 04:30:14,148
TXN00005852,FAN_SIM_5851,MATCH003,1,0,FAILED,FILE_LOCK,2026-07-13 04:30:14,148
TXN00005856,FAN_SIM_5855,MATCH003,1,0,FAILED,FILE_LOCK,2026-07-13 04:30:14,147
TXN00005840,FAN_SIM_5839,MATCH003,1,0,FAILED,FILE_LOCK,2026-07-13 04:30:14,148
TXN00005851,FAN_SIM_5850,MATCH003,1,0,FAILED,FILE_LOCK,2026-07-13 04:30:14,148
TXN00005812,FAN_SIM_5811,MATCH003,1,0,FAILED,FILE_LOCK,2026-07-13 04:30:14,150
TXN00005848,FAN_SIM_5847,MATCH003,1,0,FAILED,FILE_LOCK,2026-07-13 04:30:14,148
TXN00005831,FAN_SIM_5830,MATCH003,1,0,FAILED,FILE_LOCK,2026-07-13 04:30:14,149
TXN00005838,FAN_SIM_5837,MATCH003,1,0,FAILED,FILE_LOCK,2026-07-13 04:30:14,149
TXN00005829,FAN_SIM_5828,MATCH003,1,0,FAILED,FILE_LOCK,2026-07-13 04:30:14,149
TXN00005819,FAN_SIM_5818,MATCH003,1,0,FAILED,FILE_LOCK,2026-07-13 04:30:14,150
TXN00005839,FAN_SIM_5838,MATCH003,1,0,FAILED,FILE_LOCK,2026-07-13 04:30:14,150
TXN00005830,FAN_SIM_5829,MATCH003,1,0,FAILED,FILE_LOCK,2026-07-13 04:30:14,149
TXN00005832,FAN_SIM_5831,MATCH003,1,0,FAILED,FILE_LOCK,2026-07-13 04:30:14,150
TXN00005796,FAN_SIM_5795,MATCH003,1,0,FAILED,FILE_LOCK,2026-07-13 04:30:14,152
TXN00005845,FAN_SIM_5844,MATCH003,1,0,FAILED,FILE_LOCK,2026-07-13 04:30:14,148
TXN00005826,FAN_SIM_5825,MATCH003,1,0,FAILED,FILE_LOCK,2026-07-13 04:30:14,150
TXN00005841,FAN_SIM_5840,MATCH003,1,0,FAILED,FILE_LOCK,2026-07-13 04:30:14,149
TXN00005808,FAN_SIM_5807,MATCH003,1,0,FAILED,FILE_LOCK,2026-07-13 04:30:14,151
TXN00005837,FAN_SIM_5836,MATCH003,1,0,FAILED,FILE_LOCK,2026-07-13 04:30:14,150
TXN00005827,FAN_SIM_5826,MATCH003,1,0,FAILED,FILE_LOCK,2026-07-13 04:30:14,150
TXN00005821,FAN_SIM_5820,MATCH003,1,0,FAILED,FILE_LOCK,2026-07-13 04:30:14,150
TXN00005836,FAN_SIM_5834,MATCH003,1,0,FAILED,FILE_LOCK,2026-07-13 04:30:14,150
TXN00005800,FAN_SIM_5799,MATCH003,1,0,FAILED,FILE_LOCK,2026-07-13 04:30:14,152
TXN00005833,FAN_SIM_5832,MATCH003,1,0,FAILED,FILE_LOCK,2026-07-13 04:30:14,150
TXN00005849,FAN_SIM_5848,MATCH003,1,0,FAILED,FILE_LOCK,2026-07-13 04:30:14,149
TXN00005797,FAN_SIM_5796,MATCH003,1,500000,FAILED,FILE_LOCK,2026-07-13 04:30:14,153
TXN00005813,FAN_SIM_5812,MATCH003,1,0,FAILED,FILE_LOCK,2026-07-13 04:30:14,151
TXN00005868,FAN_SIM_5867,MATCH003,1,0,FAILED,FILE_LOCK,2026-07-13 04:30:14,75
TXN00005876,FAN_SIM_5875,MATCH003,1,0,FAILED,FILE_LOCK,2026-07-13 04:30:14,75
TXN00005864,FAN_SIM_5863,MATCH003,1,0,FAILED,FILE_LOCK,2026-07-13 04:30:14,76
TXN00005875,FAN_SIM_5874,MATCH003,1,0,FAILED,FILE_LOCK,2026-07-13 04:30:14,75
TXN00005888,FAN_SIM_5887,MATCH003,1,0,FAILED,FILE_LOCK,2026-07-13 04:30:14,73
TXN00005886,FAN_SIM_5885,MATCH003,1,0,FAILED,FILE_LOCK,2026-07-13 04:30:14,73
TXN00005869,FAN_SIM_5868,MATCH003,1,0,FAILED,FILE_LOCK,2026-07-13 04:30:14,75
TXN00005874,FAN_SIM_5873,MATCH003,1,0,FAILED,FILE_LOCK,2026-07-13 04:30:14,75
TXN00005866,FAN_SIM_5865,MATCH003,1,0,FAILED,FILE_LOCK,2026-07-13 04:30:14,75
TXN00005889,FAN_SIM_5888,MATCH003,1,0,FAILED,FILE_LOCK,2026-07-13 04:30:14,60
TXN00005884,FAN_SIM_5884,MATCH003,1,0,FAILED,FILE_LOCK,2026-07-13 04:30:14,76
TXN00005881,FAN_SIM_5880,MATCH003,1,0,FAILED,FILE_LOCK,2026-07-13 04:30:14,76
TXN00005861,FAN_SIM_5860,MATCH003,1,0,FAILED,FILE_LOCK,2026-07-13 04:30:14,78
TXN00005860,FAN_SIM_5859,MATCH003,1,0,FAILED,FILE_LOCK,2026-07-13 04:30:14,77
TXN00005877,FAN_SIM_5876,MATCH003,1,0,FAILED,FILE_LOCK,2026-07-13 04:30:14,76
TXN00005872,FAN_SIM_5871,MATCH003,1,0,FAILED,FILE_LOCK,2026-07-13 04:30:14,75
TXN00005870,FAN_SIM_5869,MATCH003,1,0,FAILED,FILE_LOCK,2026-07-13 04:30:14,76
TXN00005887,FAN_SIM_5886,MATCH003,1,0,FAILED,FILE_LOCK,2026-07-13 04:30:14,74
TXN00005882,FAN_SIM_5881,MATCH003,1,0,FAILED,FILE_LOCK,2026-07-13 04:30:14,76
TXN00005883,FAN_SIM_5882,MATCH003,1,0,FAILED,FILE_LOCK,2026-07-13 04:30:14,76
TXN00005873,FAN_SIM_5872,MATCH003,1,0,FAILED,FILE_LOCK,2026-07-13 04:30:14,76
TXN00005879,FAN_SIM_5878,MATCH003,1,0,FAILED,FILE_LOCK,2026-07-13 04:30:14,76
TXN00005878,FAN_SIM_5877,MATCH003,1,0,FAILED,FILE_LOCK,2026-07-13 04:30:14,76
TXN00005865,FAN_SIM_5864,MATCH003,1,0,FAILED,FILE_LOCK,2026-07-13 04:30:14,77
TXN00005885,FAN_SIM_5883,MATCH003,1,0,FAILED,FILE_LOCK,2026-07-13 04:30:14,76
TXN00005863,FAN_SIM_5862,MATCH003,1,0,FAILED,FILE_LOCK,2026-07-13 04:30:14,78
TXN00005857,FAN_SIM_5856,MATCH003,1,0,FAILED,FILE_LOCK,2026-07-13 04:30:14,79
TXN00005867,FAN_SIM_5866,MATCH003,1,0,FAILED,FILE_LOCK,2026-07-13 04:30:14,76
TXN00005822,FAN_SIM_5821,MATCH003,1,500000,FAILED,FILE_LOCK,2026-07-13 04:30:14,229
TXN00005880,FAN_SIM_5879,MATCH003,1,0,FAILED,FILE_LOCK,2026-07-13 04:30:14,76
TXN00005871,FAN_SIM_5870,MATCH003,1,0,FAILED,FILE_LOCK,2026-07-13 04:30:14,76
TXN00005895,FAN_SIM_5894,MATCH003,1,0,FAILED,FILE_LOCK,2026-07-13 04:30:14,7
TXN00005890,FAN_SIM_5889,MATCH003,1,0,FAILED,FILE_LOCK,2026-07-13 04:30:14,9
TXN00005898,FAN_SIM_5897,MATCH003,1,0,FAILED,FILE_LOCK,2026-07-13 04:30:14,7
TXN00005896,FAN_SIM_5895,MATCH003,1,0,FAILED,FILE_LOCK,2026-07-13 04:30:14,8
TXN00005892,FAN_SIM_5891,MATCH003,1,0,FAILED,FILE_LOCK,2026-07-13 04:30:14,9
TXN00005891,FAN_SIM_5890,MATCH003,1,0,FAILED,FILE_LOCK,2026-07-13 04:30:14,9
TXN00005897,FAN_SIM_5896,MATCH003,1,0,FAILED,FILE_LOCK,2026-07-13 04:30:14,8
TXN00005802,FAN_SIM_5801,MATCH003,1,500000,FAILED,FILE_LOCK,2026-07-13 04:30:14,241
TXN00005893,FAN_SIM_5892,MATCH003,1,0,FAILED,FILE_LOCK,2026-07-13 04:30:14,9
TXN00005900,FAN_SIM_5899,MATCH003,1,0,FAILED,FILE_LOCK,2026-07-13 04:30:14,4
TXN00005914,FAN_SIM_5914,MATCH003,1,0,FAILED,FILE_LOCK,2026-07-13 04:30:14,3
TXN00005899,FAN_SIM_5898,MATCH003,1,0,FAILED,FILE_LOCK,2026-07-13 04:30:14,4
TXN00005902,FAN_SIM_5901,MATCH003,1,0,FAILED,FILE_LOCK,2026-07-13 04:30:14,4
TXN00005828,FAN_SIM_5827,MATCH003,1,500000,FAILED,FILE_LOCK,2026-07-13 04:30:14,239
TXN00005909,FAN_SIM_5908,MATCH003,1,0,FAILED,FILE_LOCK,2026-07-13 04:30:14,3
TXN00005908,FAN_SIM_5907,MATCH003,1,0,FAILED,FILE_LOCK,2026-07-13 04:30:14,3
TXN00005798,FAN_SIM_5797,MATCH003,1,500000,FAILED,FILE_LOCK,2026-07-13 04:30:14,241
TXN00005903,FAN_SIM_5902,MATCH003,1,0,FAILED,FILE_LOCK,2026-07-13 04:30:14,4
TXN00005855,FAN_SIM_5854,MATCH003,1,500000,FAILED,FILE_LOCK,2026-07-13 04:30:14,237
TXN00005904,FAN_SIM_5903,MATCH003,1,0,FAILED,FILE_LOCK,2026-07-13 04:30:14,3
TXN00005913,FAN_SIM_5912,MATCH003,1,0,FAILED,FILE_LOCK,2026-07-13 04:30:14,3
TXN00005910,FAN_SIM_5909,MATCH003,1,0,FAILED,FILE_LOCK,2026-07-13 04:30:14,3
TXN00005911,FAN_SIM_5910,MATCH003,1,0,FAILED,FILE_LOCK,2026-07-13 04:30:14,3
TXN00005901,FAN_SIM_5900,MATCH003,1,0,FAILED,FILE_LOCK,2026-07-13 04:30:14,4
TXN00005905,FAN_SIM_5904,MATCH003,1,0,FAILED,FILE_LOCK,2026-07-13 04:30:14,3
TXN00005823,FAN_SIM_5822,MATCH003,1,500000,FAILED,FILE_LOCK,2026-07-13 04:30:14,240
TXN00005915,FAN_SIM_5913,MATCH003,1,0,FAILED,FILE_LOCK,2026-07-13 04:30:14,3
TXN00005795,FAN_SIM_5794,MATCH003,1,500000,FAILED,FILE_LOCK,2026-07-13 04:30:14,243
TXN00005906,FAN_SIM_5905,MATCH003,1,0,FAILED,FILE_LOCK,2026-07-13 04:30:14,3
TXN00005805,FAN_SIM_5804,MATCH003,1,500000,FAILED,FILE_LOCK,2026-07-13 04:30:14,240
TXN00005907,FAN_SIM_5906,MATCH003,1,0,FAILED,FILE_LOCK,2026-07-13 04:30:14,3
TXN00005912,FAN_SIM_5911,MATCH003,1,0,FAILED,FILE_LOCK,2026-07-13 04:30:14,3
TXN00005894,FAN_SIM_5893,MATCH003,1,0,FAILED,FILE_LOCK,2026-07-13 04:30:14,10
TXN00005921,FAN_SIM_5920,MATCH003,1,0,FAILED,FILE_LOCK,2026-07-13 04:30:14,2
TXN00005859,FAN_SIM_5858,MATCH003,1,500000,FAILED,FILE_LOCK,2026-07-13 04:30:14,90
TXN00005807,FAN_SIM_5806,MATCH003,1,500000,FAILED,FILE_LOCK,2026-07-13 04:30:14,241
TXN00005804,FAN_SIM_5803,MATCH003,1,500000,FAILED,FILE_LOCK,2026-07-13 04:30:14,242
TXN00005916,FAN_SIM_5915,MATCH003,1,0,FAILED,FILE_LOCK,2026-07-13 04:30:14,4
TXN00005825,FAN_SIM_5824,MATCH003,1,500000,FAILED,FILE_LOCK,2026-07-13 04:30:14,241
TXN00005924,FAN_SIM_5923,MATCH003,1,0,FAILED,FILE_LOCK,2026-07-13 04:30:14,1
TXN00005809,FAN_SIM_5808,MATCH003,1,500000,FAILED,FILE_LOCK,2026-07-13 04:30:14,243
TXN00005824,FAN_SIM_5823,MATCH003,1,500000,FAILED,FILE_LOCK,2026-07-13 04:30:14,240
TXN00005917,FAN_SIM_5916,MATCH003,1,0,FAILED,FILE_LOCK,2026-07-13 04:30:14,4
TXN00005923,FAN_SIM_5922,MATCH003,1,0,FAILED,FILE_LOCK,2026-07-13 04:30:14,2
TXN00005922,FAN_SIM_5921,MATCH003,1,0,FAILED,FILE_LOCK,2026-07-13 04:30:14,2
TXN00005918,FAN_SIM_5917,MATCH003,1,0,FAILED,FILE_LOCK,2026-07-13 04:30:14,4
TXN00005920,FAN_SIM_5919,MATCH003,1,0,FAILED,FILE_LOCK,2026-07-13 04:30:14,3
TXN00005919,FAN_SIM_5918,MATCH003,1,0,FAILED,FILE_LOCK,2026-07-13 04:30:14,4
TXN00005854,FAN_SIM_5853,MATCH003,1,500000,FAILED,FILE_LOCK,2026-07-13 04:30:14,240
TXN00005814,FAN_SIM_5813,MATCH003,1,500000,FAILED,FILE_LOCK,2026-07-13 04:30:14,243
TXN00005794,FAN_SIM_5793,MATCH003,1,500000,FAILED,FILE_LOCK,2026-07-13 04:30:14,246
TXN00005858,FAN_SIM_5857,MATCH003,1,500000,FAILED,FILE_LOCK,2026-07-13 04:30:14,92
TXN00005793,FAN_SIM_5792,MATCH003,1,500000,FAILED,FILE_LOCK,2026-07-13 04:30:14,249
TXN00005810,FAN_SIM_5809,MATCH003,1,500000,FAILED,FILE_LOCK,2026-07-13 04:30:14,244
TXN00005847,FAN_SIM_5846,MATCH003,1,500000,FAILED,FILE_LOCK,2026-07-13 04:30:14,242
TXN00005862,FAN_SIM_5861,MATCH003,1,500000,FAILED,FILE_LOCK,2026-07-13 04:30:14,92
TXN00005801,FAN_SIM_5800,MATCH003,1,500000,FAILED,FILE_LOCK,2026-07-13 04:30:14,245
TXN00005815,FAN_SIM_5814,MATCH003,1,500000,FAILED,FILE_LOCK,2026-07-13 04:30:14,256
TXN00005799,FAN_SIM_5798,MATCH003,1,500000,FAILED,FILE_LOCK,2026-07-13 04:30:14,258
TXN00005846,FAN_SIM_5845,MATCH003,1,500000,FAILED,FILE_LOCK,2026-07-13 04:30:14,258
TXN00005853,FAN_SIM_5852,MATCH003,1,500000,FAILED,FILE_LOCK,2026-07-13 04:30:15,285
TXN00005933,FAN_SIM_5932,MATCH003,1,0,FAILED,FILE_LOCK,2026-07-13 04:30:15,44
TXN00005817,FAN_SIM_5816,MATCH003,1,500000,FAILED,FILE_LOCK,2026-07-13 04:30:15,288
TXN00005932,FAN_SIM_5931,MATCH003,1,0,FAILED,FILE_LOCK,2026-07-13 04:30:15,44
TXN00005973,FAN_SIM_5972,MATCH003,1,0,FAILED,FILE_LOCK,2026-07-13 04:30:15,35
TXN00005934,FAN_SIM_5933,MATCH003,1,0,FAILED,FILE_LOCK,2026-07-13 04:30:15,44
TXN00005951,FAN_SIM_5950,MATCH003,1,0,FAILED,FILE_LOCK,2026-07-13 04:30:15,43
TXN00005975,FAN_SIM_5974,MATCH003,1,0,FAILED,FILE_LOCK,2026-07-13 04:30:15,33
TXN00005925,FAN_SIM_5924,MATCH003,1,0,FAILED,FILE_LOCK,2026-07-13 04:30:15,47
TXN00005937,FAN_SIM_5936,MATCH003,1,0,FAILED,FILE_LOCK,2026-07-13 04:30:15,44
TXN00005929,FAN_SIM_5928,MATCH003,1,0,FAILED,FILE_LOCK,2026-07-13 04:30:15,45
TXN00005939,FAN_SIM_5938,MATCH003,1,0,FAILED,FILE_LOCK,2026-07-13 04:30:15,43
TXN00005811,FAN_SIM_5810,MATCH003,1,500000,FAILED,FILE_LOCK,2026-07-13 04:30:15,289
TXN00005926,FAN_SIM_5925,MATCH003,1,0,FAILED,FILE_LOCK,2026-07-13 04:30:15,48
TXN00005942,FAN_SIM_5941,MATCH003,1,0,FAILED,FILE_LOCK,2026-07-13 04:30:15,43
TXN00005936,FAN_SIM_5935,MATCH003,1,500000,FAILED,FILE_LOCK,2026-07-13 04:30:15,85
TXN00005940,FAN_SIM_5939,MATCH003,1,0,FAILED,FILE_LOCK,2026-07-13 04:30:15,43
TXN00005928,FAN_SIM_5927,MATCH003,1,0,FAILED,FILE_LOCK,2026-07-13 04:30:15,47
TXN00005945,FAN_SIM_5944,MATCH003,1,0,FAILED,FILE_LOCK,2026-07-13 04:30:15,43
TXN00005949,FAN_SIM_5948,MATCH003,1,0,FAILED,FILE_LOCK,2026-07-13 04:30:15,43
TXN00005816,FAN_SIM_5815,MATCH003,1,500000,FAILED,FILE_LOCK,2026-07-13 04:30:15,339
TXN00005968,FAN_SIM_5967,MATCH003,1,0,FAILED,FILE_LOCK,2026-07-13 04:30:15,94
TXN00005962,FAN_SIM_5961,MATCH003,1,0,FAILED,FILE_LOCK,2026-07-13 04:30:15,94
TXN00005958,FAN_SIM_5957,MATCH003,1,0,FAILED,FILE_LOCK,2026-07-13 04:30:15,94
TXN00005850,FAN_SIM_5849,MATCH003,1,500000,FAILED,FILE_LOCK,2026-07-13 04:30:15,338
TXN00005982,FAN_SIM_5981,MATCH003,1,0,FAILED,FILE_LOCK,2026-07-13 04:30:15,9
TXN00005941,FAN_SIM_5940,MATCH003,1,0,FAILED,FILE_LOCK,2026-07-13 04:30:15,94
TXN00005803,FAN_SIM_5802,MATCH003,1,500000,FAILED,FILE_LOCK,2026-07-13 04:30:15,340
TXN00005957,FAN_SIM_5956,MATCH003,1,0,FAILED,FILE_LOCK,2026-07-13 04:30:15,94
TXN00005960,FAN_SIM_5959,MATCH003,1,0,FAILED,FILE_LOCK,2026-07-13 04:30:15,94
TXN00005806,FAN_SIM_5805,MATCH003,1,500000,FAILED,FILE_LOCK,2026-07-13 04:30:15,340
TXN00005954,FAN_SIM_5953,MATCH003,1,0,FAILED,FILE_LOCK,2026-07-13 04:30:15,94
TXN00005959,FAN_SIM_5958,MATCH003,1,0,FAILED,FILE_LOCK,2026-07-13 04:30:15,94
TXN00005953,FAN_SIM_5952,MATCH003,1,0,FAILED,FILE_LOCK,2026-07-13 04:30:15,94
TXN00005983,FAN_SIM_5982,MATCH003,1,0,FAILED,FILE_LOCK,2026-07-13 04:30:15,6
TXN00005970,FAN_SIM_5969,MATCH003,1,0,FAILED,FILE_LOCK,2026-07-13 04:30:15,86
TXN00005820,FAN_SIM_5819,MATCH003,1,500000,FAILED,FILE_LOCK,2026-07-13 04:30:15,339
TXN00005930,FAN_SIM_5929,MATCH003,1,500000,FAILED,FILE_LOCK,2026-07-13 04:30:15,97
TXN00005984,FAN_SIM_5983,MATCH003,1,0,FAILED,FILE_LOCK,2026-07-13 04:30:15,1
TXN00005969,FAN_SIM_5968,MATCH003,1,500000,FAILED,FILE_LOCK,2026-07-13 04:30:15,87
TXN00005986,FAN_SIM_5985,MATCH003,1,0,FAILED,FILE_LOCK,2026-07-13 04:30:15,0
TXN00005963,FAN_SIM_5962,MATCH003,1,0,FAILED,FILE_LOCK,2026-07-13 04:30:15,94
TXN00005981,FAN_SIM_5980,MATCH003,1,500000,FAILED,FILE_LOCK,2026-07-13 04:30:15,51
TXN00005935,FAN_SIM_5934,MATCH003,1,500000,FAILED,FILE_LOCK,2026-07-13 04:30:15,95
TXN00005979,FAN_SIM_5978,MATCH003,1,0,FAILED,FILE_LOCK,2026-07-13 04:30:15,82
TXN00005944,FAN_SIM_5943,MATCH003,1,0,FAILED,FILE_LOCK,2026-07-13 04:30:15,94
TXN00005964,FAN_SIM_5963,MATCH003,1,500000,FAILED,FILE_LOCK,2026-07-13 04:30:15,94
TXN00005974,FAN_SIM_5973,MATCH003,1,0,FAILED,FILE_LOCK,2026-07-13 04:30:15,84
TXN00005977,FAN_SIM_5976,MATCH003,1,0,FAILED,FILE_LOCK,2026-07-13 04:30:15,82
TXN00005978,FAN_SIM_5977,MATCH003,1,0,FAILED,FILE_LOCK,2026-07-13 04:30:15,82
TXN00005943,FAN_SIM_5942,MATCH003,1,500000,FAILED,FILE_LOCK,2026-07-13 04:30:15,94
TXN00005948,FAN_SIM_5947,MATCH003,1,0,FAILED,FILE_LOCK,2026-07-13 04:30:15,94
TXN00005931,FAN_SIM_5930,MATCH003,1,0,FAILED,FILE_LOCK,2026-07-13 04:30:15,96
TXN00005971,FAN_SIM_5970,MATCH003,1,500000,FAILED,FILE_LOCK,2026-07-13 04:30:15,88
TXN00005955,FAN_SIM_5954,MATCH003,1,0,FAILED,FILE_LOCK,2026-07-13 04:30:15,94
TXN00005985,FAN_SIM_5984,MATCH003,1,0,FAILED,FILE_LOCK,2026-07-13 04:30:15,1
TXN00005938,FAN_SIM_5937,MATCH003,1,500000,FAILED,FILE_LOCK,2026-07-13 04:30:15,96
TXN00005980,FAN_SIM_5979,MATCH003,1,0,FAILED,FILE_LOCK,2026-07-13 04:30:15,79
TXN00005972,FAN_SIM_5971,MATCH003,1,0,FAILED,FILE_LOCK,2026-07-13 04:30:15,86
TXN00005961,FAN_SIM_5960,MATCH003,1,0,FAILED,FILE_LOCK,2026-07-13 04:30:15,94
TXN00005976,FAN_SIM_5975,MATCH003,1,0,FAILED,FILE_LOCK,2026-07-13 04:30:15,83
TXN00005967,FAN_SIM_5966,MATCH003,1,0,FAILED,FILE_LOCK,2026-07-13 04:30:15,94
TXN00005950,FAN_SIM_5949,MATCH003,1,0,FAILED,FILE_LOCK,2026-07-13 04:30:15,94
TXN00005927,FAN_SIM_5926,MATCH003,1,500000,FAILED,FILE_LOCK,2026-07-13 04:30:15,98
TXN00005956,FAN_SIM_5955,MATCH003,1,0,FAILED,FILE_LOCK,2026-07-13 04:30:15,94
TXN00005947,FAN_SIM_5946,MATCH003,1,0,FAILED,FILE_LOCK,2026-07-13 04:30:15,94
TXN00005965,FAN_SIM_5964,MATCH003,1,0,FAILED,FILE_LOCK,2026-07-13 04:30:15,94
TXN00005952,FAN_SIM_5951,MATCH003,1,0,FAILED,FILE_LOCK,2026-07-13 04:30:15,94
TXN00005946,FAN_SIM_5945,MATCH003,1,0,FAILED,FILE_LOCK,2026-07-13 04:30:15,94
TXN00005966,FAN_SIM_5965,MATCH003,1,0,FAILED,FILE_LOCK,2026-07-13 04:30:15,94
TXN00006038,FAN_SIM_6037,MATCH003,1,0,FAILED,FILE_LOCK,2026-07-13 04:30:15,84
TXN00006012,FAN_SIM_6011,MATCH003,1,0,FAILED,FILE_LOCK,2026-07-13 04:30:15,85
TXN00005999,FAN_SIM_5998,MATCH003,1,0,FAILED,FILE_LOCK,2026-07-13 04:30:15,88
TXN00005995,FAN_SIM_5994,MATCH003,1,0,FAILED,FILE_LOCK,2026-07-13 04:30:15,88
TXN00006045,FAN_SIM_6044,MATCH003,1,0,FAILED,FILE_LOCK,2026-07-13 04:30:15,48
TXN00006021,FAN_SIM_6020,MATCH003,1,0,FAILED,FILE_LOCK,2026-07-13 04:30:15,87
TXN00006039,FAN_SIM_6038,MATCH003,1,0,FAILED,FILE_LOCK,2026-07-13 04:30:15,86
TXN00006005,FAN_SIM_6004,MATCH003,1,0,FAILED,FILE_LOCK,2026-07-13 04:30:15,87
TXN00006003,FAN_SIM_6002,MATCH003,1,0,FAILED,FILE_LOCK,2026-07-13 04:30:15,118
TXN00006000,FAN_SIM_5999,MATCH003,1,0,FAILED,FILE_LOCK,2026-07-13 04:30:15,90
TXN00006008,FAN_SIM_6007,MATCH003,1,0,FAILED,FILE_LOCK,2026-07-13 04:30:15,117
TXN00006040,FAN_SIM_6039,MATCH003,1,0,FAILED,FILE_LOCK,2026-07-13 04:30:15,87
TXN00005998,FAN_SIM_5997,MATCH003,1,500000,FAILED,FILE_LOCK,2026-07-13 04:30:15,119
TXN00006036,FAN_SIM_6035,MATCH003,1,0,FAILED,FILE_LOCK,2026-07-13 04:30:15,117
TXN00006059,FAN_SIM_6058,MATCH003,1,0,FAILED,FILE_LOCK,2026-07-13 04:30:15,13
TXN00006009,FAN_SIM_6008,MATCH003,1,0,FAILED,FILE_LOCK,2026-07-13 04:30:15,215
TXN00006026,FAN_SIM_6026,MATCH003,1,0,FAILED,FILE_LOCK,2026-07-13 04:30:15,215
TXN00006027,FAN_SIM_6025,MATCH003,1,0,FAILED,FILE_LOCK,2026-07-13 04:30:15,215
TXN00006019,FAN_SIM_6018,MATCH003,1,0,FAILED,FILE_LOCK,2026-07-13 04:30:15,215
TXN00006023,FAN_SIM_6022,MATCH003,1,0,FAILED,FILE_LOCK,2026-07-13 04:30:15,215
TXN00006024,FAN_SIM_6023,MATCH003,1,0,FAILED,FILE_LOCK,2026-07-13 04:30:15,215
TXN00006022,FAN_SIM_6021,MATCH003,1,0,FAILED,FILE_LOCK,2026-07-13 04:30:15,215
TXN00006030,FAN_SIM_6029,MATCH003,1,0,FAILED,FILE_LOCK,2026-07-13 04:30:15,215
TXN00006056,FAN_SIM_6055,MATCH003,1,0,FAILED,FILE_LOCK,2026-07-13 04:30:15,98
TXN00006018,FAN_SIM_6017,MATCH003,1,0,FAILED,FILE_LOCK,2026-07-13 04:30:15,215
TXN00006017,FAN_SIM_6016,MATCH003,1,500000,FAILED,FILE_LOCK,2026-07-13 04:30:15,215
TXN00006052,FAN_SIM_6051,MATCH003,1,0,FAILED,FILE_LOCK,2026-07-13 04:30:15,128
TXN00006028,FAN_SIM_6027,MATCH003,1,0,FAILED,FILE_LOCK,2026-07-13 04:30:15,215
TXN00006042,FAN_SIM_6043,MATCH003,1,0,FAILED,FILE_LOCK,2026-07-13 04:30:15,177
TXN00006033,FAN_SIM_6032,MATCH003,1,0,FAILED,FILE_LOCK,2026-07-13 04:30:15,215
TXN00006029,FAN_SIM_6028,MATCH003,1,0,FAILED,FILE_LOCK,2026-07-13 04:30:15,215
TXN00006025,FAN_SIM_6024,MATCH003,1,0,FAILED,FILE_LOCK,2026-07-13 04:30:15,215
TXN00006035,FAN_SIM_6034,MATCH003,1,0,FAILED,FILE_LOCK,2026-07-13 04:30:15,215
TXN00006051,FAN_SIM_6050,MATCH003,1,0,FAILED,FILE_LOCK,2026-07-13 04:30:15,128
TXN00006020,FAN_SIM_6019,MATCH003,1,0,FAILED,FILE_LOCK,2026-07-13 04:30:15,215
TXN00006057,FAN_SIM_6056,MATCH003,1,0,FAILED,FILE_LOCK,2026-07-13 04:30:15,46
TXN00006049,FAN_SIM_6046,MATCH003,1,0,FAILED,FILE_LOCK,2026-07-13 04:30:15,178
TXN00006034,FAN_SIM_6033,MATCH003,1,0,FAILED,FILE_LOCK,2026-07-13 04:30:15,216
TXN00006060,FAN_SIM_6059,MATCH003,1,0,FAILED,FILE_LOCK,2026-07-13 04:30:15,4
TXN00006061,FAN_SIM_6060,MATCH003,1,0,FAILED,FILE_LOCK,2026-07-13 04:30:15,2
TXN00006058,FAN_SIM_6057,MATCH003,1,0,FAILED,FILE_LOCK,2026-07-13 04:30:15,14
TXN00006041,FAN_SIM_6040,MATCH003,1,0,FAILED,FILE_LOCK,2026-07-13 04:30:15,206
TXN00006054,FAN_SIM_6053,MATCH003,1,0,FAILED,FILE_LOCK,2026-07-13 04:30:15,99
TXN00006047,FAN_SIM_6048,MATCH003,1,0,FAILED,FILE_LOCK,2026-07-13 04:30:15,178
TXN00006043,FAN_SIM_6041,MATCH003,1,0,FAILED,FILE_LOCK,2026-07-13 04:30:15,178
TXN00006046,FAN_SIM_6049,MATCH003,1,0,FAILED,FILE_LOCK,2026-07-13 04:30:15,178
TXN00006062,FAN_SIM_6061,MATCH003,1,0,FAILED,FILE_LOCK,2026-07-13 04:30:15,2
TXN00006064,FAN_SIM_6063,MATCH003,1,0,FAILED,FILE_LOCK,2026-07-13 04:30:15,2
TXN00006063,FAN_SIM_6062,MATCH003,1,0,FAILED,FILE_LOCK,2026-07-13 04:30:15,2
TXN00005991,FAN_SIM_5990,MATCH003,1,500000,FAILED,FILE_LOCK,2026-07-13 04:30:15,220
TXN00006071,FAN_SIM_6070,MATCH003,1,0,FAILED,FILE_LOCK,2026-07-13 04:30:15,1
TXN00006070,FAN_SIM_6069,MATCH003,1,0,FAILED,FILE_LOCK,2026-07-13 04:30:15,0
TXN00005989,FAN_SIM_5988,MATCH003,1,500000,FAILED,FILE_LOCK,2026-07-13 04:30:15,220
TXN00006072,FAN_SIM_6071,MATCH003,1,0,FAILED,FILE_LOCK,2026-07-13 04:30:15,1
TXN00006016,FAN_SIM_6015,MATCH003,1,500000,FAILED,FILE_LOCK,2026-07-13 04:30:15,217
TXN00006065,FAN_SIM_6064,MATCH003,1,0,FAILED,FILE_LOCK,2026-07-13 04:30:15,1
TXN00005996,FAN_SIM_5995,MATCH003,1,500000,FAILED,FILE_LOCK,2026-07-13 04:30:15,221
TXN00006067,FAN_SIM_6066,MATCH003,1,0,FAILED,FILE_LOCK,2026-07-13 04:30:15,0
TXN00005992,FAN_SIM_5991,MATCH003,1,500000,FAILED,FILE_LOCK,2026-07-13 04:30:15,221
TXN00006075,FAN_SIM_6074,MATCH003,1,0,FAILED,FILE_LOCK,2026-07-13 04:30:15,0
TXN00006015,FAN_SIM_6014,MATCH003,1,500000,FAILED,FILE_LOCK,2026-07-13 04:30:15,218
TXN00006068,FAN_SIM_6067,MATCH003,1,0,FAILED,FILE_LOCK,2026-07-13 04:30:15,0
TXN00006014,FAN_SIM_6013,MATCH003,1,500000,FAILED,FILE_LOCK,2026-07-13 04:30:15,216
TXN00006066,FAN_SIM_6065,MATCH003,1,0,FAILED,FILE_LOCK,2026-07-13 04:30:15,1
TXN00006069,FAN_SIM_6068,MATCH003,1,0,FAILED,FILE_LOCK,2026-07-13 04:30:15,0
TXN00006073,FAN_SIM_6072,MATCH003,1,0,FAILED,FILE_LOCK,2026-07-13 04:30:15,1
TXN00006076,FAN_SIM_6075,MATCH003,1,0,FAILED,FILE_LOCK,2026-07-13 04:30:15,0
TXN00006074,FAN_SIM_6073,MATCH003,1,0,FAILED,FILE_LOCK,2026-07-13 04:30:15,1
TXN00006078,FAN_SIM_6077,MATCH003,1,0,FAILED,FILE_LOCK,2026-07-13 04:30:15,19
TXN00006079,FAN_SIM_6078,MATCH003,1,0,FAILED,FILE_LOCK,2026-07-13 04:30:15,20
TXN00006001,FAN_SIM_6000,MATCH003,1,500000,FAILED,FILE_LOCK,2026-07-13 04:30:15,239
TXN00005997,FAN_SIM_5996,MATCH003,1,500000,FAILED,FILE_LOCK,2026-07-13 04:30:15,241
TXN00005988,FAN_SIM_5987,MATCH003,1,500000,FAILED,FILE_LOCK,2026-07-13 04:30:15,242
TXN00006013,FAN_SIM_6012,MATCH003,1,500000,FAILED,FILE_LOCK,2026-07-13 04:30:15,238
TXN00006011,FAN_SIM_6010,MATCH003,1,500000,FAILED,FILE_LOCK,2026-07-13 04:30:15,238
TXN00006007,FAN_SIM_6006,MATCH003,1,500000,FAILED,FILE_LOCK,2026-07-13 04:30:15,240
TXN00005987,FAN_SIM_5986,MATCH003,1,500000,FAILED,FILE_LOCK,2026-07-13 04:30:15,246
TXN00006055,FAN_SIM_6054,MATCH003,1,500000,FAILED,FILE_LOCK,2026-07-13 04:30:15,123
TXN00005993,FAN_SIM_5992,MATCH003,1,500000,FAILED,FILE_LOCK,2026-07-13 04:30:15,243
TXN00006085,FAN_SIM_6085,MATCH003,1,0,FAILED,FILE_LOCK,2026-07-13 04:30:15,4
TXN00006077,FAN_SIM_6076,MATCH003,1,0,FAILED,FILE_LOCK,2026-07-13 04:30:15,22
TXN00006091,FAN_SIM_6094,MATCH003,1,0,FAILED,FILE_LOCK,2026-07-13 04:30:15,4
TXN00006080,FAN_SIM_6079,MATCH003,1,0,FAILED,FILE_LOCK,2026-07-13 04:30:15,22
TXN00006084,FAN_SIM_6080,MATCH003,1,0,FAILED,FILE_LOCK,2026-07-13 04:30:15,4
TXN00006090,FAN_SIM_6089,MATCH003,1,0,FAILED,FILE_LOCK,2026-07-13 04:30:15,4
TXN00006096,FAN_SIM_6095,MATCH003,1,0,FAILED,FILE_LOCK,2026-07-13 04:30:15,3
TXN00006083,FAN_SIM_6083,MATCH003,1,0,FAILED,FILE_LOCK,2026-07-13 04:30:15,4
TXN00006082,FAN_SIM_6081,MATCH003,1,0,FAILED,FILE_LOCK,2026-07-13 04:30:15,5
TXN00006031,FAN_SIM_6030,MATCH003,1,500000,FAILED,FILE_LOCK,2026-07-13 04:30:15,240
TXN00006006,FAN_SIM_6005,MATCH003,1,500000,FAILED,FILE_LOCK,2026-07-13 04:30:15,241
TXN00006087,FAN_SIM_6086,MATCH003,1,0,FAILED,FILE_LOCK,2026-07-13 04:30:15,4
TXN00006086,FAN_SIM_6084,MATCH003,1,0,FAILED,FILE_LOCK,2026-07-13 04:30:15,4
TXN00006092,FAN_SIM_6093,MATCH003,1,0,FAILED,FILE_LOCK,2026-07-13 04:30:15,5
TXN00006089,FAN_SIM_6088,MATCH003,1,0,FAILED,FILE_LOCK,2026-07-13 04:30:15,5
TXN00006081,FAN_SIM_6082,MATCH003,1,0,FAILED,FILE_LOCK,2026-07-13 04:30:15,5
TXN00006095,FAN_SIM_6091,MATCH003,1,0,FAILED,FILE_LOCK,2026-07-13 04:30:15,5
TXN00006105,FAN_SIM_6104,MATCH003,1,0,FAILED,FILE_LOCK,2026-07-13 04:30:15,3
TXN00006100,FAN_SIM_6099,MATCH003,1,0,FAILED,FILE_LOCK,2026-07-13 04:30:15,3
TXN00006032,FAN_SIM_6031,MATCH003,1,500000,FAILED,FILE_LOCK,2026-07-13 04:30:15,242
TXN00006093,FAN_SIM_6092,MATCH003,1,0,FAILED,FILE_LOCK,2026-07-13 04:30:15,5
TXN00006004,FAN_SIM_6003,MATCH003,1,500000,FAILED,FILE_LOCK,2026-07-13 04:30:15,244
TXN00006114,FAN_SIM_6113,MATCH003,1,0,FAILED,FILE_LOCK,2026-07-13 04:30:15,3
TXN00006010,FAN_SIM_6009,MATCH003,1,500000,FAILED,FILE_LOCK,2026-07-13 04:30:15,243
TXN00006121,FAN_SIM_6120,MATCH003,1,0,FAILED,FILE_LOCK,2026-07-13 04:30:15,4
TXN00006050,FAN_SIM_6045,MATCH003,1,500000,FAILED,FILE_LOCK,2026-07-13 04:30:15,205
TXN00006108,FAN_SIM_6107,MATCH003,1,0,FAILED,FILE_LOCK,2026-07-13 04:30:15,3
TXN00006002,FAN_SIM_6001,MATCH003,1,500000,FAILED,FILE_LOCK,2026-07-13 04:30:15,243
TXN00005994,FAN_SIM_5993,MATCH003,1,500000,FAILED,FILE_LOCK,2026-07-13 04:30:15,246
TXN00006104,FAN_SIM_6103,MATCH003,1,0,FAILED,FILE_LOCK,2026-07-13 04:30:15,3
TXN00006053,FAN_SIM_6052,MATCH003,1,500000,FAILED,FILE_LOCK,2026-07-13 04:30:15,154
TXN00006106,FAN_SIM_6105,MATCH003,1,0,FAILED,FILE_LOCK,2026-07-13 04:30:15,3
TXN00006115,FAN_SIM_6114,MATCH003,1,0,FAILED,FILE_LOCK,2026-07-13 04:30:15,3
TXN00006125,FAN_SIM_6124,MATCH003,1,0,FAILED,FILE_LOCK,2026-07-13 04:30:15,2
TXN00006103,FAN_SIM_6102,MATCH003,1,0,FAILED,FILE_LOCK,2026-07-13 04:30:15,3
TXN00006044,FAN_SIM_6042,MATCH003,1,500000,FAILED,FILE_LOCK,2026-07-13 04:30:15,205
TXN00006124,FAN_SIM_6123,MATCH003,1,0,FAILED,FILE_LOCK,2026-07-13 04:30:15,2
TXN00006048,FAN_SIM_6047,MATCH003,1,500000,FAILED,FILE_LOCK,2026-07-13 04:30:15,204
TXN00006122,FAN_SIM_6121,MATCH003,1,0,FAILED,FILE_LOCK,2026-07-13 04:30:15,4
TXN00006118,FAN_SIM_6117,MATCH003,1,0,FAILED,FILE_LOCK,2026-07-13 04:30:15,3
TXN00006037,FAN_SIM_6036,MATCH003,1,500000,FAILED,FILE_LOCK,2026-07-13 04:30:15,243
TXN00006123,FAN_SIM_6122,MATCH003,1,0,FAILED,FILE_LOCK,2026-07-13 04:30:15,2
TXN00006116,FAN_SIM_6115,MATCH003,1,0,FAILED,FILE_LOCK,2026-07-13 04:30:15,4
TXN00006112,FAN_SIM_6111,MATCH003,1,0,FAILED,FILE_LOCK,2026-07-13 04:30:15,3
TXN00005990,FAN_SIM_5989,MATCH003,1,500000,FAILED,FILE_LOCK,2026-07-13 04:30:15,245
TXN00006094,FAN_SIM_6090,MATCH003,1,0,FAILED,FILE_LOCK,2026-07-13 04:30:15,5
TXN00006107,FAN_SIM_6106,MATCH003,1,0,FAILED,FILE_LOCK,2026-07-13 04:30:15,3
TXN00006088,FAN_SIM_6087,MATCH003,1,0,FAILED,FILE_LOCK,2026-07-13 04:30:15,5
TXN00006098,FAN_SIM_6097,MATCH003,1,0,FAILED,FILE_LOCK,2026-07-13 04:30:15,4
TXN00006113,FAN_SIM_6112,MATCH003,1,0,FAILED,FILE_LOCK,2026-07-13 04:30:15,4
TXN00006099,FAN_SIM_6098,MATCH003,1,0,FAILED,FILE_LOCK,2026-07-13 04:30:15,4
TXN00006117,FAN_SIM_6116,MATCH003,1,0,FAILED,FILE_LOCK,2026-07-13 04:30:15,3
TXN00006109,FAN_SIM_6108,MATCH003,1,0,FAILED,FILE_LOCK,2026-07-13 04:30:15,3
TXN00006119,FAN_SIM_6118,MATCH003,1,0,FAILED,FILE_LOCK,2026-07-13 04:30:15,4
TXN00006111,FAN_SIM_6110,MATCH003,1,0,FAILED,FILE_LOCK,2026-07-13 04:30:15,4
TXN00006102,FAN_SIM_6101,MATCH003,1,0,FAILED,FILE_LOCK,2026-07-13 04:30:15,3
TXN00006120,FAN_SIM_6119,MATCH003,1,0,FAILED,FILE_LOCK,2026-07-13 04:30:15,4
TXN00006101,FAN_SIM_6100,MATCH003,1,0,FAILED,FILE_LOCK,2026-07-13 04:30:15,3
TXN00006097,FAN_SIM_6096,MATCH003,1,0,FAILED,FILE_LOCK,2026-07-13 04:30:15,4
TXN00006110,FAN_SIM_6109,MATCH003,1,0,FAILED,FILE_LOCK,2026-07-13 04:30:15,3
TXN00006145,FAN_SIM_6144,MATCH003,1,0,FAILED,FILE_LOCK,2026-07-13 04:30:15,74
TXN00006132,FAN_SIM_6131,MATCH003,1,0,FAILED,FILE_LOCK,2026-07-13 04:30:15,75
TXN00006158,FAN_SIM_6157,MATCH003,1,0,FAILED,FILE_LOCK,2026-07-13 04:30:15,75
TXN00006161,FAN_SIM_6160,MATCH003,1,0,FAILED,FILE_LOCK,2026-07-13 04:30:15,75
TXN00006172,FAN_SIM_6171,MATCH003,1,0,FAILED,FILE_LOCK,2026-07-13 04:30:15,75
TXN00006151,FAN_SIM_6150,MATCH003,1,0,FAILED,FILE_LOCK,2026-07-13 04:30:15,75
TXN00006148,FAN_SIM_6147,MATCH003,1,0,FAILED,FILE_LOCK,2026-07-13 04:30:15,75
TXN00006171,FAN_SIM_6170,MATCH003,1,0,FAILED,FILE_LOCK,2026-07-13 04:30:15,75
TXN00006144,FAN_SIM_6143,MATCH003,1,0,FAILED,FILE_LOCK,2026-07-13 04:30:15,75
TXN00006143,FAN_SIM_6142,MATCH003,1,0,FAILED,FILE_LOCK,2026-07-13 04:30:15,75
TXN00006141,FAN_SIM_6140,MATCH003,1,0,FAILED,FILE_LOCK,2026-07-13 04:30:15,75
TXN00006167,FAN_SIM_6166,MATCH003,1,0,FAILED,FILE_LOCK,2026-07-13 04:30:15,75
TXN00006147,FAN_SIM_6146,MATCH003,1,0,FAILED,FILE_LOCK,2026-07-13 04:30:15,75
TXN00006164,FAN_SIM_6163,MATCH003,1,0,FAILED,FILE_LOCK,2026-07-13 04:30:15,75
TXN00006159,FAN_SIM_6158,MATCH003,1,0,FAILED,FILE_LOCK,2026-07-13 04:30:15,75
TXN00006168,FAN_SIM_6167,MATCH003,1,0,FAILED,FILE_LOCK,2026-07-13 04:30:15,75
TXN00006146,FAN_SIM_6145,MATCH003,1,0,FAILED,FILE_LOCK,2026-07-13 04:30:15,75
TXN00006176,FAN_SIM_6175,MATCH003,1,0,FAILED,FILE_LOCK,2026-07-13 04:30:15,73
TXN00006184,FAN_SIM_6183,MATCH003,1,0,FAILED,FILE_LOCK,2026-07-13 04:30:15,74
TXN00006162,FAN_SIM_6161,MATCH003,1,0,FAILED,FILE_LOCK,2026-07-13 04:30:15,75
TXN00006155,FAN_SIM_6154,MATCH003,1,0,FAILED,FILE_LOCK,2026-07-13 04:30:15,76
TXN00006173,FAN_SIM_6172,MATCH003,1,0,FAILED,FILE_LOCK,2026-07-13 04:30:15,76
TXN00006160,FAN_SIM_6159,MATCH003,1,0,FAILED,FILE_LOCK,2026-07-13 04:30:15,76
TXN00006142,FAN_SIM_6141,MATCH003,1,0,FAILED,FILE_LOCK,2026-07-13 04:30:15,75
TXN00006163,FAN_SIM_6162,MATCH003,1,0,FAILED,FILE_LOCK,2026-07-13 04:30:15,76
TXN00006150,FAN_SIM_6149,MATCH003,1,0,FAILED,FILE_LOCK,2026-07-13 04:30:15,76
TXN00006180,FAN_SIM_6179,MATCH003,1,0,FAILED,FILE_LOCK,2026-07-13 04:30:15,74
TXN00006178,FAN_SIM_6177,MATCH003,1,0,FAILED,FILE_LOCK,2026-07-13 04:30:15,74
TXN00006134,FAN_SIM_6133,MATCH003,1,0,FAILED,FILE_LOCK,2026-07-13 04:30:15,77
TXN00006182,FAN_SIM_6181,MATCH003,1,0,FAILED,FILE_LOCK,2026-07-13 04:30:15,74
TXN00006169,FAN_SIM_6168,MATCH003,1,0,FAILED,FILE_LOCK,2026-07-13 04:30:15,76
TXN00006183,FAN_SIM_6182,MATCH003,1,0,FAILED,FILE_LOCK,2026-07-13 04:30:15,74
TXN00006157,FAN_SIM_6156,MATCH003,1,0,FAILED,FILE_LOCK,2026-07-13 04:30:15,76
TXN00006139,FAN_SIM_6138,MATCH003,1,0,FAILED,FILE_LOCK,2026-07-13 04:30:15,77
TXN00006175,FAN_SIM_6174,MATCH003,1,0,FAILED,FILE_LOCK,2026-07-13 04:30:15,76
TXN00006186,FAN_SIM_6186,MATCH003,1,0,FAILED,FILE_LOCK,2026-07-13 04:30:15,74
TXN00006185,FAN_SIM_6184,MATCH003,1,0,FAILED,FILE_LOCK,2026-07-13 04:30:15,74
TXN00006152,FAN_SIM_6151,MATCH003,1,0,FAILED,FILE_LOCK,2026-07-13 04:30:15,76
TXN00006192,FAN_SIM_6191,MATCH003,1,0,FAILED,FILE_LOCK,2026-07-13 04:30:15,1
TXN00006153,FAN_SIM_6152,MATCH003,1,0,FAILED,FILE_LOCK,2026-07-13 04:30:15,76
TXN00006166,FAN_SIM_6165,MATCH003,1,0,FAILED,FILE_LOCK,2026-07-13 04:30:15,77
TXN00006181,FAN_SIM_6180,MATCH003,1,0,FAILED,FILE_LOCK,2026-07-13 04:30:15,75
TXN00006149,FAN_SIM_6148,MATCH003,1,0,FAILED,FILE_LOCK,2026-07-13 04:30:15,77
TXN00006127,FAN_SIM_6126,MATCH003,1,500000,FAILED,FILE_LOCK,2026-07-13 04:30:15,86
TXN00006130,FAN_SIM_6129,MATCH003,1,0,FAILED,FILE_LOCK,2026-07-13 04:30:15,80
TXN00006131,FAN_SIM_6130,MATCH003,1,500000,FAILED,FILE_LOCK,2026-07-13 04:30:15,81
TXN00006128,FAN_SIM_6127,MATCH003,1,0,FAILED,FILE_LOCK,2026-07-13 04:30:15,84
TXN00006170,FAN_SIM_6169,MATCH003,1,0,FAILED,FILE_LOCK,2026-07-13 04:30:15,76
TXN00006138,FAN_SIM_6137,MATCH003,1,0,FAILED,FILE_LOCK,2026-07-13 04:30:15,78
TXN00006193,FAN_SIM_6192,MATCH003,1,0,FAILED,FILE_LOCK,2026-07-13 04:30:15,0
TXN00006179,FAN_SIM_6178,MATCH003,1,0,FAILED,FILE_LOCK,2026-07-13 04:30:15,75
TXN00006187,FAN_SIM_6185,MATCH003,1,0,FAILED,FILE_LOCK,2026-07-13 04:30:15,75
TXN00006177,FAN_SIM_6176,MATCH003,1,0,FAILED,FILE_LOCK,2026-07-13 04:30:15,74
TXN00006135,FAN_SIM_6134,MATCH003,1,0,FAILED,FILE_LOCK,2026-07-13 04:30:15,78
TXN00006165,FAN_SIM_6164,MATCH003,1,0,FAILED,FILE_LOCK,2026-07-13 04:30:15,76
TXN00006129,FAN_SIM_6128,MATCH003,1,0,FAILED,FILE_LOCK,2026-07-13 04:30:15,82
TXN00006136,FAN_SIM_6135,MATCH003,1,0,FAILED,FILE_LOCK,2026-07-13 04:30:15,78
TXN00006154,FAN_SIM_6153,MATCH003,1,0,FAILED,FILE_LOCK,2026-07-13 04:30:15,77
TXN00006126,FAN_SIM_6125,MATCH003,1,0,FAILED,FILE_LOCK,2026-07-13 04:30:15,85
TXN00006190,FAN_SIM_6189,MATCH003,1,0,FAILED,FILE_LOCK,2026-07-13 04:30:15,2
TXN00006174,FAN_SIM_6173,MATCH003,1,0,FAILED,FILE_LOCK,2026-07-13 04:30:15,76
TXN00006189,FAN_SIM_6188,MATCH003,1,0,FAILED,FILE_LOCK,2026-07-13 04:30:15,74
TXN00006137,FAN_SIM_6136,MATCH003,1,0,FAILED,FILE_LOCK,2026-07-13 04:30:15,78
TXN00006188,FAN_SIM_6187,MATCH003,1,0,FAILED,FILE_LOCK,2026-07-13 04:30:15,74
TXN00006156,FAN_SIM_6155,MATCH003,1,0,FAILED,FILE_LOCK,2026-07-13 04:30:15,77
TXN00006191,FAN_SIM_6190,MATCH003,1,0,FAILED,FILE_LOCK,2026-07-13 04:30:15,1
TXN00006140,FAN_SIM_6139,MATCH003,1,0,FAILED,FILE_LOCK,2026-07-13 04:30:15,77
TXN00006133,FAN_SIM_6132,MATCH003,1,0,FAILED,FILE_LOCK,2026-07-13 04:30:15,78
TXN00006227,FAN_SIM_6226,MATCH003,1,0,FAILED,FILE_LOCK,2026-07-13 04:30:15,156
TXN00006238,FAN_SIM_6237,MATCH003,1,0,FAILED,FILE_LOCK,2026-07-13 04:30:15,155
TXN00006221,FAN_SIM_6220,MATCH003,1,0,FAILED,FILE_LOCK,2026-07-13 04:30:15,156
TXN00006230,FAN_SIM_6229,MATCH003,1,0,FAILED,FILE_LOCK,2026-07-13 04:30:15,156
TXN00006244,FAN_SIM_6243,MATCH003,1,0,FAILED,FILE_LOCK,2026-07-13 04:30:15,155
TXN00006214,FAN_SIM_6214,MATCH003,1,0,FAILED,FILE_LOCK,2026-07-13 04:30:15,158
TXN00006197,FAN_SIM_6196,MATCH003,1,0,FAILED,FILE_LOCK,2026-07-13 04:30:15,161
TXN00006233,FAN_SIM_6232,MATCH003,1,0,FAILED,FILE_LOCK,2026-07-13 04:30:15,157
TXN00006202,FAN_SIM_6201,MATCH003,1,0,FAILED,FILE_LOCK,2026-07-13 04:30:15,160
TXN00006215,FAN_SIM_6213,MATCH003,1,0,FAILED,FILE_LOCK,2026-07-13 04:30:15,158
TXN00006199,FAN_SIM_6198,MATCH003,1,0,FAILED,FILE_LOCK,2026-07-13 04:30:15,161
TXN00006257,FAN_SIM_6256,MATCH003,1,0,FAILED,FILE_LOCK,2026-07-13 04:30:15,136
TXN00006201,FAN_SIM_6200,MATCH003,1,0,FAILED,FILE_LOCK,2026-07-13 04:30:15,160
TXN00006203,FAN_SIM_6202,MATCH003,1,0,FAILED,FILE_LOCK,2026-07-13 04:30:15,159
TXN00006210,FAN_SIM_6209,MATCH003,1,0,FAILED,FILE_LOCK,2026-07-13 04:30:15,158
TXN00006248,FAN_SIM_6247,MATCH003,1,0,FAILED,FILE_LOCK,2026-07-13 04:30:15,156
TXN00006229,FAN_SIM_6228,MATCH003,1,0,FAILED,FILE_LOCK,2026-07-13 04:30:15,157
TXN00006231,FAN_SIM_6230,MATCH003,1,0,FAILED,FILE_LOCK,2026-07-13 04:30:15,157
TXN00006207,FAN_SIM_6206,MATCH003,1,0,FAILED,FILE_LOCK,2026-07-13 04:30:15,158
TXN00006240,FAN_SIM_6239,MATCH003,1,0,FAILED,FILE_LOCK,2026-07-13 04:30:15,156
TXN00006251,FAN_SIM_6250,MATCH003,1,0,FAILED,FILE_LOCK,2026-07-13 04:30:15,152
TXN00006216,FAN_SIM_6215,MATCH003,1,0,FAILED,FILE_LOCK,2026-07-13 04:30:15,158
TXN00006222,FAN_SIM_6222,MATCH003,1,0,FAILED,FILE_LOCK,2026-07-13 04:30:15,157
TXN00006246,FAN_SIM_6245,MATCH003,1,0,FAILED,FILE_LOCK,2026-07-13 04:30:15,156
TXN00006213,FAN_SIM_6212,MATCH003,1,0,FAILED,FILE_LOCK,2026-07-13 04:30:15,158
TXN00006198,FAN_SIM_6197,MATCH003,1,0,FAILED,FILE_LOCK,2026-07-13 04:30:15,163
TXN00006212,FAN_SIM_6211,MATCH003,1,0,FAILED,FILE_LOCK,2026-07-13 04:30:15,160
TXN00006235,FAN_SIM_6234,MATCH003,1,0,FAILED,FILE_LOCK,2026-07-13 04:30:15,158
TXN00006250,FAN_SIM_6249,MATCH003,1,0,FAILED,FILE_LOCK,2026-07-13 04:30:15,158
TXN00006249,FAN_SIM_6248,MATCH003,1,0,FAILED,FILE_LOCK,2026-07-13 04:30:15,158
TXN00006236,FAN_SIM_6235,MATCH003,1,0,FAILED,FILE_LOCK,2026-07-13 04:30:15,158
TXN00006218,FAN_SIM_6217,MATCH003,1,0,FAILED,FILE_LOCK,2026-07-13 04:30:15,159
TXN00006247,FAN_SIM_6246,MATCH003,1,0,FAILED,FILE_LOCK,2026-07-13 04:30:15,158
TXN00006225,FAN_SIM_6224,MATCH003,1,0,FAILED,FILE_LOCK,2026-07-13 04:30:15,159
TXN00006194,FAN_SIM_6193,MATCH003,1,0,FAILED,FILE_LOCK,2026-07-13 04:30:15,165
TXN00006223,FAN_SIM_6221,MATCH003,1,0,FAILED,FILE_LOCK,2026-07-13 04:30:15,159
TXN00006234,FAN_SIM_6233,MATCH003,1,0,FAILED,FILE_LOCK,2026-07-13 04:30:15,158
TXN00006220,FAN_SIM_6219,MATCH003,1,0,FAILED,FILE_LOCK,2026-07-13 04:30:15,159
TXN00006239,FAN_SIM_6238,MATCH003,1,0,FAILED,FILE_LOCK,2026-07-13 04:30:15,158
TXN00006245,FAN_SIM_6244,MATCH003,1,0,FAILED,FILE_LOCK,2026-07-13 04:30:15,159
TXN00006208,FAN_SIM_6207,MATCH003,1,0,FAILED,FILE_LOCK,2026-07-13 04:30:15,161
TXN00006232,FAN_SIM_6231,MATCH003,1,0,FAILED,FILE_LOCK,2026-07-13 04:30:15,160
TXN00006237,FAN_SIM_6236,MATCH003,1,0,FAILED,FILE_LOCK,2026-07-13 04:30:15,159
TXN00006206,FAN_SIM_6205,MATCH003,1,0,FAILED,FILE_LOCK,2026-07-13 04:30:15,161
TXN00006224,FAN_SIM_6223,MATCH003,1,0,FAILED,FILE_LOCK,2026-07-13 04:30:15,160
TXN00006211,FAN_SIM_6210,MATCH003,1,0,FAILED,FILE_LOCK,2026-07-13 04:30:15,158
TXN00006195,FAN_SIM_6194,MATCH003,1,0,FAILED,FILE_LOCK,2026-07-13 04:30:15,162
TXN00006228,FAN_SIM_6227,MATCH003,1,0,FAILED,FILE_LOCK,2026-07-13 04:30:15,159
TXN00006226,FAN_SIM_6225,MATCH003,1,0,FAILED,FILE_LOCK,2026-07-13 04:30:15,159
TXN00006205,FAN_SIM_6204,MATCH003,1,0,FAILED,FILE_LOCK,2026-07-13 04:30:15,159
TXN00006204,FAN_SIM_6203,MATCH003,1,0,FAILED,FILE_LOCK,2026-07-13 04:30:15,159
TXN00006243,FAN_SIM_6242,MATCH003,1,0,FAILED,FILE_LOCK,2026-07-13 04:30:15,156
TXN00006217,FAN_SIM_6216,MATCH003,1,0,FAILED,FILE_LOCK,2026-07-13 04:30:15,158
TXN00006200,FAN_SIM_6199,MATCH003,1,500000,FAILED,FILE_LOCK,2026-07-13 04:30:15,163
TXN00006255,FAN_SIM_6254,MATCH003,1,0,FAILED,FILE_LOCK,2026-07-13 04:30:15,151
TXN00006196,FAN_SIM_6195,MATCH003,1,500000,FAILED,FILE_LOCK,2026-07-13 04:30:15,163
TXN00006256,FAN_SIM_6255,MATCH003,1,0,FAILED,FILE_LOCK,2026-07-13 04:30:15,153
TXN00006209,FAN_SIM_6208,MATCH003,1,0,FAILED,FILE_LOCK,2026-07-13 04:30:15,158
TXN00006241,FAN_SIM_6240,MATCH003,1,0,FAILED,FILE_LOCK,2026-07-13 04:30:15,158
TXN00006219,FAN_SIM_6218,MATCH003,1,0,FAILED,FILE_LOCK,2026-07-13 04:30:15,159
TXN00006253,FAN_SIM_6252,MATCH003,1,0,FAILED,FILE_LOCK,2026-07-13 04:30:15,152
TXN00006242,FAN_SIM_6241,MATCH003,1,0,FAILED,FILE_LOCK,2026-07-13 04:30:15,158
TXN00006252,FAN_SIM_6251,MATCH003,1,0,FAILED,FILE_LOCK,2026-07-13 04:30:15,154
TXN00006254,FAN_SIM_6253,MATCH003,1,0,FAILED,FILE_LOCK,2026-07-13 04:30:15,152
TXN00006258,FAN_SIM_6257,MATCH003,1,0,FAILED,FILE_LOCK,2026-07-13 04:30:15,42
TXN00006277,FAN_SIM_6276,MATCH003,1,0,FAILED,FILE_LOCK,2026-07-13 04:30:15,7
TXN00006279,FAN_SIM_6278,MATCH003,1,0,FAILED,FILE_LOCK,2026-07-13 04:30:15,3
TXN00006280,FAN_SIM_6279,MATCH003,1,0,FAILED,FILE_LOCK,2026-07-13 04:30:15,2
TXN00006268,FAN_SIM_6267,MATCH003,1,0,FAILED,FILE_LOCK,2026-07-13 04:30:15,37
TXN00006270,FAN_SIM_6269,MATCH003,1,0,FAILED,FILE_LOCK,2026-07-13 04:30:15,35
TXN00006262,FAN_SIM_6261,MATCH003,1,0,FAILED,FILE_LOCK,2026-07-13 04:30:15,39
TXN00006261,FAN_SIM_6260,MATCH003,1,500000,FAILED,FILE_LOCK,2026-07-13 04:30:15,40
TXN00006264,FAN_SIM_6263,MATCH003,1,0,FAILED,FILE_LOCK,2026-07-13 04:30:15,38
TXN00006281,FAN_SIM_6280,MATCH003,1,0,FAILED,FILE_LOCK,2026-07-13 04:30:15,1
TXN00006272,FAN_SIM_6271,MATCH003,1,0,FAILED,FILE_LOCK,2026-07-13 04:30:15,32
TXN00006273,FAN_SIM_6272,MATCH003,1,0,FAILED,FILE_LOCK,2026-07-13 04:30:15,32
TXN00006276,FAN_SIM_6275,MATCH003,1,0,FAILED,FILE_LOCK,2026-07-13 04:30:15,7
TXN00006266,FAN_SIM_6265,MATCH003,1,0,FAILED,FILE_LOCK,2026-07-13 04:30:15,37
TXN00006278,FAN_SIM_6277,MATCH003,1,0,FAILED,FILE_LOCK,2026-07-13 04:30:15,6
TXN00006267,FAN_SIM_6266,MATCH003,1,0,FAILED,FILE_LOCK,2026-07-13 04:30:15,37
TXN00006275,FAN_SIM_6274,MATCH003,1,0,FAILED,FILE_LOCK,2026-07-13 04:30:15,8
TXN00006259,FAN_SIM_6258,MATCH003,1,0,FAILED,FILE_LOCK,2026-07-13 04:30:15,42
TXN00006292,FAN_SIM_6291,MATCH003,1,0,FAILED,FILE_LOCK,2026-07-13 04:30:15,5
TXN00006291,FAN_SIM_6290,MATCH003,1,0,FAILED,FILE_LOCK,2026-07-13 04:30:15,5
TXN00006285,FAN_SIM_6284,MATCH003,1,0,FAILED,FILE_LOCK,2026-07-13 04:30:15,6
TXN00006299,FAN_SIM_6298,MATCH003,1,0,FAILED,FILE_LOCK,2026-07-13 04:30:15,4
TXN00006305,FAN_SIM_6304,MATCH003,1,0,FAILED,FILE_LOCK,2026-07-13 04:30:15,4
TXN00006302,FAN_SIM_6301,MATCH003,1,0,FAILED,FILE_LOCK,2026-07-13 04:30:15,4
TXN00006311,FAN_SIM_6310,MATCH003,1,0,FAILED,FILE_LOCK,2026-07-13 04:30:15,3
TXN00006297,FAN_SIM_6296,MATCH003,1,0,FAILED,FILE_LOCK,2026-07-13 04:30:15,4
TXN00006310,FAN_SIM_6309,MATCH003,1,0,FAILED,FILE_LOCK,2026-07-13 04:30:15,3
TXN00006312,FAN_SIM_6311,MATCH003,1,0,FAILED,FILE_LOCK,2026-07-13 04:30:15,3
TXN00006298,FAN_SIM_6297,MATCH003,1,0,FAILED,FILE_LOCK,2026-07-13 04:30:15,4
TXN00006313,FAN_SIM_6312,MATCH003,1,0,FAILED,FILE_LOCK,2026-07-13 04:30:15,3
TXN00006306,FAN_SIM_6305,MATCH003,1,0,FAILED,FILE_LOCK,2026-07-13 04:30:15,4
TXN00006309,FAN_SIM_6308,MATCH003,1,0,FAILED,FILE_LOCK,2026-07-13 04:30:15,4
TXN00006315,FAN_SIM_6314,MATCH003,1,0,FAILED,FILE_LOCK,2026-07-13 04:30:15,3
TXN00006317,FAN_SIM_6316,MATCH003,1,0,FAILED,FILE_LOCK,2026-07-13 04:30:15,3
TXN00006320,FAN_SIM_6319,MATCH003,1,0,FAILED,FILE_LOCK,2026-07-13 04:30:15,3
TXN00006319,FAN_SIM_6318,MATCH003,1,0,FAILED,FILE_LOCK,2026-07-13 04:30:15,4
TXN00006300,FAN_SIM_6299,MATCH003,1,0,FAILED,FILE_LOCK,2026-07-13 04:30:15,4
TXN00006288,FAN_SIM_6287,MATCH003,1,0,FAILED,FILE_LOCK,2026-07-13 04:30:15,5
TXN00006282,FAN_SIM_6281,MATCH003,1,0,FAILED,FILE_LOCK,2026-07-13 04:30:15,10
TXN00006301,FAN_SIM_6300,MATCH003,1,0,FAILED,FILE_LOCK,2026-07-13 04:30:15,5
TXN00006286,FAN_SIM_6285,MATCH003,1,0,FAILED,FILE_LOCK,2026-07-13 04:30:15,7
TXN00006322,FAN_SIM_6321,MATCH003,1,0,FAILED,FILE_LOCK,2026-07-13 04:30:15,4
TXN00006325,FAN_SIM_6324,MATCH003,1,0,FAILED,FILE_LOCK,2026-07-13 04:30:15,3
TXN00006323,FAN_SIM_6322,MATCH003,1,0,FAILED,FILE_LOCK,2026-07-13 04:30:15,4
TXN00006324,FAN_SIM_6323,MATCH003,1,0,FAILED,FILE_LOCK,2026-07-13 04:30:15,4
TXN00006303,FAN_SIM_6302,MATCH003,1,0,FAILED,FILE_LOCK,2026-07-13 04:30:15,5
TXN00006283,FAN_SIM_6282,MATCH003,1,0,FAILED,FILE_LOCK,2026-07-13 04:30:15,10
TXN00006316,FAN_SIM_6315,MATCH003,1,0,FAILED,FILE_LOCK,2026-07-13 04:30:15,5
TXN00006271,FAN_SIM_6270,MATCH003,1,0,FAILED,FILE_LOCK,2026-07-13 04:30:15,47
TXN00006260,FAN_SIM_6259,MATCH003,1,0,FAILED,FILE_LOCK,2026-07-13 04:30:15,51
TXN00006321,FAN_SIM_6320,MATCH003,1,0,FAILED,FILE_LOCK,2026-07-13 04:30:15,4
TXN00006329,FAN_SIM_6328,MATCH003,1,0,FAILED,FILE_LOCK,2026-07-13 04:30:15,3
TXN00006330,FAN_SIM_6329,MATCH003,1,0,FAILED,FILE_LOCK,2026-07-13 04:30:15,4
TXN00006290,FAN_SIM_6289,MATCH003,1,0,FAILED,FILE_LOCK,2026-07-13 04:30:15,7
TXN00006296,FAN_SIM_6295,MATCH003,1,0,FAILED,FILE_LOCK,2026-07-13 04:30:15,6
TXN00006327,FAN_SIM_6326,MATCH003,1,0,FAILED,FILE_LOCK,2026-07-13 04:30:15,4
TXN00006294,FAN_SIM_6293,MATCH003,1,0,FAILED,FILE_LOCK,2026-07-13 04:30:15,6
TXN00006308,FAN_SIM_6307,MATCH003,1,0,FAILED,FILE_LOCK,2026-07-13 04:30:15,5
TXN00006328,FAN_SIM_6327,MATCH003,1,0,FAILED,FILE_LOCK,2026-07-13 04:30:15,3
TXN00006318,FAN_SIM_6317,MATCH003,1,0,FAILED,FILE_LOCK,2026-07-13 04:30:15,5
TXN00006307,FAN_SIM_6306,MATCH003,1,0,FAILED,FILE_LOCK,2026-07-13 04:30:15,5
TXN00006338,FAN_SIM_6337,MATCH003,1,0,FAILED,FILE_LOCK,2026-07-13 04:30:15,4
TXN00006335,FAN_SIM_6334,MATCH003,1,0,FAILED,FILE_LOCK,2026-07-13 04:30:15,4
TXN00006326,FAN_SIM_6325,MATCH003,1,0,FAILED,FILE_LOCK,2026-07-13 04:30:15,3
TXN00006293,FAN_SIM_6292,MATCH003,1,0,FAILED,FILE_LOCK,2026-07-13 04:30:15,6
TXN00006287,FAN_SIM_6286,MATCH003,1,0,FAILED,FILE_LOCK,2026-07-13 04:30:15,7
TXN00006295,FAN_SIM_6294,MATCH003,1,0,FAILED,FILE_LOCK,2026-07-13 04:30:15,6
TXN00006337,FAN_SIM_6336,MATCH003,1,0,FAILED,FILE_LOCK,2026-07-13 04:30:15,4
TXN00006304,FAN_SIM_6303,MATCH003,1,0,FAILED,FILE_LOCK,2026-07-13 04:30:15,5
TXN00006331,FAN_SIM_6330,MATCH003,1,0,FAILED,FILE_LOCK,2026-07-13 04:30:15,3
TXN00006284,FAN_SIM_6283,MATCH003,1,0,FAILED,FILE_LOCK,2026-07-13 04:30:15,9
TXN00006314,FAN_SIM_6313,MATCH003,1,0,FAILED,FILE_LOCK,2026-07-13 04:30:15,4
TXN00006332,FAN_SIM_6331,MATCH003,1,0,FAILED,FILE_LOCK,2026-07-13 04:30:15,4
TXN00006265,FAN_SIM_6264,MATCH003,1,500000,FAILED,FILE_LOCK,2026-07-13 04:30:15,49
TXN00006339,FAN_SIM_6338,MATCH003,1,0,FAILED,FILE_LOCK,2026-07-13 04:30:15,4
TXN00006274,FAN_SIM_6273,MATCH003,1,0,FAILED,FILE_LOCK,2026-07-13 04:30:15,43
TXN00006269,FAN_SIM_6268,MATCH003,1,500000,FAILED,FILE_LOCK,2026-07-13 04:30:15,49
TXN00006263,FAN_SIM_6262,MATCH003,1,0,FAILED,FILE_LOCK,2026-07-13 04:30:15,50
TXN00006333,FAN_SIM_6332,MATCH003,1,0,FAILED,FILE_LOCK,2026-07-13 04:30:15,5
TXN00006341,FAN_SIM_6340,MATCH003,1,0,FAILED,FILE_LOCK,2026-07-13 04:30:15,1
TXN00006336,FAN_SIM_6335,MATCH003,1,0,FAILED,FILE_LOCK,2026-07-13 04:30:15,5
TXN00006340,FAN_SIM_6339,MATCH003,1,0,FAILED,FILE_LOCK,2026-07-13 04:30:15,3
TXN00006342,FAN_SIM_6341,MATCH003,1,0,FAILED,FILE_LOCK,2026-07-13 04:30:15,2
TXN00006334,FAN_SIM_6333,MATCH003,1,0,FAILED,FILE_LOCK,2026-07-13 04:30:15,5
TXN00006289,FAN_SIM_6288,MATCH003,1,0,FAILED,FILE_LOCK,2026-07-13 04:30:15,8
TXN00006343,FAN_SIM_6342,MATCH003,1,0,FAILED,FILE_LOCK,2026-07-13 04:30:15,1
TXN00006376,FAN_SIM_6375,MATCH003,1,0,FAILED,FILE_LOCK,2026-07-13 04:30:15,301
TXN00006370,FAN_SIM_6369,MATCH003,1,0,FAILED,FILE_LOCK,2026-07-13 04:30:15,301
TXN00006367,FAN_SIM_6366,MATCH003,1,0,FAILED,FILE_LOCK,2026-07-13 04:30:15,301
TXN00006395,FAN_SIM_6394,MATCH003,1,0,FAILED,FILE_LOCK,2026-07-13 04:30:15,299
TXN00006361,FAN_SIM_6360,MATCH003,1,0,FAILED,FILE_LOCK,2026-07-13 04:30:15,302
TXN00006388,FAN_SIM_6387,MATCH003,1,0,FAILED,FILE_LOCK,2026-07-13 04:30:15,300
TXN00006379,FAN_SIM_6379,MATCH003,1,0,FAILED,FILE_LOCK,2026-07-13 04:30:15,300
TXN00006383,FAN_SIM_6377,MATCH003,1,0,FAILED,FILE_LOCK,2026-07-13 04:30:15,300
TXN00006389,FAN_SIM_6388,MATCH003,1,0,FAILED,FILE_LOCK,2026-07-13 04:30:15,301
TXN00006384,FAN_SIM_6383,MATCH003,1,0,FAILED,FILE_LOCK,2026-07-13 04:30:15,301
TXN00006363,FAN_SIM_6362,MATCH003,1,0,FAILED,FILE_LOCK,2026-07-13 04:30:15,304
TXN00006362,FAN_SIM_6361,MATCH003,1,0,FAILED,FILE_LOCK,2026-07-13 04:30:15,303
TXN00006378,FAN_SIM_6378,MATCH003,1,0,FAILED,FILE_LOCK,2026-07-13 04:30:15,303
TXN00006403,FAN_SIM_6402,MATCH003,1,500000,FAILED,FILE_LOCK,2026-07-13 04:30:15,301
TXN00006393,FAN_SIM_6392,MATCH003,1,0,FAILED,FILE_LOCK,2026-07-13 04:30:15,304
TXN00006381,FAN_SIM_6381,MATCH003,1,0,FAILED,FILE_LOCK,2026-07-13 04:30:15,305
TXN00006387,FAN_SIM_6386,MATCH003,1,0,FAILED,FILE_LOCK,2026-07-13 04:30:15,302
TXN00006352,FAN_SIM_6351,MATCH003,1,0,FAILED,FILE_LOCK,2026-07-13 04:30:15,307
TXN00006377,FAN_SIM_6376,MATCH003,1,0,FAILED,FILE_LOCK,2026-07-13 04:30:15,306
TXN00006386,FAN_SIM_6385,MATCH003,1,0,FAILED,FILE_LOCK,2026-07-13 04:30:15,300
TXN00006380,FAN_SIM_6380,MATCH003,1,0,FAILED,FILE_LOCK,2026-07-13 04:30:15,301
TXN00006405,FAN_SIM_6404,MATCH003,1,0,FAILED,FILE_LOCK,2026-07-13 04:30:15,298
TXN00006392,FAN_SIM_6391,MATCH003,1,0,FAILED,FILE_LOCK,2026-07-13 04:30:15,305
TXN00006373,FAN_SIM_6372,MATCH003,1,0,FAILED,FILE_LOCK,2026-07-13 04:30:15,302
TXN00006369,FAN_SIM_6368,MATCH003,1,0,FAILED,FILE_LOCK,2026-07-13 04:30:15,302
TXN00006408,FAN_SIM_6407,MATCH003,1,0,FAILED,FILE_LOCK,2026-07-13 04:30:15,3
TXN00006372,FAN_SIM_6371,MATCH003,1,0,FAILED,FILE_LOCK,2026-07-13 04:30:15,303
TXN00006355,FAN_SIM_6354,MATCH003,1,0,FAILED,FILE_LOCK,2026-07-13 04:30:15,303
TXN00006344,FAN_SIM_6343,MATCH003,1,0,FAILED,FILE_LOCK,2026-07-13 04:30:15,314
TXN00006357,FAN_SIM_6356,MATCH003,1,0,FAILED,FILE_LOCK,2026-07-13 04:30:15,304
TXN00006394,FAN_SIM_6393,MATCH003,1,0,FAILED,FILE_LOCK,2026-07-13 04:30:15,299
TXN00006374,FAN_SIM_6373,MATCH003,1,0,FAILED,FILE_LOCK,2026-07-13 04:30:15,302
TXN00006390,FAN_SIM_6389,MATCH003,1,0,FAILED,FILE_LOCK,2026-07-13 04:30:15,302
TXN00006368,FAN_SIM_6367,MATCH003,1,0,FAILED,FILE_LOCK,2026-07-13 04:30:15,302
TXN00006382,FAN_SIM_6382,MATCH003,1,0,FAILED,FILE_LOCK,2026-07-13 04:30:15,301
TXN00006415,FAN_SIM_6414,MATCH003,1,0,FAILED,FILE_LOCK,2026-07-13 04:30:15,1
TXN00006409,FAN_SIM_6408,MATCH003,1,0,FAILED,FILE_LOCK,2026-07-13 04:30:15,2
TXN00006414,FAN_SIM_6413,MATCH003,1,0,FAILED,FILE_LOCK,2026-07-13 04:30:15,3
TXN00006391,FAN_SIM_6390,MATCH003,1,0,FAILED,FILE_LOCK,2026-07-13 04:30:15,309
TXN00006412,FAN_SIM_6411,MATCH003,1,0,FAILED,FILE_LOCK,2026-07-13 04:30:15,4
TXN00006416,FAN_SIM_6415,MATCH003,1,0,FAILED,FILE_LOCK,2026-07-13 04:30:15,2
TXN00006410,FAN_SIM_6409,MATCH003,1,0,FAILED,FILE_LOCK,2026-07-13 04:30:15,4
TXN00006413,FAN_SIM_6412,MATCH003,1,0,FAILED,FILE_LOCK,2026-07-13 04:30:15,3
TXN00006349,FAN_SIM_6348,MATCH003,1,500000,FAILED,FILE_LOCK,2026-07-13 04:30:15,318
TXN00006411,FAN_SIM_6410,MATCH003,1,0,FAILED,FILE_LOCK,2026-07-13 04:30:15,4
TXN00006364,FAN_SIM_6363,MATCH003,1,500000,FAILED,FILE_LOCK,2026-07-13 04:30:15,312
TXN00006417,FAN_SIM_6416,MATCH003,1,0,FAILED,FILE_LOCK,2026-07-13 04:30:15,1
TXN00006400,FAN_SIM_6399,MATCH003,1,500000,FAILED,FILE_LOCK,2026-07-13 04:30:15,308
TXN00006418,FAN_SIM_6417,MATCH003,1,0,FAILED,FILE_LOCK,2026-07-13 04:30:15,1
TXN00006371,FAN_SIM_6370,MATCH003,1,500000,FAILED,FILE_LOCK,2026-07-13 04:30:15,313
TXN00006419,FAN_SIM_6418,MATCH003,1,0,FAILED,FILE_LOCK,2026-07-13 04:30:15,1
TXN00006359,FAN_SIM_6358,MATCH003,1,500000,FAILED,FILE_LOCK,2026-07-13 04:30:15,314
TXN00006401,FAN_SIM_6400,MATCH003,1,500000,FAILED,FILE_LOCK,2026-07-13 04:30:15,312
TXN00006424,FAN_SIM_6423,MATCH003,1,0,FAILED,FILE_LOCK,2026-07-13 04:30:16,142
TXN00006423,FAN_SIM_6422,MATCH003,1,0,FAILED,FILE_LOCK,2026-07-13 04:30:16,142
TXN00006427,FAN_SIM_6426,MATCH003,1,0,FAILED,FILE_LOCK,2026-07-13 04:30:16,141
TXN00006444,FAN_SIM_6443,MATCH003,1,0,FAILED,FILE_LOCK,2026-07-13 04:30:16,139
TXN00006439,FAN_SIM_6438,MATCH003,1,0,FAILED,FILE_LOCK,2026-07-13 04:30:16,141
TXN00006420,FAN_SIM_6419,MATCH003,1,0,FAILED,FILE_LOCK,2026-07-13 04:30:16,144
TXN00006431,FAN_SIM_6430,MATCH003,1,0,FAILED,FILE_LOCK,2026-07-13 04:30:16,143
TXN00006433,FAN_SIM_6432,MATCH003,1,0,FAILED,FILE_LOCK,2026-07-13 04:30:16,142
TXN00006426,FAN_SIM_6425,MATCH003,1,0,FAILED,FILE_LOCK,2026-07-13 04:30:16,142
TXN00006449,FAN_SIM_6448,MATCH003,1,0,FAILED,FILE_LOCK,2026-07-13 04:30:16,141
TXN00006447,FAN_SIM_6446,MATCH003,1,0,FAILED,FILE_LOCK,2026-07-13 04:30:16,140
TXN00006455,FAN_SIM_6454,MATCH003,1,0,FAILED,FILE_LOCK,2026-07-13 04:30:16,141
TXN00006421,FAN_SIM_6420,MATCH003,1,0,FAILED,FILE_LOCK,2026-07-13 04:30:16,144
TXN00006437,FAN_SIM_6436,MATCH003,1,0,FAILED,FILE_LOCK,2026-07-13 04:30:16,142
TXN00006457,FAN_SIM_6456,MATCH003,1,0,FAILED,FILE_LOCK,2026-07-13 04:30:16,141
TXN00006399,FAN_SIM_6398,MATCH003,1,500000,FAILED,FILE_LOCK,2026-07-13 04:30:16,456
TXN00006432,FAN_SIM_6431,MATCH003,1,0,FAILED,FILE_LOCK,2026-07-13 04:30:16,144
TXN00006452,FAN_SIM_6451,MATCH003,1,0,FAILED,FILE_LOCK,2026-07-13 04:30:16,142
TXN00006445,FAN_SIM_6444,MATCH003,1,0,FAILED,FILE_LOCK,2026-07-13 04:30:16,142
TXN00006441,FAN_SIM_6440,MATCH003,1,0,FAILED,FILE_LOCK,2026-07-13 04:30:16,143
TXN00006404,FAN_SIM_6403,MATCH003,1,500000,FAILED,FILE_LOCK,2026-07-13 04:30:16,457
TXN00006422,FAN_SIM_6421,MATCH003,1,0,FAILED,FILE_LOCK,2026-07-13 04:30:16,145
TXN00006443,FAN_SIM_6442,MATCH003,1,0,FAILED,FILE_LOCK,2026-07-13 04:30:16,142
TXN00006442,FAN_SIM_6441,MATCH003,1,0,FAILED,FILE_LOCK,2026-07-13 04:30:16,143
TXN00006448,FAN_SIM_6447,MATCH003,1,0,FAILED,FILE_LOCK,2026-07-13 04:30:16,143
TXN00006430,FAN_SIM_6429,MATCH003,1,0,FAILED,FILE_LOCK,2026-07-13 04:30:16,145
TXN00006348,FAN_SIM_6347,MATCH003,1,500000,FAILED,FILE_LOCK,2026-07-13 04:30:16,469
TXN00006346,FAN_SIM_6345,MATCH003,1,500000,FAILED,FILE_LOCK,2026-07-13 04:30:16,471
TXN00006375,FAN_SIM_6374,MATCH003,1,500000,FAILED,FILE_LOCK,2026-07-13 04:30:16,460
TXN00006425,FAN_SIM_6424,MATCH003,1,0,FAILED,FILE_LOCK,2026-07-13 04:30:16,145
TXN00006436,FAN_SIM_6435,MATCH003,1,0,FAILED,FILE_LOCK,2026-07-13 04:30:16,145
TXN00006428,FAN_SIM_6427,MATCH003,1,0,FAILED,FILE_LOCK,2026-07-13 04:30:16,146
TXN00006458,FAN_SIM_6457,MATCH003,1,0,FAILED,FILE_LOCK,2026-07-13 04:30:16,142
TXN00006456,FAN_SIM_6455,MATCH003,1,0,FAILED,FILE_LOCK,2026-07-13 04:30:16,143
TXN00006438,FAN_SIM_6437,MATCH003,1,0,FAILED,FILE_LOCK,2026-07-13 04:30:16,144
TXN00006358,FAN_SIM_6357,MATCH003,1,500000,FAILED,FILE_LOCK,2026-07-13 04:30:16,464
TXN00006465,FAN_SIM_6464,MATCH003,1,0,FAILED,FILE_LOCK,2026-07-13 04:30:16,1
TXN00006446,FAN_SIM_6445,MATCH003,1,0,FAILED,FILE_LOCK,2026-07-13 04:30:16,144
TXN00006461,FAN_SIM_6460,MATCH003,1,0,FAILED,FILE_LOCK,2026-07-13 04:30:16,4
TXN00006366,FAN_SIM_6365,MATCH003,1,500000,FAILED,FILE_LOCK,2026-07-13 04:30:16,462
TXN00006454,FAN_SIM_6453,MATCH003,1,0,FAILED,FILE_LOCK,2026-07-13 04:30:16,145
TXN00006396,FAN_SIM_6395,MATCH003,1,500000,FAILED,FILE_LOCK,2026-07-13 04:30:16,461
TXN00006440,FAN_SIM_6439,MATCH003,1,0,FAILED,FILE_LOCK,2026-07-13 04:30:16,145
TXN00006459,FAN_SIM_6458,MATCH003,1,0,FAILED,FILE_LOCK,2026-07-13 04:30:16,143
TXN00006402,FAN_SIM_6401,MATCH003,1,500000,FAILED,FILE_LOCK,2026-07-13 04:30:16,465
TXN00006353,FAN_SIM_6352,MATCH003,1,500000,FAILED,FILE_LOCK,2026-07-13 04:30:16,464
TXN00006365,FAN_SIM_6364,MATCH003,1,500000,FAILED,FILE_LOCK,2026-07-13 04:30:16,462
TXN00006407,FAN_SIM_6406,MATCH003,1,500000,FAILED,FILE_LOCK,2026-07-13 04:30:16,452
TXN00006451,FAN_SIM_6450,MATCH003,1,0,FAILED,FILE_LOCK,2026-07-13 04:30:16,145
TXN00006350,FAN_SIM_6349,MATCH003,1,500000,FAILED,FILE_LOCK,2026-07-13 04:30:16,474
TXN00006354,FAN_SIM_6353,MATCH003,1,500000,FAILED,FILE_LOCK,2026-07-13 04:30:16,464
TXN00006434,FAN_SIM_6433,MATCH003,1,0,FAILED,FILE_LOCK,2026-07-13 04:30:16,147
TXN00006462,FAN_SIM_6461,MATCH003,1,0,FAILED,FILE_LOCK,2026-07-13 04:30:16,4
TXN00006460,FAN_SIM_6459,MATCH003,1,0,FAILED,FILE_LOCK,2026-07-13 04:30:16,143
TXN00006463,FAN_SIM_6462,MATCH003,1,0,FAILED,FILE_LOCK,2026-07-13 04:30:16,3
TXN00006429,FAN_SIM_6428,MATCH003,1,0,FAILED,FILE_LOCK,2026-07-13 04:30:16,147
TXN00006450,FAN_SIM_6449,MATCH003,1,0,FAILED,FILE_LOCK,2026-07-13 04:30:16,145
TXN00006453,FAN_SIM_6452,MATCH003,1,0,FAILED,FILE_LOCK,2026-07-13 04:30:16,144
TXN00006435,FAN_SIM_6434,MATCH003,1,0,FAILED,FILE_LOCK,2026-07-13 04:30:16,146
TXN00006464,FAN_SIM_6463,MATCH003,1,0,FAILED,FILE_LOCK,2026-07-13 04:30:16,3
TXN00006385,FAN_SIM_6384,MATCH003,1,500000,FAILED,FILE_LOCK,2026-07-13 04:30:16,467
TXN00006398,FAN_SIM_6397,MATCH003,1,500000,FAILED,FILE_LOCK,2026-07-13 04:30:16,467
TXN00006397,FAN_SIM_6396,MATCH003,1,500000,FAILED,FILE_LOCK,2026-07-13 04:30:16,470
TXN00006406,FAN_SIM_6405,MATCH003,1,500000,FAILED,FILE_LOCK,2026-07-13 04:30:16,471
TXN00006345,FAN_SIM_6344,MATCH003,1,500000,FAILED,FILE_LOCK,2026-07-13 04:30:16,485
TXN00006347,FAN_SIM_6346,MATCH003,1,500000,FAILED,FILE_LOCK,2026-07-13 04:30:16,483
TXN00006351,FAN_SIM_6350,MATCH003,1,500000,FAILED,FILE_LOCK,2026-07-13 04:30:16,476
TXN00006360,FAN_SIM_6359,MATCH003,1,500000,FAILED,FILE_LOCK,2026-07-13 04:30:16,472
TXN00006356,FAN_SIM_6355,MATCH003,1,500000,FAILED,FILE_LOCK,2026-07-13 04:30:16,472
TXN00006500,FAN_SIM_6499,MATCH003,1,0,FAILED,FILE_LOCK,2026-07-13 04:30:16,180
TXN00006493,FAN_SIM_6491,MATCH003,1,0,FAILED,FILE_LOCK,2026-07-13 04:30:16,181
TXN00006485,FAN_SIM_6484,MATCH003,1,0,FAILED,FILE_LOCK,2026-07-13 04:30:16,182
TXN00006492,FAN_SIM_6492,MATCH003,1,0,FAILED,FILE_LOCK,2026-07-13 04:30:16,182
TXN00006491,FAN_SIM_6490,MATCH003,1,0,FAILED,FILE_LOCK,2026-07-13 04:30:16,181
TXN00006489,FAN_SIM_6488,MATCH003,1,0,FAILED,FILE_LOCK,2026-07-13 04:30:16,183
TXN00006527,FAN_SIM_6526,MATCH003,1,0,FAILED,FILE_LOCK,2026-07-13 04:30:16,172
TXN00006502,FAN_SIM_6501,MATCH003,1,0,FAILED,FILE_LOCK,2026-07-13 04:30:16,180
TXN00006484,FAN_SIM_6483,MATCH003,1,0,FAILED,FILE_LOCK,2026-07-13 04:30:16,183
TXN00006529,FAN_SIM_6528,MATCH003,1,0,FAILED,FILE_LOCK,2026-07-13 04:30:16,172
TXN00006483,FAN_SIM_6482,MATCH003,1,0,FAILED,FILE_LOCK,2026-07-13 04:30:16,184
TXN00006526,FAN_SIM_6525,MATCH003,1,0,FAILED,FILE_LOCK,2026-07-13 04:30:16,172
TXN00006471,FAN_SIM_6470,MATCH003,1,500000,FAILED,FILE_LOCK,2026-07-13 04:30:16,208
TXN00006505,FAN_SIM_6504,MATCH003,1,0,FAILED,FILE_LOCK,2026-07-13 04:30:16,181
TXN00006497,FAN_SIM_6496,MATCH003,1,0,FAILED,FILE_LOCK,2026-07-13 04:30:16,181
TXN00006494,FAN_SIM_6493,MATCH003,1,0,FAILED,FILE_LOCK,2026-07-13 04:30:16,183
TXN00006490,FAN_SIM_6489,MATCH003,1,0,FAILED,FILE_LOCK,2026-07-13 04:30:16,182
TXN00006467,FAN_SIM_6466,MATCH003,1,0,FAILED,FILE_LOCK,2026-07-13 04:30:16,197
TXN00006486,FAN_SIM_6485,MATCH003,1,0,FAILED,FILE_LOCK,2026-07-13 04:30:16,183
TXN00006504,FAN_SIM_6503,MATCH003,1,0,FAILED,FILE_LOCK,2026-07-13 04:30:16,180
TXN00006478,FAN_SIM_6477,MATCH003,1,0,FAILED,FILE_LOCK,2026-07-13 04:30:16,184
TXN00006499,FAN_SIM_6497,MATCH003,1,0,FAILED,FILE_LOCK,2026-07-13 04:30:16,182
TXN00006480,FAN_SIM_6479,MATCH003,1,0,FAILED,FILE_LOCK,2026-07-13 04:30:16,184
TXN00006487,FAN_SIM_6486,MATCH003,1,0,FAILED,FILE_LOCK,2026-07-13 04:30:16,184
TXN00006548,FAN_SIM_6547,MATCH003,1,0,FAILED,FILE_LOCK,2026-07-13 04:30:16,38
TXN00006553,FAN_SIM_6552,MATCH003,1,0,FAILED,FILE_LOCK,2026-07-13 04:30:16,33
TXN00006546,FAN_SIM_6545,MATCH003,1,0,FAILED,FILE_LOCK,2026-07-13 04:30:16,38
TXN00006549,FAN_SIM_6548,MATCH003,1,0,FAILED,FILE_LOCK,2026-07-13 04:30:16,38
TXN00006474,FAN_SIM_6473,MATCH003,1,0,FAILED,FILE_LOCK,2026-07-13 04:30:16,255
TXN00006543,FAN_SIM_6543,MATCH003,1,0,FAILED,FILE_LOCK,2026-07-13 04:30:16,38
TXN00006477,FAN_SIM_6476,MATCH003,1,0,FAILED,FILE_LOCK,2026-07-13 04:30:16,254
TXN00006514,FAN_SIM_6513,MATCH003,1,0,FAILED,FILE_LOCK,2026-07-13 04:30:16,250
TXN00006528,FAN_SIM_6527,MATCH003,1,0,FAILED,FILE_LOCK,2026-07-13 04:30:16,173
TXN00006550,FAN_SIM_6549,MATCH003,1,0,FAILED,FILE_LOCK,2026-07-13 04:30:16,37
TXN00006511,FAN_SIM_6510,MATCH003,1,0,FAILED,FILE_LOCK,2026-07-13 04:30:16,250
TXN00006501,FAN_SIM_6500,MATCH003,1,0,FAILED,FILE_LOCK,2026-07-13 04:30:16,251
TXN00006488,FAN_SIM_6487,MATCH003,1,0,FAILED,FILE_LOCK,2026-07-13 04:30:16,184
TXN00006551,FAN_SIM_6550,MATCH003,1,0,FAILED,FILE_LOCK,2026-07-13 04:30:16,33
TXN00006523,FAN_SIM_6522,MATCH003,1,0,FAILED,FILE_LOCK,2026-07-13 04:30:16,249
TXN00006495,FAN_SIM_6494,MATCH003,1,0,FAILED,FILE_LOCK,2026-07-13 04:30:16,252
TXN00006481,FAN_SIM_6480,MATCH003,1,0,FAILED,FILE_LOCK,2026-07-13 04:30:16,183
TXN00006525,FAN_SIM_6524,MATCH003,1,0,FAILED,FILE_LOCK,2026-07-13 04:30:16,290
TXN00006508,FAN_SIM_6507,MATCH003,1,0,FAILED,FILE_LOCK,2026-07-13 04:30:16,297
TXN00006570,FAN_SIM_6569,MATCH003,1,0,FAILED,FILE_LOCK,2026-07-13 04:30:16,13
TXN00006516,FAN_SIM_6514,MATCH003,1,0,FAILED,FILE_LOCK,2026-07-13 04:30:16,298
TXN00006482,FAN_SIM_6481,MATCH003,1,0,FAILED,FILE_LOCK,2026-07-13 04:30:16,302
TXN00006475,FAN_SIM_6474,MATCH003,1,0,FAILED,FILE_LOCK,2026-07-13 04:30:16,304
TXN00006512,FAN_SIM_6511,MATCH003,1,0,FAILED,FILE_LOCK,2026-07-13 04:30:16,300
TXN00006498,FAN_SIM_6498,MATCH003,1,0,FAILED,FILE_LOCK,2026-07-13 04:30:16,301
TXN00006466,FAN_SIM_6465,MATCH003,1,500000,FAILED,FILE_LOCK,2026-07-13 04:30:16,318
TXN00006531,FAN_SIM_6530,MATCH003,1,0,FAILED,FILE_LOCK,2026-07-13 04:30:16,103
TXN00006518,FAN_SIM_6517,MATCH003,1,0,FAILED,FILE_LOCK,2026-07-13 04:30:16,299
TXN00006545,FAN_SIM_6544,MATCH003,1,0,FAILED,FILE_LOCK,2026-07-13 04:30:16,88
TXN00006476,FAN_SIM_6475,MATCH003,1,0,FAILED,FILE_LOCK,2026-07-13 04:30:16,305
TXN00006536,FAN_SIM_6535,MATCH003,1,0,FAILED,FILE_LOCK,2026-07-13 04:30:16,101
TXN00006539,FAN_SIM_6538,MATCH003,1,0,FAILED,FILE_LOCK,2026-07-13 04:30:16,97
TXN00006537,FAN_SIM_6536,MATCH003,1,0,FAILED,FILE_LOCK,2026-07-13 04:30:16,100
TXN00006541,FAN_SIM_6540,MATCH003,1,0,FAILED,FILE_LOCK,2026-07-13 04:30:16,88
TXN00006533,FAN_SIM_6532,MATCH003,1,0,FAILED,FILE_LOCK,2026-07-13 04:30:16,102
TXN00006542,FAN_SIM_6541,MATCH003,1,0,FAILED,FILE_LOCK,2026-07-13 04:30:16,89
TXN00006557,FAN_SIM_6556,MATCH003,1,0,FAILED,FILE_LOCK,2026-07-13 04:30:16,48
TXN00006559,FAN_SIM_6558,MATCH003,1,0,FAILED,FILE_LOCK,2026-07-13 04:30:16,48
TXN00006558,FAN_SIM_6557,MATCH003,1,0,FAILED,FILE_LOCK,2026-07-13 04:30:16,48
TXN00006496,FAN_SIM_6495,MATCH003,1,0,FAILED,FILE_LOCK,2026-07-13 04:30:16,302
TXN00006547,FAN_SIM_6546,MATCH003,1,0,FAILED,FILE_LOCK,2026-07-13 04:30:16,89
TXN00006544,FAN_SIM_6542,MATCH003,1,0,FAILED,FILE_LOCK,2026-07-13 04:30:16,92
TXN00006479,FAN_SIM_6478,MATCH003,1,0,FAILED,FILE_LOCK,2026-07-13 04:30:16,304
TXN00006468,FAN_SIM_6467,MATCH003,1,500000,FAILED,FILE_LOCK,2026-07-13 04:30:16,318
TXN00006556,FAN_SIM_6555,MATCH003,1,0,FAILED,FILE_LOCK,2026-07-13 04:30:16,50
TXN00006473,FAN_SIM_6472,MATCH003,1,500000,FAILED,FILE_LOCK,2026-07-13 04:30:16,310
TXN00006554,FAN_SIM_6553,MATCH003,1,0,FAILED,FILE_LOCK,2026-07-13 04:30:16,54
TXN00006534,FAN_SIM_6533,MATCH003,1,0,FAILED,FILE_LOCK,2026-07-13 04:30:16,107
TXN00006530,FAN_SIM_6529,MATCH003,1,0,FAILED,FILE_LOCK,2026-07-13 04:30:16,108
TXN00006571,FAN_SIM_6570,MATCH003,1,0,FAILED,FILE_LOCK,2026-07-13 04:30:16,7
TXN00006555,FAN_SIM_6554,MATCH003,1,0,FAILED,FILE_LOCK,2026-07-13 04:30:16,53
TXN00006573,FAN_SIM_6572,MATCH003,1,0,FAILED,FILE_LOCK,2026-07-13 04:30:16,7
TXN00006552,FAN_SIM_6551,MATCH003,1,0,FAILED,FILE_LOCK,2026-07-13 04:30:16,88
TXN00006509,FAN_SIM_6508,MATCH003,1,0,FAILED,FILE_LOCK,2026-07-13 04:30:16,306
TXN00006470,FAN_SIM_6469,MATCH003,1,500000,FAILED,FILE_LOCK,2026-07-13 04:30:16,319
TXN00006569,FAN_SIM_6568,MATCH003,1,0,FAILED,FILE_LOCK,2026-07-13 04:30:16,50
TXN00006521,FAN_SIM_6520,MATCH003,1,0,FAILED,FILE_LOCK,2026-07-13 04:30:16,305
TXN00006513,FAN_SIM_6512,MATCH003,1,0,FAILED,FILE_LOCK,2026-07-13 04:30:16,306
TXN00006572,FAN_SIM_6571,MATCH003,1,0,FAILED,FILE_LOCK,2026-07-13 04:30:16,7
TXN00006561,FAN_SIM_6560,MATCH003,1,0,FAILED,FILE_LOCK,2026-07-13 04:30:16,53
TXN00006532,FAN_SIM_6531,MATCH003,1,0,FAILED,FILE_LOCK,2026-07-13 04:30:16,107
TXN00006568,FAN_SIM_6567,MATCH003,1,0,FAILED,FILE_LOCK,2026-07-13 04:30:16,52
TXN00006522,FAN_SIM_6521,MATCH003,1,0,FAILED,FILE_LOCK,2026-07-13 04:30:16,306
TXN00006507,FAN_SIM_6506,MATCH003,1,0,FAILED,FILE_LOCK,2026-07-13 04:30:16,307
TXN00006540,FAN_SIM_6539,MATCH003,1,0,FAILED,FILE_LOCK,2026-07-13 04:30:16,95
TXN00006565,FAN_SIM_6564,MATCH003,1,0,FAILED,FILE_LOCK,2026-07-13 04:30:16,53
TXN00006515,FAN_SIM_6515,MATCH003,1,0,FAILED,FILE_LOCK,2026-07-13 04:30:16,306
TXN00006567,FAN_SIM_6566,MATCH003,1,0,FAILED,FILE_LOCK,2026-07-13 04:30:16,55
TXN00006538,FAN_SIM_6537,MATCH003,1,0,FAILED,FILE_LOCK,2026-07-13 04:30:16,105
TXN00006472,FAN_SIM_6471,MATCH003,1,500000,FAILED,FILE_LOCK,2026-07-13 04:30:16,321
TXN00006519,FAN_SIM_6518,MATCH003,1,0,FAILED,FILE_LOCK,2026-07-13 04:30:16,306
TXN00006469,FAN_SIM_6468,MATCH003,1,500000,FAILED,FILE_LOCK,2026-07-13 04:30:16,324
TXN00006566,FAN_SIM_6565,MATCH003,1,0,FAILED,FILE_LOCK,2026-07-13 04:30:16,56
TXN00006503,FAN_SIM_6502,MATCH003,1,0,FAILED,FILE_LOCK,2026-07-13 04:30:16,310
TXN00006535,FAN_SIM_6534,MATCH003,1,0,FAILED,FILE_LOCK,2026-07-13 04:30:16,107
TXN00006560,FAN_SIM_6559,MATCH003,1,0,FAILED,FILE_LOCK,2026-07-13 04:30:16,53
TXN00006510,FAN_SIM_6509,MATCH003,1,0,FAILED,FILE_LOCK,2026-07-13 04:30:16,307
TXN00006506,FAN_SIM_6505,MATCH003,1,0,FAILED,FILE_LOCK,2026-07-13 04:30:16,308
TXN00006579,FAN_SIM_6578,MATCH003,1,0,FAILED,FILE_LOCK,2026-07-13 04:30:16,4
TXN00006562,FAN_SIM_6561,MATCH003,1,0,FAILED,FILE_LOCK,2026-07-13 04:30:16,54
TXN00006520,FAN_SIM_6519,MATCH003,1,0,FAILED,FILE_LOCK,2026-07-13 04:30:16,307
TXN00006574,FAN_SIM_6573,MATCH003,1,0,FAILED,FILE_LOCK,2026-07-13 04:30:16,7
TXN00006577,FAN_SIM_6576,MATCH003,1,0,FAILED,FILE_LOCK,2026-07-13 04:30:16,6
TXN00006563,FAN_SIM_6562,MATCH003,1,0,FAILED,FILE_LOCK,2026-07-13 04:30:16,54
TXN00006517,FAN_SIM_6516,MATCH003,1,0,FAILED,FILE_LOCK,2026-07-13 04:30:16,307
TXN00006575,FAN_SIM_6574,MATCH003,1,0,FAILED,FILE_LOCK,2026-07-13 04:30:16,7
TXN00006576,FAN_SIM_6575,MATCH003,1,0,FAILED,FILE_LOCK,2026-07-13 04:30:16,6
TXN00006578,FAN_SIM_6577,MATCH003,1,0,FAILED,FILE_LOCK,2026-07-13 04:30:16,6
TXN00006524,FAN_SIM_6523,MATCH003,1,0,FAILED,FILE_LOCK,2026-07-13 04:30:16,301
TXN00006564,FAN_SIM_6563,MATCH003,1,0,FAILED,FILE_LOCK,2026-07-13 04:30:16,53
TXN00006625,FAN_SIM_6624,MATCH003,1,0,FAILED,FILE_LOCK,2026-07-13 04:30:16,225
TXN00006629,FAN_SIM_6628,MATCH003,1,0,FAILED,FILE_LOCK,2026-07-13 04:30:16,225
TXN00006641,FAN_SIM_6640,MATCH003,1,0,FAILED,FILE_LOCK,2026-07-13 04:30:16,211
TXN00006614,FAN_SIM_6613,MATCH003,1,0,FAILED,FILE_LOCK,2026-07-13 04:30:16,227
TXN00006600,FAN_SIM_6599,MATCH003,1,0,FAILED,FILE_LOCK,2026-07-13 04:30:16,230
TXN00006636,FAN_SIM_6635,MATCH003,1,0,FAILED,FILE_LOCK,2026-07-13 04:30:16,225
TXN00006612,FAN_SIM_6611,MATCH003,1,0,FAILED,FILE_LOCK,2026-07-13 04:30:16,229
TXN00006603,FAN_SIM_6602,MATCH003,1,0,FAILED,FILE_LOCK,2026-07-13 04:30:16,231
TXN00006604,FAN_SIM_6603,MATCH003,1,0,FAILED,FILE_LOCK,2026-07-13 04:30:16,230
TXN00006643,FAN_SIM_6642,MATCH003,1,0,FAILED,FILE_LOCK,2026-07-13 04:30:16,170
TXN00006638,FAN_SIM_6637,MATCH003,1,0,FAILED,FILE_LOCK,2026-07-13 04:30:16,227
TXN00006605,FAN_SIM_6604,MATCH003,1,0,FAILED,FILE_LOCK,2026-07-13 04:30:16,229
TXN00006624,FAN_SIM_6623,MATCH003,1,0,FAILED,FILE_LOCK,2026-07-13 04:30:16,228
TXN00006598,FAN_SIM_6597,MATCH003,1,0,FAILED,FILE_LOCK,2026-07-13 04:30:16,229
TXN00006580,FAN_SIM_6579,MATCH003,1,0,FAILED,FILE_LOCK,2026-07-13 04:30:16,243
TXN00006620,FAN_SIM_6619,MATCH003,1,0,FAILED,FILE_LOCK,2026-07-13 04:30:16,230
TXN00006619,FAN_SIM_6618,MATCH003,1,0,FAILED,FILE_LOCK,2026-07-13 04:30:16,231
TXN00006582,FAN_SIM_6581,MATCH003,1,0,FAILED,FILE_LOCK,2026-07-13 04:30:16,244
TXN00006635,FAN_SIM_6634,MATCH003,1,0,FAILED,FILE_LOCK,2026-07-13 04:30:16,246
TXN00006628,FAN_SIM_6627,MATCH003,1,0,FAILED,FILE_LOCK,2026-07-13 04:30:16,226
TXN00006627,FAN_SIM_6626,MATCH003,1,0,FAILED,FILE_LOCK,2026-07-13 04:30:16,229
TXN00006621,FAN_SIM_6620,MATCH003,1,0,FAILED,FILE_LOCK,2026-07-13 04:30:16,228
TXN00006606,FAN_SIM_6605,MATCH003,1,0,FAILED,FILE_LOCK,2026-07-13 04:30:16,230
TXN00006623,FAN_SIM_6622,MATCH003,1,0,FAILED,FILE_LOCK,2026-07-13 04:30:16,247
TXN00006589,FAN_SIM_6588,MATCH003,1,0,FAILED,FILE_LOCK,2026-07-13 04:30:16,234
TXN00006587,FAN_SIM_6586,MATCH003,1,0,FAILED,FILE_LOCK,2026-07-13 04:30:16,242
TXN00006581,FAN_SIM_6580,MATCH003,1,0,FAILED,FILE_LOCK,2026-07-13 04:30:16,241
TXN00006593,FAN_SIM_6592,MATCH003,1,0,FAILED,FILE_LOCK,2026-07-13 04:30:16,233
TXN00006609,FAN_SIM_6608,MATCH003,1,0,FAILED,FILE_LOCK,2026-07-13 04:30:16,230
TXN00006611,FAN_SIM_6610,MATCH003,1,0,FAILED,FILE_LOCK,2026-07-13 04:30:16,231
TXN00006610,FAN_SIM_6609,MATCH003,1,0,FAILED,FILE_LOCK,2026-07-13 04:30:16,229
TXN00006632,FAN_SIM_6631,MATCH003,1,0,FAILED,FILE_LOCK,2026-07-13 04:30:16,228
TXN00006596,FAN_SIM_6595,MATCH003,1,0,FAILED,FILE_LOCK,2026-07-13 04:30:16,230
TXN00006618,FAN_SIM_6617,MATCH003,1,0,FAILED,FILE_LOCK,2026-07-13 04:30:16,231
TXN00006583,FAN_SIM_6582,MATCH003,1,0,FAILED,FILE_LOCK,2026-07-13 04:30:16,242
TXN00006590,FAN_SIM_6589,MATCH003,1,0,FAILED,FILE_LOCK,2026-07-13 04:30:16,251
TXN00006584,FAN_SIM_6583,MATCH003,1,0,FAILED,FILE_LOCK,2026-07-13 04:30:16,243
TXN00006601,FAN_SIM_6600,MATCH003,1,0,FAILED,FILE_LOCK,2026-07-13 04:30:16,231
TXN00006626,FAN_SIM_6625,MATCH003,1,0,FAILED,FILE_LOCK,2026-07-13 04:30:16,227
TXN00006585,FAN_SIM_6584,MATCH003,1,0,FAILED,FILE_LOCK,2026-07-13 04:30:16,241
TXN00006592,FAN_SIM_6591,MATCH003,1,0,FAILED,FILE_LOCK,2026-07-13 04:30:16,231
TXN00006586,FAN_SIM_6585,MATCH003,1,0,FAILED,FILE_LOCK,2026-07-13 04:30:16,241
TXN00006599,FAN_SIM_6598,MATCH003,1,0,FAILED,FILE_LOCK,2026-07-13 04:30:16,231
TXN00006588,FAN_SIM_6587,MATCH003,1,0,FAILED,FILE_LOCK,2026-07-13 04:30:16,267
TXN00006613,FAN_SIM_6612,MATCH003,1,0,FAILED,FILE_LOCK,2026-07-13 04:30:16,232
TXN00006639,FAN_SIM_6638,MATCH003,1,0,FAILED,FILE_LOCK,2026-07-13 04:30:16,258
TXN00006640,FAN_SIM_6639,MATCH003,1,0,FAILED,FILE_LOCK,2026-07-13 04:30:16,258
TXN00006607,FAN_SIM_6606,MATCH003,1,500000,FAILED,FILE_LOCK,2026-07-13 04:30:16,262
TXN00006622,FAN_SIM_6621,MATCH003,1,0,FAILED,FILE_LOCK,2026-07-13 04:30:16,261
TXN00006602,FAN_SIM_6601,MATCH003,1,0,FAILED,FILE_LOCK,2026-07-13 04:30:16,263
TXN00006594,FAN_SIM_6593,MATCH003,1,0,FAILED,FILE_LOCK,2026-07-13 04:30:16,264
TXN00006617,FAN_SIM_6616,MATCH003,1,0,FAILED,FILE_LOCK,2026-07-13 04:30:16,261
TXN00006634,FAN_SIM_6633,MATCH003,1,0,FAILED,FILE_LOCK,2026-07-13 04:30:16,259
TXN00006646,FAN_SIM_6645,MATCH003,1,0,FAILED,FILE_LOCK,2026-07-13 04:30:16,2
TXN00006631,FAN_SIM_6630,MATCH003,1,0,FAILED,FILE_LOCK,2026-07-13 04:30:16,260
TXN00006637,FAN_SIM_6636,MATCH003,1,0,FAILED,FILE_LOCK,2026-07-13 04:30:16,260
TXN00006608,FAN_SIM_6607,MATCH003,1,0,FAILED,FILE_LOCK,2026-07-13 04:30:16,262
TXN00006633,FAN_SIM_6632,MATCH003,1,0,FAILED,FILE_LOCK,2026-07-13 04:30:16,260
TXN00006642,FAN_SIM_6641,MATCH003,1,0,FAILED,FILE_LOCK,2026-07-13 04:30:16,246
TXN00006595,FAN_SIM_6594,MATCH003,1,500000,FAILED,FILE_LOCK,2026-07-13 04:30:16,265
TXN00006591,FAN_SIM_6590,MATCH003,1,500000,FAILED,FILE_LOCK,2026-07-13 04:30:16,265
TXN00006597,FAN_SIM_6596,MATCH003,1,500000,FAILED,FILE_LOCK,2026-07-13 04:30:16,265
TXN00006615,FAN_SIM_6614,MATCH003,1,500000,FAILED,FILE_LOCK,2026-07-13 04:30:16,262
TXN00006630,FAN_SIM_6629,MATCH003,1,0,FAILED,FILE_LOCK,2026-07-13 04:30:16,261
TXN00006616,FAN_SIM_6615,MATCH003,1,500000,FAILED,FILE_LOCK,2026-07-13 04:30:16,262
TXN00006644,FAN_SIM_6643,MATCH003,1,0,FAILED,FILE_LOCK,2026-07-13 04:30:16,8
TXN00006652,FAN_SIM_6651,MATCH003,1,0,FAILED,FILE_LOCK,2026-07-13 04:30:16,212
TXN00006705,FAN_SIM_6700,MATCH003,1,0,FAILED,FILE_LOCK,2026-07-13 04:30:16,207
TXN00006649,FAN_SIM_6648,MATCH003,1,0,FAILED,FILE_LOCK,2026-07-13 04:30:16,216
TXN00006693,FAN_SIM_6693,MATCH003,1,0,FAILED,FILE_LOCK,2026-07-13 04:30:16,209
TXN00006703,FAN_SIM_6703,MATCH003,1,0,FAILED,FILE_LOCK,2026-07-13 04:30:16,208
TXN00006697,FAN_SIM_6696,MATCH003,1,0,FAILED,FILE_LOCK,2026-07-13 04:30:16,208
TXN00006696,FAN_SIM_6695,MATCH003,1,0,FAILED,FILE_LOCK,2026-07-13 04:30:16,209
TXN00006662,FAN_SIM_6661,MATCH003,1,0,FAILED,FILE_LOCK,2026-07-13 04:30:16,212
TXN00006648,FAN_SIM_6647,MATCH003,1,0,FAILED,FILE_LOCK,2026-07-13 04:30:16,216
TXN00006704,FAN_SIM_6704,MATCH003,1,0,FAILED,FILE_LOCK,2026-07-13 04:30:16,207
TXN00006681,FAN_SIM_6680,MATCH003,1,0,FAILED,FILE_LOCK,2026-07-13 04:30:16,210
TXN00006674,FAN_SIM_6673,MATCH003,1,0,FAILED,FILE_LOCK,2026-07-13 04:30:16,214
TXN00006658,FAN_SIM_6657,MATCH003,1,0,FAILED,FILE_LOCK,2026-07-13 04:30:16,217
TXN00006686,FAN_SIM_6685,MATCH003,1,0,FAILED,FILE_LOCK,2026-07-13 04:30:16,213
TXN00006676,FAN_SIM_6675,MATCH003,1,0,FAILED,FILE_LOCK,2026-07-13 04:30:16,216
TXN00006694,FAN_SIM_6692,MATCH003,1,0,FAILED,FILE_LOCK,2026-07-13 04:30:16,208
TXN00006675,FAN_SIM_6674,MATCH003,1,0,FAILED,FILE_LOCK,2026-07-13 04:30:16,211
TXN00006659,FAN_SIM_6658,MATCH003,1,0,FAILED,FILE_LOCK,2026-07-13 04:30:16,218
TXN00006682,FAN_SIM_6681,MATCH003,1,0,FAILED,FILE_LOCK,2026-07-13 04:30:16,218
TXN00006689,FAN_SIM_6688,MATCH003,1,0,FAILED,FILE_LOCK,2026-07-13 04:30:16,210
TXN00006707,FAN_SIM_6706,MATCH003,1,0,FAILED,FILE_LOCK,2026-07-13 04:30:16,208
TXN00006698,FAN_SIM_6697,MATCH003,1,0,FAILED,FILE_LOCK,2026-07-13 04:30:16,209
TXN00006699,FAN_SIM_6698,MATCH003,1,0,FAILED,FILE_LOCK,2026-07-13 04:30:16,211
TXN00006660,FAN_SIM_6659,MATCH003,1,0,FAILED,FILE_LOCK,2026-07-13 04:30:16,217
TXN00006678,FAN_SIM_6677,MATCH003,1,0,FAILED,FILE_LOCK,2026-07-13 04:30:16,215
TXN00006687,FAN_SIM_6686,MATCH003,1,0,FAILED,FILE_LOCK,2026-07-13 04:30:16,210
TXN00006680,FAN_SIM_6679,MATCH003,1,0,FAILED,FILE_LOCK,2026-07-13 04:30:16,213
TXN00006690,FAN_SIM_6689,MATCH003,1,0,FAILED,FILE_LOCK,2026-07-13 04:30:16,209
TXN00006683,FAN_SIM_6682,MATCH003,1,0,FAILED,FILE_LOCK,2026-07-13 04:30:16,212
TXN00006645,FAN_SIM_6644,MATCH003,1,0,FAILED,FILE_LOCK,2026-07-13 04:30:16,225
TXN00006684,FAN_SIM_6683,MATCH003,1,0,FAILED,FILE_LOCK,2026-07-13 04:30:16,212
TXN00006692,FAN_SIM_6691,MATCH003,1,0,FAILED,FILE_LOCK,2026-07-13 04:30:16,210
TXN00006673,FAN_SIM_6672,MATCH003,1,0,FAILED,FILE_LOCK,2026-07-13 04:30:16,221
TXN00006654,FAN_SIM_6653,MATCH003,1,0,FAILED,FILE_LOCK,2026-07-13 04:30:16,256
TXN00006655,FAN_SIM_6654,MATCH003,1,0,FAILED,FILE_LOCK,2026-07-13 04:30:16,223
TXN00006691,FAN_SIM_6690,MATCH003,1,0,FAILED,FILE_LOCK,2026-07-13 04:30:16,252
TXN00006651,FAN_SIM_6650,MATCH003,1,0,FAILED,FILE_LOCK,2026-07-13 04:30:16,226
TXN00006664,FAN_SIM_6663,MATCH003,1,0,FAILED,FILE_LOCK,2026-07-13 04:30:16,230
TXN00006710,FAN_SIM_6709,MATCH003,1,0,FAILED,FILE_LOCK,2026-07-13 04:30:16,24
TXN00006677,FAN_SIM_6676,MATCH003,1,0,FAILED,FILE_LOCK,2026-07-13 04:30:16,253
TXN00006656,FAN_SIM_6655,MATCH003,1,0,FAILED,FILE_LOCK,2026-07-13 04:30:16,255
TXN00006657,FAN_SIM_6656,MATCH003,1,500000,FAILED,FILE_LOCK,2026-07-13 04:30:16,256
TXN00006709,FAN_SIM_6708,MATCH003,1,0,FAILED,FILE_LOCK,2026-07-13 04:30:16,250
TXN00006708,FAN_SIM_6707,MATCH003,1,0,FAILED,FILE_LOCK,2026-07-13 04:30:16,250
TXN00006695,FAN_SIM_6694,MATCH003,1,0,FAILED,FILE_LOCK,2026-07-13 04:30:16,251
TXN00006667,FAN_SIM_6666,MATCH003,1,500000,FAILED,FILE_LOCK,2026-07-13 04:30:16,254
TXN00006700,FAN_SIM_6699,MATCH003,1,0,FAILED,FILE_LOCK,2026-07-13 04:30:16,251
TXN00006666,FAN_SIM_6665,MATCH003,1,0,FAILED,FILE_LOCK,2026-07-13 04:30:16,254
TXN00006679,FAN_SIM_6678,MATCH003,1,500000,FAILED,FILE_LOCK,2026-07-13 04:30:16,255
TXN00006711,FAN_SIM_6710,MATCH003,1,0,FAILED,FILE_LOCK,2026-07-13 04:30:16,1
TXN00006712,FAN_SIM_6711,MATCH003,1,0,FAILED,FILE_LOCK,2026-07-13 04:30:16,1
TXN00006672,FAN_SIM_6671,MATCH003,1,0,FAILED,FILE_LOCK,2026-07-13 04:30:16,258
TXN00006650,FAN_SIM_6649,MATCH003,1,500000,FAILED,FILE_LOCK,2026-07-13 04:30:16,263
TXN00006701,FAN_SIM_6701,MATCH003,1,0,FAILED,FILE_LOCK,2026-07-13 04:30:16,255
TXN00006647,FAN_SIM_6646,MATCH003,1,500000,FAILED,FILE_LOCK,2026-07-13 04:30:16,267
TXN00006688,FAN_SIM_6687,MATCH003,1,500000,FAILED,FILE_LOCK,2026-07-13 04:30:16,259
TXN00006669,FAN_SIM_6668,MATCH003,1,500000,FAILED,FILE_LOCK,2026-07-13 04:30:16,260
TXN00006661,FAN_SIM_6660,MATCH003,1,500000,FAILED,FILE_LOCK,2026-07-13 04:30:16,260
TXN00006706,FAN_SIM_6705,MATCH003,1,0,FAILED,FILE_LOCK,2026-07-13 04:30:16,256
TXN00006665,FAN_SIM_6664,MATCH003,1,500000,FAILED,FILE_LOCK,2026-07-13 04:30:16,261
TXN00006713,FAN_SIM_6712,MATCH003,1,0,FAILED,FILE_LOCK,2026-07-13 04:30:16,0
TXN00006653,FAN_SIM_6652,MATCH003,1,500000,FAILED,FILE_LOCK,2026-07-13 04:30:16,262
TXN00006702,FAN_SIM_6702,MATCH003,1,0,FAILED,FILE_LOCK,2026-07-13 04:30:16,256
TXN00006685,FAN_SIM_6684,MATCH003,1,500000,FAILED,FILE_LOCK,2026-07-13 04:30:16,260
TXN00006671,FAN_SIM_6670,MATCH003,1,500000,FAILED,FILE_LOCK,2026-07-13 04:30:16,262
TXN00006663,FAN_SIM_6662,MATCH003,1,500000,FAILED,FILE_LOCK,2026-07-13 04:30:16,263
TXN00006668,FAN_SIM_6667,MATCH003,1,500000,FAILED,FILE_LOCK,2026-07-13 04:30:16,263
TXN00006670,FAN_SIM_6669,MATCH003,1,500000,FAILED,FILE_LOCK,2026-07-13 04:30:16,263
TXN00006773,FAN_SIM_6772,MATCH003,1,0,FAILED,FILE_LOCK,2026-07-13 04:30:17,268
TXN00006769,FAN_SIM_6769,MATCH003,1,0,FAILED,FILE_LOCK,2026-07-13 04:30:17,268
TXN00006718,FAN_SIM_6717,MATCH003,1,0,FAILED,FILE_LOCK,2026-07-13 04:30:17,275
TXN00006757,FAN_SIM_6756,MATCH003,1,0,FAILED,FILE_LOCK,2026-07-13 04:30:17,270
TXN00006725,FAN_SIM_6724,MATCH003,1,0,FAILED,FILE_LOCK,2026-07-13 04:30:17,278
TXN00006760,FAN_SIM_6760,MATCH003,1,0,FAILED,FILE_LOCK,2026-07-13 04:30:17,270
TXN00006717,FAN_SIM_6716,MATCH003,1,0,FAILED,FILE_LOCK,2026-07-13 04:30:17,278
TXN00006762,FAN_SIM_6759,MATCH003,1,0,FAILED,FILE_LOCK,2026-07-13 04:30:17,271
TXN00006772,FAN_SIM_6771,MATCH003,1,0,FAILED,FILE_LOCK,2026-07-13 04:30:17,272
TXN00006764,FAN_SIM_6763,MATCH003,1,0,FAILED,FILE_LOCK,2026-07-13 04:30:17,275
TXN00006714,FAN_SIM_6713,MATCH003,1,0,FAILED,FILE_LOCK,2026-07-13 04:30:17,286
TXN00006771,FAN_SIM_6768,MATCH003,1,0,FAILED,FILE_LOCK,2026-07-13 04:30:17,279
TXN00006753,FAN_SIM_6752,MATCH003,1,0,FAILED,FILE_LOCK,2026-07-13 04:30:17,275
TXN00006750,FAN_SIM_6749,MATCH003,1,0,FAILED,FILE_LOCK,2026-07-13 04:30:17,276
TXN00006758,FAN_SIM_6757,MATCH003,1,0,FAILED,FILE_LOCK,2026-07-13 04:30:17,275
TXN00006759,FAN_SIM_6758,MATCH003,1,0,FAILED,FILE_LOCK,2026-07-13 04:30:17,271
TXN00006754,FAN_SIM_6753,MATCH003,1,0,FAILED,FILE_LOCK,2026-07-13 04:30:17,277
TXN00006729,FAN_SIM_6728,MATCH003,1,0,FAILED,FILE_LOCK,2026-07-13 04:30:17,279
TXN00006755,FAN_SIM_6754,MATCH003,1,0,FAILED,FILE_LOCK,2026-07-13 04:30:17,271
TXN00006770,FAN_SIM_6770,MATCH003,1,0,FAILED,FILE_LOCK,2026-07-13 04:30:17,269
TXN00006777,FAN_SIM_6776,MATCH003,1,0,FAILED,FILE_LOCK,2026-07-13 04:30:17,270
TXN00006745,FAN_SIM_6744,MATCH003,1,0,FAILED,FILE_LOCK,2026-07-13 04:30:17,279
TXN00006748,FAN_SIM_6747,MATCH003,1,0,FAILED,FILE_LOCK,2026-07-13 04:30:17,272
TXN00006756,FAN_SIM_6755,MATCH003,1,0,FAILED,FILE_LOCK,2026-07-13 04:30:17,274
TXN00006747,FAN_SIM_6746,MATCH003,1,0,FAILED,FILE_LOCK,2026-07-13 04:30:17,280
TXN00006749,FAN_SIM_6748,MATCH003,1,0,FAILED,FILE_LOCK,2026-07-13 04:30:17,280
TXN00006738,FAN_SIM_6737,MATCH003,1,0,FAILED,FILE_LOCK,2026-07-13 04:30:17,281
TXN00006733,FAN_SIM_6732,MATCH003,1,0,FAILED,FILE_LOCK,2026-07-13 04:30:17,276
TXN00006765,FAN_SIM_6764,MATCH003,1,0,FAILED,FILE_LOCK,2026-07-13 04:30:17,269
TXN00006739,FAN_SIM_6738,MATCH003,1,0,FAILED,FILE_LOCK,2026-07-13 04:30:17,283
TXN00006731,FAN_SIM_6730,MATCH003,1,0,FAILED,FILE_LOCK,2026-07-13 04:30:17,283
TXN00006761,FAN_SIM_6761,MATCH003,1,0,FAILED,FILE_LOCK,2026-07-13 04:30:17,269
TXN00006746,FAN_SIM_6745,MATCH003,1,0,FAILED,FILE_LOCK,2026-07-13 04:30:17,283
TXN00006732,FAN_SIM_6731,MATCH003,1,0,FAILED,FILE_LOCK,2026-07-13 04:30:17,277
TXN00006744,FAN_SIM_6743,MATCH003,1,0,FAILED,FILE_LOCK,2026-07-13 04:30:17,275
TXN00006763,FAN_SIM_6762,MATCH003,1,0,FAILED,FILE_LOCK,2026-07-13 04:30:17,277
TXN00006737,FAN_SIM_6736,MATCH003,1,0,FAILED,FILE_LOCK,2026-07-13 04:30:17,314
TXN00006743,FAN_SIM_6742,MATCH003,1,0,FAILED,FILE_LOCK,2026-07-13 04:30:17,281
TXN00006774,FAN_SIM_6773,MATCH003,1,0,FAILED,FILE_LOCK,2026-07-13 04:30:17,274
TXN00006776,FAN_SIM_6775,MATCH003,1,0,FAILED,FILE_LOCK,2026-07-13 04:30:17,307
TXN00006741,FAN_SIM_6740,MATCH003,1,0,FAILED,FILE_LOCK,2026-07-13 04:30:17,283
TXN00006766,FAN_SIM_6765,MATCH003,1,0,FAILED,FILE_LOCK,2026-07-13 04:30:17,310
TXN00006775,FAN_SIM_6774,MATCH003,1,0,FAILED,FILE_LOCK,2026-07-13 04:30:17,309
TXN00006724,FAN_SIM_6723,MATCH003,1,500000,FAILED,FILE_LOCK,2026-07-13 04:30:17,315
TXN00006767,FAN_SIM_6766,MATCH003,1,0,FAILED,FILE_LOCK,2026-07-13 04:30:17,309
TXN00006727,FAN_SIM_6726,MATCH003,1,500000,FAILED,FILE_LOCK,2026-07-13 04:30:17,315
TXN00006779,FAN_SIM_6778,MATCH003,1,0,FAILED,FILE_LOCK,2026-07-13 04:30:17,0
TXN00006716,FAN_SIM_6715,MATCH003,1,500000,FAILED,FILE_LOCK,2026-07-13 04:30:17,319
TXN00006768,FAN_SIM_6767,MATCH003,1,0,FAILED,FILE_LOCK,2026-07-13 04:30:17,309
TXN00006720,FAN_SIM_6719,MATCH003,1,500000,FAILED,FILE_LOCK,2026-07-13 04:30:17,321
TXN00006780,FAN_SIM_6779,MATCH003,1,0,FAILED,FILE_LOCK,2026-07-13 04:30:17,1
TXN00006735,FAN_SIM_6734,MATCH003,1,500000,FAILED,FILE_LOCK,2026-07-13 04:30:17,318
TXN00006728,FAN_SIM_6727,MATCH003,1,500000,FAILED,FILE_LOCK,2026-07-13 04:30:17,320
TXN00006715,FAN_SIM_6714,MATCH003,1,500000,FAILED,FILE_LOCK,2026-07-13 04:30:17,326
TXN00006778,FAN_SIM_6777,MATCH003,1,0,FAILED,FILE_LOCK,2026-07-13 04:30:17,5
TXN00006730,FAN_SIM_6729,MATCH003,1,500000,FAILED,FILE_LOCK,2026-07-13 04:30:17,321
TXN00006740,FAN_SIM_6739,MATCH003,1,500000,FAILED,FILE_LOCK,2026-07-13 04:30:17,320
TXN00006781,FAN_SIM_6780,MATCH003,1,0,FAILED,FILE_LOCK,2026-07-13 04:30:17,1
TXN00006726,FAN_SIM_6725,MATCH003,1,500000,FAILED,FILE_LOCK,2026-07-13 04:30:17,324
TXN00006721,FAN_SIM_6720,MATCH003,1,500000,FAILED,FILE_LOCK,2026-07-13 04:30:17,322
TXN00006751,FAN_SIM_6750,MATCH003,1,500000,FAILED,FILE_LOCK,2026-07-13 04:30:17,322
TXN00006736,FAN_SIM_6735,MATCH003,1,500000,FAILED,FILE_LOCK,2026-07-13 04:30:17,325
TXN00006742,FAN_SIM_6741,MATCH003,1,500000,FAILED,FILE_LOCK,2026-07-13 04:30:17,325
TXN00006723,FAN_SIM_6722,MATCH003,1,500000,FAILED,FILE_LOCK,2026-07-13 04:30:17,334
TXN00006719,FAN_SIM_6718,MATCH003,1,500000,FAILED,FILE_LOCK,2026-07-13 04:30:17,338
TXN00006722,FAN_SIM_6721,MATCH003,1,500000,FAILED,FILE_LOCK,2026-07-13 04:30:17,340
TXN00006752,FAN_SIM_6751,MATCH003,1,500000,FAILED,FILE_LOCK,2026-07-13 04:30:17,337
TXN00006734,FAN_SIM_6733,MATCH003,1,500000,FAILED,FILE_LOCK,2026-07-13 04:30:17,340
TXN00006806,FAN_SIM_6805,MATCH003,1,0,FAILED,FILE_LOCK,2026-07-13 04:30:17,166
TXN00006788,FAN_SIM_6787,MATCH003,1,0,FAILED,FILE_LOCK,2026-07-13 04:30:17,169
TXN00006789,FAN_SIM_6788,MATCH003,1,0,FAILED,FILE_LOCK,2026-07-13 04:30:17,169
TXN00006817,FAN_SIM_6816,MATCH003,1,0,FAILED,FILE_LOCK,2026-07-13 04:30:17,166
TXN00006798,FAN_SIM_6797,MATCH003,1,0,FAILED,FILE_LOCK,2026-07-13 04:30:17,167
TXN00006829,FAN_SIM_6828,MATCH003,1,0,FAILED,FILE_LOCK,2026-07-13 04:30:17,167
TXN00006812,FAN_SIM_6811,MATCH003,1,0,FAILED,FILE_LOCK,2026-07-13 04:30:17,166
TXN00006821,FAN_SIM_6820,MATCH003,1,0,FAILED,FILE_LOCK,2026-07-13 04:30:17,165
TXN00006814,FAN_SIM_6813,MATCH003,1,0,FAILED,FILE_LOCK,2026-07-13 04:30:17,166
TXN00006838,FAN_SIM_6837,MATCH003,1,0,FAILED,FILE_LOCK,2026-07-13 04:30:17,171
TXN00006784,FAN_SIM_6783,MATCH003,1,0,FAILED,FILE_LOCK,2026-07-13 04:30:17,178
TXN00006801,FAN_SIM_6800,MATCH003,1,0,FAILED,FILE_LOCK,2026-07-13 04:30:17,171
TXN00006837,FAN_SIM_6836,MATCH003,1,0,FAILED,FILE_LOCK,2026-07-13 04:30:17,168
TXN00006799,FAN_SIM_6798,MATCH003,1,0,FAILED,FILE_LOCK,2026-07-13 04:30:17,175
TXN00006824,FAN_SIM_6823,MATCH003,1,0,FAILED,FILE_LOCK,2026-07-13 04:30:17,168
TXN00006828,FAN_SIM_6827,MATCH003,1,0,FAILED,FILE_LOCK,2026-07-13 04:30:17,165
TXN00006825,FAN_SIM_6824,MATCH003,1,0,FAILED,FILE_LOCK,2026-07-13 04:30:17,167
TXN00006819,FAN_SIM_6818,MATCH003,1,0,FAILED,FILE_LOCK,2026-07-13 04:30:17,174
TXN00006826,FAN_SIM_6825,MATCH003,1,0,FAILED,FILE_LOCK,2026-07-13 04:30:17,167
TXN00006822,FAN_SIM_6821,MATCH003,1,0,FAILED,FILE_LOCK,2026-07-13 04:30:17,167
TXN00006796,FAN_SIM_6795,MATCH003,1,0,FAILED,FILE_LOCK,2026-07-13 04:30:17,171
TXN00006792,FAN_SIM_6791,MATCH003,1,0,FAILED,FILE_LOCK,2026-07-13 04:30:17,176
TXN00006811,FAN_SIM_6810,MATCH003,1,0,FAILED,FILE_LOCK,2026-07-13 04:30:17,170
TXN00006793,FAN_SIM_6792,MATCH003,1,0,FAILED,FILE_LOCK,2026-07-13 04:30:17,175
TXN00006803,FAN_SIM_6802,MATCH003,1,0,FAILED,FILE_LOCK,2026-07-13 04:30:17,170
TXN00006827,FAN_SIM_6826,MATCH003,1,0,FAILED,FILE_LOCK,2026-07-13 04:30:17,167
TXN00006802,FAN_SIM_6801,MATCH003,1,0,FAILED,FILE_LOCK,2026-07-13 04:30:17,170
TXN00006810,FAN_SIM_6809,MATCH003,1,0,FAILED,FILE_LOCK,2026-07-13 04:30:17,169
TXN00006782,FAN_SIM_6781,MATCH003,1,500000,FAILED,FILE_LOCK,2026-07-13 04:30:17,182
TXN00006786,FAN_SIM_6785,MATCH003,1,0,FAILED,FILE_LOCK,2026-07-13 04:30:17,178
TXN00006832,FAN_SIM_6831,MATCH003,1,0,FAILED,FILE_LOCK,2026-07-13 04:30:17,171
TXN00006842,FAN_SIM_6841,MATCH003,1,0,FAILED,FILE_LOCK,2026-07-13 04:30:17,164
TXN00006820,FAN_SIM_6819,MATCH003,1,0,FAILED,FILE_LOCK,2026-07-13 04:30:17,170
TXN00006815,FAN_SIM_6814,MATCH003,1,0,FAILED,FILE_LOCK,2026-07-13 04:30:17,173
TXN00006813,FAN_SIM_6812,MATCH003,1,0,FAILED,FILE_LOCK,2026-07-13 04:30:17,172
TXN00006807,FAN_SIM_6806,MATCH003,1,0,FAILED,FILE_LOCK,2026-07-13 04:30:17,170
TXN00006845,FAN_SIM_6844,MATCH003,1,0,FAILED,FILE_LOCK,2026-07-13 04:30:17,163
TXN00006834,FAN_SIM_6833,MATCH003,1,0,FAILED,FILE_LOCK,2026-07-13 04:30:17,172
TXN00006830,FAN_SIM_6829,MATCH003,1,0,FAILED,FILE_LOCK,2026-07-13 04:30:17,167
TXN00006787,FAN_SIM_6786,MATCH003,1,0,FAILED,FILE_LOCK,2026-07-13 04:30:17,178
TXN00006795,FAN_SIM_6794,MATCH003,1,0,FAILED,FILE_LOCK,2026-07-13 04:30:17,171
TXN00006843,FAN_SIM_6842,MATCH003,1,0,FAILED,FILE_LOCK,2026-07-13 04:30:17,156
TXN00006831,FAN_SIM_6830,MATCH003,1,0,FAILED,FILE_LOCK,2026-07-13 04:30:17,167
TXN00006823,FAN_SIM_6822,MATCH003,1,0,FAILED,FILE_LOCK,2026-07-13 04:30:17,169
TXN00006844,FAN_SIM_6843,MATCH003,1,0,FAILED,FILE_LOCK,2026-07-13 04:30:17,152
TXN00006785,FAN_SIM_6784,MATCH003,1,0,FAILED,FILE_LOCK,2026-07-13 04:30:17,174
TXN00006835,FAN_SIM_6834,MATCH003,1,0,FAILED,FILE_LOCK,2026-07-13 04:30:17,170
TXN00006841,FAN_SIM_6840,MATCH003,1,0,FAILED,FILE_LOCK,2026-07-13 04:30:17,171
TXN00006809,FAN_SIM_6808,MATCH003,1,0,FAILED,FILE_LOCK,2026-07-13 04:30:17,171
TXN00006804,FAN_SIM_6803,MATCH003,1,0,FAILED,FILE_LOCK,2026-07-13 04:30:17,174
TXN00006805,FAN_SIM_6804,MATCH003,1,0,FAILED,FILE_LOCK,2026-07-13 04:30:17,174
TXN00006816,FAN_SIM_6815,MATCH003,1,0,FAILED,FILE_LOCK,2026-07-13 04:30:17,169
TXN00006794,FAN_SIM_6793,MATCH003,1,0,FAILED,FILE_LOCK,2026-07-13 04:30:17,171
TXN00006797,FAN_SIM_6796,MATCH003,1,0,FAILED,FILE_LOCK,2026-07-13 04:30:17,176
TXN00006818,FAN_SIM_6817,MATCH003,1,0,FAILED,FILE_LOCK,2026-07-13 04:30:17,174
TXN00006836,FAN_SIM_6835,MATCH003,1,0,FAILED,FILE_LOCK,2026-07-13 04:30:17,172
TXN00006790,FAN_SIM_6789,MATCH003,1,0,FAILED,FILE_LOCK,2026-07-13 04:30:17,172
TXN00006783,FAN_SIM_6782,MATCH003,1,0,FAILED,FILE_LOCK,2026-07-13 04:30:17,174
TXN00006833,FAN_SIM_6832,MATCH003,1,0,FAILED,FILE_LOCK,2026-07-13 04:30:17,171
TXN00006791,FAN_SIM_6790,MATCH003,1,500000,FAILED,FILE_LOCK,2026-07-13 04:30:17,177
TXN00006800,FAN_SIM_6799,MATCH003,1,0,FAILED,FILE_LOCK,2026-07-13 04:30:17,169
TXN00006808,FAN_SIM_6807,MATCH003,1,0,FAILED,FILE_LOCK,2026-07-13 04:30:17,175
TXN00006839,FAN_SIM_6838,MATCH003,1,0,FAILED,FILE_LOCK,2026-07-13 04:30:17,171
TXN00006840,FAN_SIM_6839,MATCH003,1,0,FAILED,FILE_LOCK,2026-07-13 04:30:17,170
TXN00006903,FAN_SIM_6902,MATCH003,1,0,FAILED,FILE_LOCK,2026-07-13 04:30:17,136
TXN00006847,FAN_SIM_6846,MATCH003,1,0,FAILED,FILE_LOCK,2026-07-13 04:30:17,199
TXN00006876,FAN_SIM_6875,MATCH003,1,0,FAILED,FILE_LOCK,2026-07-13 04:30:17,141
TXN00006897,FAN_SIM_6896,MATCH003,1,0,FAILED,FILE_LOCK,2026-07-13 04:30:17,140
TXN00006846,FAN_SIM_6845,MATCH003,1,0,FAILED,FILE_LOCK,2026-07-13 04:30:17,207
TXN00006871,FAN_SIM_6871,MATCH003,1,0,FAILED,FILE_LOCK,2026-07-13 04:30:17,148
TXN00006868,FAN_SIM_6867,MATCH003,1,0,FAILED,FILE_LOCK,2026-07-13 04:30:17,144
TXN00006867,FAN_SIM_6866,MATCH003,1,0,FAILED,FILE_LOCK,2026-07-13 04:30:17,151
TXN00006905,FAN_SIM_6904,MATCH003,1,0,FAILED,FILE_LOCK,2026-07-13 04:30:17,140
TXN00006892,FAN_SIM_6891,MATCH003,1,0,FAILED,FILE_LOCK,2026-07-13 04:30:17,144
TXN00006854,FAN_SIM_6853,MATCH003,1,0,FAILED,FILE_LOCK,2026-07-13 04:30:17,179
TXN00006891,FAN_SIM_6890,MATCH003,1,0,FAILED,FILE_LOCK,2026-07-13 04:30:17,142
TXN00006848,FAN_SIM_6847,MATCH003,1,0,FAILED,FILE_LOCK,2026-07-13 04:30:17,202
TXN00006853,FAN_SIM_6852,MATCH003,1,0,FAILED,FILE_LOCK,2026-07-13 04:30:17,185
TXN00006895,FAN_SIM_6894,MATCH003,1,0,FAILED,FILE_LOCK,2026-07-13 04:30:17,147
TXN00006886,FAN_SIM_6885,MATCH003,1,0,FAILED,FILE_LOCK,2026-07-13 04:30:17,147
TXN00006885,FAN_SIM_6884,MATCH003,1,0,FAILED,FILE_LOCK,2026-07-13 04:30:17,148
TXN00006887,FAN_SIM_6886,MATCH003,1,0,FAILED,FILE_LOCK,2026-07-13 04:30:17,148
TXN00006898,FAN_SIM_6897,MATCH003,1,0,FAILED,FILE_LOCK,2026-07-13 04:30:17,148
TXN00006881,FAN_SIM_6880,MATCH003,1,0,FAILED,FILE_LOCK,2026-07-13 04:30:17,148
TXN00006874,FAN_SIM_6873,MATCH003,1,0,FAILED,FILE_LOCK,2026-07-13 04:30:17,148
TXN00006878,FAN_SIM_6877,MATCH003,1,0,FAILED,FILE_LOCK,2026-07-13 04:30:17,148
TXN00006879,FAN_SIM_6878,MATCH003,1,0,FAILED,FILE_LOCK,2026-07-13 04:30:17,149
TXN00006890,FAN_SIM_6889,MATCH003,1,0,FAILED,FILE_LOCK,2026-07-13 04:30:17,149
TXN00006896,FAN_SIM_6895,MATCH003,1,0,FAILED,FILE_LOCK,2026-07-13 04:30:17,148
TXN00006865,FAN_SIM_6864,MATCH003,1,0,FAILED,FILE_LOCK,2026-07-13 04:30:17,156
TXN00006866,FAN_SIM_6865,MATCH003,1,0,FAILED,FILE_LOCK,2026-07-13 04:30:17,155
TXN00006872,FAN_SIM_6869,MATCH003,1,0,FAILED,FILE_LOCK,2026-07-13 04:30:17,149
TXN00006877,FAN_SIM_6876,MATCH003,1,0,FAILED,FILE_LOCK,2026-07-13 04:30:17,149
TXN00006889,FAN_SIM_6888,MATCH003,1,0,FAILED,FILE_LOCK,2026-07-13 04:30:17,148
TXN00006909,FAN_SIM_6908,MATCH003,1,0,FAILED,FILE_LOCK,2026-07-13 04:30:17,115
TXN00006873,FAN_SIM_6872,MATCH003,1,0,FAILED,FILE_LOCK,2026-07-13 04:30:17,149
TXN00006880,FAN_SIM_6879,MATCH003,1,0,FAILED,FILE_LOCK,2026-07-13 04:30:17,149
TXN00006899,FAN_SIM_6898,MATCH003,1,0,FAILED,FILE_LOCK,2026-07-13 04:30:17,148
TXN00006884,FAN_SIM_6883,MATCH003,1,0,FAILED,FILE_LOCK,2026-07-13 04:30:17,149
TXN00006902,FAN_SIM_6901,MATCH003,1,0,FAILED,FILE_LOCK,2026-07-13 04:30:17,147
TXN00006900,FAN_SIM_6899,MATCH003,1,0,FAILED,FILE_LOCK,2026-07-13 04:30:17,148
TXN00006859,FAN_SIM_6858,MATCH003,1,0,FAILED,FILE_LOCK,2026-07-13 04:30:17,181
TXN00006851,FAN_SIM_6850,MATCH003,1,0,FAILED,FILE_LOCK,2026-07-13 04:30:17,208
TXN00006852,FAN_SIM_6851,MATCH003,1,0,FAILED,FILE_LOCK,2026-07-13 04:30:17,202
TXN00006882,FAN_SIM_6881,MATCH003,1,0,FAILED,FILE_LOCK,2026-07-13 04:30:17,150
TXN00006857,FAN_SIM_6856,MATCH003,1,0,FAILED,FILE_LOCK,2026-07-13 04:30:17,183
TXN00006855,FAN_SIM_6854,MATCH003,1,0,FAILED,FILE_LOCK,2026-07-13 04:30:17,183
TXN00006864,FAN_SIM_6863,MATCH003,1,0,FAILED,FILE_LOCK,2026-07-13 04:30:17,174
TXN00006894,FAN_SIM_6893,MATCH003,1,0,FAILED,FILE_LOCK,2026-07-13 04:30:17,150
TXN00006912,FAN_SIM_6911,MATCH003,1,0,FAILED,FILE_LOCK,2026-07-13 04:30:17,1
TXN00006860,FAN_SIM_6859,MATCH003,1,500000,FAILED,FILE_LOCK,2026-07-13 04:30:17,183
TXN00006910,FAN_SIM_6909,MATCH003,1,0,FAILED,FILE_LOCK,2026-07-13 04:30:17,5
TXN00006904,FAN_SIM_6903,MATCH003,1,0,FAILED,FILE_LOCK,2026-07-13 04:30:17,147
TXN00006908,FAN_SIM_6907,MATCH003,1,0,FAILED,FILE_LOCK,2026-07-13 04:30:17,141
TXN00006893,FAN_SIM_6892,MATCH003,1,0,FAILED,FILE_LOCK,2026-07-13 04:30:17,150
TXN00006862,FAN_SIM_6861,MATCH003,1,0,FAILED,FILE_LOCK,2026-07-13 04:30:17,176
TXN00006861,FAN_SIM_6860,MATCH003,1,500000,FAILED,FILE_LOCK,2026-07-13 04:30:17,180
TXN00006870,FAN_SIM_6870,MATCH003,1,0,FAILED,FILE_LOCK,2026-07-13 04:30:17,152
TXN00006901,FAN_SIM_6900,MATCH003,1,0,FAILED,FILE_LOCK,2026-07-13 04:30:17,148
TXN00006907,FAN_SIM_6906,MATCH003,1,0,FAILED,FILE_LOCK,2026-07-13 04:30:17,148
TXN00006858,FAN_SIM_6857,MATCH003,1,0,FAILED,FILE_LOCK,2026-07-13 04:30:17,183
TXN00006906,FAN_SIM_6905,MATCH003,1,0,FAILED,FILE_LOCK,2026-07-13 04:30:17,147
TXN00006875,FAN_SIM_6874,MATCH003,1,0,FAILED,FILE_LOCK,2026-07-13 04:30:17,151
TXN00006911,FAN_SIM_6910,MATCH003,1,0,FAILED,FILE_LOCK,2026-07-13 04:30:17,4
TXN00006869,FAN_SIM_6868,MATCH003,1,0,FAILED,FILE_LOCK,2026-07-13 04:30:17,153
TXN00006850,FAN_SIM_6849,MATCH003,1,0,FAILED,FILE_LOCK,2026-07-13 04:30:17,209
TXN00006849,FAN_SIM_6848,MATCH003,1,0,FAILED,FILE_LOCK,2026-07-13 04:30:17,210
TXN00006863,FAN_SIM_6862,MATCH003,1,0,FAILED,FILE_LOCK,2026-07-13 04:30:17,175
TXN00006883,FAN_SIM_6882,MATCH003,1,0,FAILED,FILE_LOCK,2026-07-13 04:30:17,150
TXN00006888,FAN_SIM_6887,MATCH003,1,0,FAILED,FILE_LOCK,2026-07-13 04:30:17,151
TXN00006856,FAN_SIM_6855,MATCH003,1,0,FAILED,FILE_LOCK,2026-07-13 04:30:17,183
TXN00006951,FAN_SIM_6951,MATCH003,1,0,FAILED,FILE_LOCK,2026-07-13 04:30:17,182
TXN00006950,FAN_SIM_6949,MATCH003,1,0,FAILED,FILE_LOCK,2026-07-13 04:30:17,182
TXN00006927,FAN_SIM_6926,MATCH003,1,0,FAILED,FILE_LOCK,2026-07-13 04:30:17,185
TXN00006942,FAN_SIM_6941,MATCH003,1,0,FAILED,FILE_LOCK,2026-07-13 04:30:17,183
TXN00006953,FAN_SIM_6950,MATCH003,1,0,FAILED,FILE_LOCK,2026-07-13 04:30:17,185
TXN00006924,FAN_SIM_6923,MATCH003,1,0,FAILED,FILE_LOCK,2026-07-13 04:30:17,189
TXN00006948,FAN_SIM_6947,MATCH003,1,0,FAILED,FILE_LOCK,2026-07-13 04:30:17,182
TXN00006952,FAN_SIM_6952,MATCH003,1,0,FAILED,FILE_LOCK,2026-07-13 04:30:17,185
TXN00006923,FAN_SIM_6922,MATCH003,1,0,FAILED,FILE_LOCK,2026-07-13 04:30:17,188
TXN00006941,FAN_SIM_6940,MATCH003,1,0,FAILED,FILE_LOCK,2026-07-13 04:30:17,185
TXN00006935,FAN_SIM_6935,MATCH003,1,0,FAILED,FILE_LOCK,2026-07-13 04:30:17,187
TXN00006974,FAN_SIM_6973,MATCH003,1,0,FAILED,FILE_LOCK,2026-07-13 04:30:17,167
TXN00006939,FAN_SIM_6938,MATCH003,1,0,FAILED,FILE_LOCK,2026-07-13 04:30:17,185
TXN00006918,FAN_SIM_6917,MATCH003,1,0,FAILED,FILE_LOCK,2026-07-13 04:30:17,191
TXN00006945,FAN_SIM_6944,MATCH003,1,0,FAILED,FILE_LOCK,2026-07-13 04:30:17,184
TXN00006915,FAN_SIM_6914,MATCH003,1,0,FAILED,FILE_LOCK,2026-07-13 04:30:17,196
TXN00006946,FAN_SIM_6945,MATCH003,1,0,FAILED,FILE_LOCK,2026-07-13 04:30:17,185
TXN00006916,FAN_SIM_6915,MATCH003,1,0,FAILED,FILE_LOCK,2026-07-13 04:30:17,195
TXN00006932,FAN_SIM_6931,MATCH003,1,0,FAILED,FILE_LOCK,2026-07-13 04:30:17,187
TXN00006937,FAN_SIM_6934,MATCH003,1,0,FAILED,FILE_LOCK,2026-07-13 04:30:17,185
TXN00006944,FAN_SIM_6943,MATCH003,1,0,FAILED,FILE_LOCK,2026-07-13 04:30:17,185
TXN00006940,FAN_SIM_6939,MATCH003,1,0,FAILED,FILE_LOCK,2026-07-13 04:30:17,186
TXN00006914,FAN_SIM_6913,MATCH003,1,0,FAILED,FILE_LOCK,2026-07-13 04:30:17,197
TXN00006949,FAN_SIM_6948,MATCH003,1,0,FAILED,FILE_LOCK,2026-07-13 04:30:17,184
TXN00006947,FAN_SIM_6946,MATCH003,1,0,FAILED,FILE_LOCK,2026-07-13 04:30:17,182
TXN00006943,FAN_SIM_6942,MATCH003,1,0,FAILED,FILE_LOCK,2026-07-13 04:30:17,185
TXN00006969,FAN_SIM_6968,MATCH003,1,0,FAILED,FILE_LOCK,2026-07-13 04:30:17,185
TXN00006955,FAN_SIM_6954,MATCH003,1,0,FAILED,FILE_LOCK,2026-07-13 04:30:17,186
TXN00006975,FAN_SIM_6974,MATCH003,1,0,FAILED,FILE_LOCK,2026-07-13 04:30:17,167
TXN00006922,FAN_SIM_6921,MATCH003,1,0,FAILED,FILE_LOCK,2026-07-13 04:30:17,190
TXN00006957,FAN_SIM_6956,MATCH003,1,0,FAILED,FILE_LOCK,2026-07-13 04:30:17,187
TXN00006920,FAN_SIM_6919,MATCH003,1,0,FAILED,FILE_LOCK,2026-07-13 04:30:17,191
TXN00006936,FAN_SIM_6936,MATCH003,1,0,FAILED,FILE_LOCK,2026-07-13 04:30:17,188
TXN00006930,FAN_SIM_6929,MATCH003,1,0,FAILED,FILE_LOCK,2026-07-13 04:30:17,189
TXN00006964,FAN_SIM_6963,MATCH003,1,0,FAILED,FILE_LOCK,2026-07-13 04:30:17,186
TXN00006934,FAN_SIM_6933,MATCH003,1,0,FAILED,FILE_LOCK,2026-07-13 04:30:17,189
TXN00006971,FAN_SIM_6970,MATCH003,1,0,FAILED,FILE_LOCK,2026-07-13 04:30:17,186
TXN00006963,FAN_SIM_6962,MATCH003,1,0,FAILED,FILE_LOCK,2026-07-13 04:30:17,187
TXN00006976,FAN_SIM_6975,MATCH003,1,0,FAILED,FILE_LOCK,2026-07-13 04:30:17,168
TXN00006925,FAN_SIM_6924,MATCH003,1,500000,FAILED,FILE_LOCK,2026-07-13 04:30:17,191
TXN00006968,FAN_SIM_6967,MATCH003,1,0,FAILED,FILE_LOCK,2026-07-13 04:30:17,188
TXN00006961,FAN_SIM_6960,MATCH003,1,0,FAILED,FILE_LOCK,2026-07-13 04:30:17,187
TXN00006966,FAN_SIM_6965,MATCH003,1,0,FAILED,FILE_LOCK,2026-07-13 04:30:17,188
TXN00006926,FAN_SIM_6925,MATCH003,1,0,FAILED,FILE_LOCK,2026-07-13 04:30:17,190
TXN00006933,FAN_SIM_6932,MATCH003,1,0,FAILED,FILE_LOCK,2026-07-13 04:30:17,190
TXN00006928,FAN_SIM_6927,MATCH003,1,0,FAILED,FILE_LOCK,2026-07-13 04:30:17,190
TXN00006973,FAN_SIM_6972,MATCH003,1,0,FAILED,FILE_LOCK,2026-07-13 04:30:17,187
TXN00006913,FAN_SIM_6912,MATCH003,1,0,FAILED,FILE_LOCK,2026-07-13 04:30:17,202
TXN00006970,FAN_SIM_6969,MATCH003,1,0,FAILED,FILE_LOCK,2026-07-13 04:30:17,186
TXN00006958,FAN_SIM_6957,MATCH003,1,0,FAILED,FILE_LOCK,2026-07-13 04:30:17,189
TXN00006967,FAN_SIM_6966,MATCH003,1,0,FAILED,FILE_LOCK,2026-07-13 04:30:17,186
TXN00006921,FAN_SIM_6920,MATCH003,1,0,FAILED,FILE_LOCK,2026-07-13 04:30:17,192
TXN00006959,FAN_SIM_6958,MATCH003,1,0,FAILED,FILE_LOCK,2026-07-13 04:30:17,188
TXN00006929,FAN_SIM_6928,MATCH003,1,0,FAILED,FILE_LOCK,2026-07-13 04:30:17,191
TXN00006956,FAN_SIM_6955,MATCH003,1,0,FAILED,FILE_LOCK,2026-07-13 04:30:17,188
TXN00006931,FAN_SIM_6930,MATCH003,1,0,FAILED,FILE_LOCK,2026-07-13 04:30:17,191
TXN00006962,FAN_SIM_6961,MATCH003,1,0,FAILED,FILE_LOCK,2026-07-13 04:30:17,186
TXN00006938,FAN_SIM_6937,MATCH003,1,0,FAILED,FILE_LOCK,2026-07-13 04:30:17,189
TXN00006917,FAN_SIM_6916,MATCH003,1,0,FAILED,FILE_LOCK,2026-07-13 04:30:17,195
TXN00006954,FAN_SIM_6953,MATCH003,1,0,FAILED,FILE_LOCK,2026-07-13 04:30:17,189
TXN00006960,FAN_SIM_6959,MATCH003,1,0,FAILED,FILE_LOCK,2026-07-13 04:30:17,188
TXN00006972,FAN_SIM_6971,MATCH003,1,0,FAILED,FILE_LOCK,2026-07-13 04:30:17,187
TXN00006919,FAN_SIM_6918,MATCH003,1,500000,FAILED,FILE_LOCK,2026-07-13 04:30:17,195
TXN00006965,FAN_SIM_6964,MATCH003,1,0,FAILED,FILE_LOCK,2026-07-13 04:30:17,188
TXN00006997,FAN_SIM_6996,MATCH003,1,0,FAILED,FILE_LOCK,2026-07-13 04:30:18,132
TXN00006979,FAN_SIM_6978,MATCH003,1,0,FAILED,FILE_LOCK,2026-07-13 04:30:18,145
TXN00007010,FAN_SIM_7009,MATCH003,1,0,FAILED,FILE_LOCK,2026-07-13 04:30:18,131
TXN00006988,FAN_SIM_6987,MATCH003,1,0,FAILED,FILE_LOCK,2026-07-13 04:30:18,135
TXN00007038,FAN_SIM_7037,MATCH003,1,0,FAILED,FILE_LOCK,2026-07-13 04:30:18,131
TXN00006980,FAN_SIM_6979,MATCH003,1,0,FAILED,FILE_LOCK,2026-07-13 04:30:18,146
TXN00006992,FAN_SIM_6991,MATCH003,1,0,FAILED,FILE_LOCK,2026-07-13 04:30:18,136
TXN00006996,FAN_SIM_6995,MATCH003,1,0,FAILED,FILE_LOCK,2026-07-13 04:30:18,136
TXN00007028,FAN_SIM_7027,MATCH003,1,0,FAILED,FILE_LOCK,2026-07-13 04:30:18,132
TXN00007036,FAN_SIM_7035,MATCH003,1,0,FAILED,FILE_LOCK,2026-07-13 04:30:18,131
TXN00006977,FAN_SIM_6976,MATCH003,1,0,FAILED,FILE_LOCK,2026-07-13 04:30:18,152
TXN00007021,FAN_SIM_7020,MATCH003,1,0,FAILED,FILE_LOCK,2026-07-13 04:30:18,133
TXN00007040,FAN_SIM_7039,MATCH003,1,0,FAILED,FILE_LOCK,2026-07-13 04:30:18,123
TXN00007034,FAN_SIM_7030,MATCH003,1,0,FAILED,FILE_LOCK,2026-07-13 04:30:18,131
TXN00006985,FAN_SIM_6984,MATCH003,1,0,FAILED,FILE_LOCK,2026-07-13 04:30:18,138
TXN00007008,FAN_SIM_7007,MATCH003,1,0,FAILED,FILE_LOCK,2026-07-13 04:30:18,134
TXN00007002,FAN_SIM_7001,MATCH003,1,0,FAILED,FILE_LOCK,2026-07-13 04:30:18,135
TXN00007016,FAN_SIM_7015,MATCH003,1,0,FAILED,FILE_LOCK,2026-07-13 04:30:18,130
TXN00007030,FAN_SIM_7029,MATCH003,1,0,FAILED,FILE_LOCK,2026-07-13 04:30:18,133
TXN00007039,FAN_SIM_7038,MATCH003,1,0,FAILED,FILE_LOCK,2026-07-13 04:30:18,132
TXN00007015,FAN_SIM_7014,MATCH003,1,0,FAILED,FILE_LOCK,2026-07-13 04:30:18,134
TXN00007004,FAN_SIM_7003,MATCH003,1,0,FAILED,FILE_LOCK,2026-07-13 04:30:18,135
TXN00006990,FAN_SIM_6989,MATCH003,1,0,FAILED,FILE_LOCK,2026-07-13 04:30:18,137
TXN00007027,FAN_SIM_7026,MATCH003,1,0,FAILED,FILE_LOCK,2026-07-13 04:30:18,133
TXN00007033,FAN_SIM_7033,MATCH003,1,0,FAILED,FILE_LOCK,2026-07-13 04:30:18,132
TXN00007032,FAN_SIM_7032,MATCH003,1,0,FAILED,FILE_LOCK,2026-07-13 04:30:18,133
TXN00007006,FAN_SIM_7005,MATCH003,1,0,FAILED,FILE_LOCK,2026-07-13 04:30:18,135
TXN00006991,FAN_SIM_6990,MATCH003,1,0,FAILED,FILE_LOCK,2026-07-13 04:30:18,138
TXN00006993,FAN_SIM_6992,MATCH003,1,0,FAILED,FILE_LOCK,2026-07-13 04:30:18,138
TXN00007003,FAN_SIM_7002,MATCH003,1,0,FAILED,FILE_LOCK,2026-07-13 04:30:18,136
TXN00007024,FAN_SIM_7023,MATCH003,1,0,FAILED,FILE_LOCK,2026-07-13 04:30:18,135
TXN00006984,FAN_SIM_6983,MATCH003,1,500000,FAILED,FILE_LOCK,2026-07-13 04:30:18,143
TXN00006999,FAN_SIM_6998,MATCH003,1,0,FAILED,FILE_LOCK,2026-07-13 04:30:18,138
TXN00006978,FAN_SIM_6977,MATCH003,1,500000,FAILED,FILE_LOCK,2026-07-13 04:30:18,155
TXN00007011,FAN_SIM_7010,MATCH003,1,0,FAILED,FILE_LOCK,2026-07-13 04:30:18,137
TXN00006982,FAN_SIM_6981,MATCH003,1,0,FAILED,FILE_LOCK,2026-07-13 04:30:18,145
TXN00007001,FAN_SIM_7000,MATCH003,1,0,FAILED,FILE_LOCK,2026-07-13 04:30:18,137
TXN00006994,FAN_SIM_6993,MATCH003,1,0,FAILED,FILE_LOCK,2026-07-13 04:30:18,140
TXN00007022,FAN_SIM_7021,MATCH003,1,0,FAILED,FILE_LOCK,2026-07-13 04:30:18,135
TXN00006995,FAN_SIM_6994,MATCH003,1,0,FAILED,FILE_LOCK,2026-07-13 04:30:18,140
TXN00007020,FAN_SIM_7019,MATCH003,1,0,FAILED,FILE_LOCK,2026-07-13 04:30:18,136
TXN00007029,FAN_SIM_7028,MATCH003,1,0,FAILED,FILE_LOCK,2026-07-13 04:30:18,135
TXN00006987,FAN_SIM_6986,MATCH003,1,0,FAILED,FILE_LOCK,2026-07-13 04:30:18,139
TXN00007014,FAN_SIM_7013,MATCH003,1,0,FAILED,FILE_LOCK,2026-07-13 04:30:18,135
TXN00007025,FAN_SIM_7024,MATCH003,1,0,FAILED,FILE_LOCK,2026-07-13 04:30:18,135
TXN00006981,FAN_SIM_6980,MATCH003,1,0,FAILED,FILE_LOCK,2026-07-13 04:30:18,145
TXN00007017,FAN_SIM_7016,MATCH003,1,0,FAILED,FILE_LOCK,2026-07-13 04:30:18,136
TXN00006989,FAN_SIM_6988,MATCH003,1,0,FAILED,FILE_LOCK,2026-07-13 04:30:18,139
TXN00007035,FAN_SIM_7034,MATCH003,1,0,FAILED,FILE_LOCK,2026-07-13 04:30:18,134
TXN00007037,FAN_SIM_7036,MATCH003,1,0,FAILED,FILE_LOCK,2026-07-13 04:30:18,133
TXN00007005,FAN_SIM_7004,MATCH003,1,0,FAILED,FILE_LOCK,2026-07-13 04:30:18,137
TXN00007018,FAN_SIM_7017,MATCH003,1,0,FAILED,FILE_LOCK,2026-07-13 04:30:18,136
TXN00007013,FAN_SIM_7012,MATCH003,1,0,FAILED,FILE_LOCK,2026-07-13 04:30:18,137
TXN00007000,FAN_SIM_6999,MATCH003,1,0,FAILED,FILE_LOCK,2026-07-13 04:30:18,137
TXN00007019,FAN_SIM_7018,MATCH003,1,0,FAILED,FILE_LOCK,2026-07-13 04:30:18,135
TXN00006983,FAN_SIM_6982,MATCH003,1,0,FAILED,FILE_LOCK,2026-07-13 04:30:18,141
TXN00007009,FAN_SIM_7008,MATCH003,1,0,FAILED,FILE_LOCK,2026-07-13 04:30:18,138
TXN00007041,FAN_SIM_7040,MATCH003,1,0,FAILED,FILE_LOCK,2026-07-13 04:30:18,4
TXN00007012,FAN_SIM_7011,MATCH003,1,0,FAILED,FILE_LOCK,2026-07-13 04:30:18,138
TXN00006986,FAN_SIM_6985,MATCH003,1,0,FAILED,FILE_LOCK,2026-07-13 04:30:18,140
TXN00007031,FAN_SIM_7031,MATCH003,1,0,FAILED,FILE_LOCK,2026-07-13 04:30:18,136
TXN00007007,FAN_SIM_7006,MATCH003,1,0,FAILED,FILE_LOCK,2026-07-13 04:30:18,137
TXN00006998,FAN_SIM_6997,MATCH003,1,0,FAILED,FILE_LOCK,2026-07-13 04:30:18,138
TXN00007026,FAN_SIM_7025,MATCH003,1,0,FAILED,FILE_LOCK,2026-07-13 04:30:18,136
TXN00007023,FAN_SIM_7022,MATCH003,1,0,FAILED,FILE_LOCK,2026-07-13 04:30:18,136
TXN00007092,FAN_SIM_7091,MATCH003,1,0,FAILED,FILE_LOCK,2026-07-13 04:30:18,205
TXN00007083,FAN_SIM_7082,MATCH003,1,0,FAILED,FILE_LOCK,2026-07-13 04:30:18,207
TXN00007091,FAN_SIM_7090,MATCH003,1,0,FAILED,FILE_LOCK,2026-07-13 04:30:18,206
TXN00007099,FAN_SIM_7098,MATCH003,1,0,FAILED,FILE_LOCK,2026-07-13 04:30:18,201
TXN00007100,FAN_SIM_7099,MATCH003,1,0,FAILED,FILE_LOCK,2026-07-13 04:30:18,201
TXN00007104,FAN_SIM_7103,MATCH003,1,0,FAILED,FILE_LOCK,2026-07-13 04:30:18,196
TXN00007084,FAN_SIM_7083,MATCH003,1,0,FAILED,FILE_LOCK,2026-07-13 04:30:18,206
TXN00007057,FAN_SIM_7056,MATCH003,1,0,FAILED,FILE_LOCK,2026-07-13 04:30:18,208
TXN00007095,FAN_SIM_7094,MATCH003,1,0,FAILED,FILE_LOCK,2026-07-13 04:30:18,203
TXN00007102,FAN_SIM_7101,MATCH003,1,0,FAILED,FILE_LOCK,2026-07-13 04:30:18,196
TXN00007051,FAN_SIM_7051,MATCH003,1,0,FAILED,FILE_LOCK,2026-07-13 04:30:18,210
TXN00007096,FAN_SIM_7095,MATCH003,1,0,FAILED,FILE_LOCK,2026-07-13 04:30:18,202
TXN00007101,FAN_SIM_7100,MATCH003,1,0,FAILED,FILE_LOCK,2026-07-13 04:30:18,201
TXN00007073,FAN_SIM_7072,MATCH003,1,0,FAILED,FILE_LOCK,2026-07-13 04:30:18,206
TXN00007064,FAN_SIM_7063,MATCH003,1,0,FAILED,FILE_LOCK,2026-07-13 04:30:18,208
TXN00007076,FAN_SIM_7076,MATCH003,1,0,FAILED,FILE_LOCK,2026-07-13 04:30:18,206
TXN00007110,FAN_SIM_7109,MATCH003,1,0,FAILED,FILE_LOCK,2026-07-13 04:30:18,1
TXN00007112,FAN_SIM_7111,MATCH003,1,0,FAILED,FILE_LOCK,2026-07-13 04:30:18,2
TXN00007042,FAN_SIM_7041,MATCH003,1,500000,FAILED,FILE_LOCK,2026-07-13 04:30:18,269
TXN00007114,FAN_SIM_7113,MATCH003,1,0,FAILED,FILE_LOCK,2026-07-13 04:30:18,3
TXN00007119,FAN_SIM_7118,MATCH003,1,0,FAILED,FILE_LOCK,2026-07-13 04:30:18,2
TXN00007122,FAN_SIM_7121,MATCH003,1,0,FAILED,FILE_LOCK,2026-07-13 04:30:18,1
TXN00007123,FAN_SIM_7122,MATCH003,1,0,FAILED,FILE_LOCK,2026-07-13 04:30:18,1
TXN00007070,FAN_SIM_7070,MATCH003,1,500000,FAILED,FILE_LOCK,2026-07-13 04:30:18,256
TXN00007113,FAN_SIM_7112,MATCH003,1,0,FAILED,FILE_LOCK,2026-07-13 04:30:18,3
TXN00007067,FAN_SIM_7066,MATCH003,1,500000,FAILED,FILE_LOCK,2026-07-13 04:30:18,255
TXN00007063,FAN_SIM_7062,MATCH003,1,500000,FAILED,FILE_LOCK,2026-07-13 04:30:18,255
TXN00007053,FAN_SIM_7053,MATCH003,1,500000,FAILED,FILE_LOCK,2026-07-13 04:30:18,255
TXN00007048,FAN_SIM_7047,MATCH003,1,500000,FAILED,FILE_LOCK,2026-07-13 04:30:18,254
TXN00007062,FAN_SIM_7061,MATCH003,1,0,FAILED,FILE_LOCK,2026-07-13 04:30:18,339
TXN00007060,FAN_SIM_7059,MATCH003,1,500000,FAILED,FILE_LOCK,2026-07-13 04:30:18,251
TXN00007066,FAN_SIM_7065,MATCH003,1,500000,FAILED,FILE_LOCK,2026-07-13 04:30:18,254
TXN00007117,FAN_SIM_7116,MATCH003,1,0,FAILED,FILE_LOCK,2026-07-13 04:30:18,2
TXN00007116,FAN_SIM_7115,MATCH003,1,0,FAILED,FILE_LOCK,2026-07-13 04:30:18,3
TXN00007115,FAN_SIM_7114,MATCH003,1,0,FAILED,FILE_LOCK,2026-07-13 04:30:18,3
TXN00007056,FAN_SIM_7048,MATCH003,1,0,FAILED,FILE_LOCK,2026-07-13 04:30:18,339
TXN00007061,FAN_SIM_7060,MATCH003,1,0,FAILED,FILE_LOCK,2026-07-13 04:30:18,339
TXN00007052,FAN_SIM_7052,MATCH003,1,0,FAILED,FILE_LOCK,2026-07-13 04:30:18,340
TXN00007097,FAN_SIM_7096,MATCH003,1,0,FAILED,FILE_LOCK,2026-07-13 04:30:18,334
TXN00007044,FAN_SIM_7043,MATCH003,1,0,FAILED,FILE_LOCK,2026-07-13 04:30:18,350
TXN00007050,FAN_SIM_7050,MATCH003,1,0,FAILED,FILE_LOCK,2026-07-13 04:30:18,341
TXN00007065,FAN_SIM_7064,MATCH003,1,0,FAILED,FILE_LOCK,2026-07-13 04:30:18,338
TXN00007058,FAN_SIM_7057,MATCH003,1,0,FAILED,FILE_LOCK,2026-07-13 04:30:18,340
TXN00007120,FAN_SIM_7119,MATCH003,1,0,FAILED,FILE_LOCK,2026-07-13 04:30:18,2
TXN00007054,FAN_SIM_7054,MATCH003,1,0,FAILED,FILE_LOCK,2026-07-13 04:30:18,341
TXN00007055,FAN_SIM_7055,MATCH003,1,0,FAILED,FILE_LOCK,2026-07-13 04:30:18,340
TXN00007069,FAN_SIM_7069,MATCH003,1,0,FAILED,FILE_LOCK,2026-07-13 04:30:18,339
TXN00007078,FAN_SIM_7078,MATCH003,1,0,FAILED,FILE_LOCK,2026-07-13 04:30:18,337
TXN00007105,FAN_SIM_7104,MATCH003,1,0,FAILED,FILE_LOCK,2026-07-13 04:30:18,327
TXN00007077,FAN_SIM_7077,MATCH003,1,0,FAILED,FILE_LOCK,2026-07-13 04:30:18,338
TXN00007043,FAN_SIM_7042,MATCH003,1,500000,FAILED,FILE_LOCK,2026-07-13 04:30:18,423
TXN00007071,FAN_SIM_7068,MATCH003,1,0,FAILED,FILE_LOCK,2026-07-13 04:30:18,477
TXN00007137,FAN_SIM_7136,MATCH003,1,0,FAILED,FILE_LOCK,2026-07-13 04:30:18,5
TXN00007132,FAN_SIM_7131,MATCH003,1,0,FAILED,FILE_LOCK,2026-07-13 04:30:18,69
TXN00007079,FAN_SIM_7079,MATCH003,1,0,FAILED,FILE_LOCK,2026-07-13 04:30:18,478
TXN00007125,FAN_SIM_7124,MATCH003,1,0,FAILED,FILE_LOCK,2026-07-13 04:30:18,223
TXN00007135,FAN_SIM_7134,MATCH003,1,0,FAILED,FILE_LOCK,2026-07-13 04:30:18,63
TXN00007108,FAN_SIM_7107,MATCH003,1,0,FAILED,FILE_LOCK,2026-07-13 04:30:18,230
TXN00007085,FAN_SIM_7084,MATCH003,1,0,FAILED,FILE_LOCK,2026-07-13 04:30:18,477
TXN00007082,FAN_SIM_7081,MATCH003,1,0,FAILED,FILE_LOCK,2026-07-13 04:30:18,478
TXN00007134,FAN_SIM_7133,MATCH003,1,0,FAILED,FILE_LOCK,2026-07-13 04:30:18,63
TXN00007121,FAN_SIM_7120,MATCH003,1,0,FAILED,FILE_LOCK,2026-07-13 04:30:18,228
TXN00007106,FAN_SIM_7105,MATCH003,1,0,FAILED,FILE_LOCK,2026-07-13 04:30:18,270
TXN00007098,FAN_SIM_7097,MATCH003,1,0,FAILED,FILE_LOCK,2026-07-13 04:30:18,474
TXN00007047,FAN_SIM_7046,MATCH003,1,0,FAILED,FILE_LOCK,2026-07-13 04:30:18,484
TXN00007086,FAN_SIM_7085,MATCH003,1,0,FAILED,FILE_LOCK,2026-07-13 04:30:18,478
TXN00007090,FAN_SIM_7089,MATCH003,1,0,FAILED,FILE_LOCK,2026-07-13 04:30:18,478
TXN00007103,FAN_SIM_7102,MATCH003,1,0,FAILED,FILE_LOCK,2026-07-13 04:30:18,469
TXN00007118,FAN_SIM_7117,MATCH003,1,0,FAILED,FILE_LOCK,2026-07-13 04:30:18,228
TXN00007068,FAN_SIM_7067,MATCH003,1,0,FAILED,FILE_LOCK,2026-07-13 04:30:18,481
TXN00007074,FAN_SIM_7073,MATCH003,1,0,FAILED,FILE_LOCK,2026-07-13 04:30:18,479
TXN00007111,FAN_SIM_7110,MATCH003,1,0,FAILED,FILE_LOCK,2026-07-13 04:30:18,230
TXN00007093,FAN_SIM_7092,MATCH003,1,0,FAILED,FILE_LOCK,2026-07-13 04:30:18,479
TXN00007080,FAN_SIM_7075,MATCH003,1,0,FAILED,FILE_LOCK,2026-07-13 04:30:18,480
TXN00007107,FAN_SIM_7106,MATCH003,1,0,FAILED,FILE_LOCK,2026-07-13 04:30:18,233
TXN00007049,FAN_SIM_7049,MATCH003,1,0,FAILED,FILE_LOCK,2026-07-13 04:30:18,483
TXN00007129,FAN_SIM_7128,MATCH003,1,0,FAILED,FILE_LOCK,2026-07-13 04:30:18,224
TXN00007072,FAN_SIM_7071,MATCH003,1,0,FAILED,FILE_LOCK,2026-07-13 04:30:18,481
TXN00007087,FAN_SIM_7087,MATCH003,1,0,FAILED,FILE_LOCK,2026-07-13 04:30:18,480
TXN00007045,FAN_SIM_7044,MATCH003,1,0,FAILED,FILE_LOCK,2026-07-13 04:30:18,489
TXN00007143,FAN_SIM_7142,MATCH003,1,0,FAILED,FILE_LOCK,2026-07-13 04:30:18,5
TXN00007127,FAN_SIM_7126,MATCH003,1,0,FAILED,FILE_LOCK,2026-07-13 04:30:18,225
TXN00007075,FAN_SIM_7074,MATCH003,1,0,FAILED,FILE_LOCK,2026-07-13 04:30:18,481
TXN00007148,FAN_SIM_7147,MATCH003,1,0,FAILED,FILE_LOCK,2026-07-13 04:30:18,5
TXN00007131,FAN_SIM_7130,MATCH003,1,0,FAILED,FILE_LOCK,2026-07-13 04:30:18,73
TXN00007094,FAN_SIM_7093,MATCH003,1,0,FAILED,FILE_LOCK,2026-07-13 04:30:18,480
TXN00007089,FAN_SIM_7088,MATCH003,1,0,FAILED,FILE_LOCK,2026-07-13 04:30:18,479
TXN00007133,FAN_SIM_7132,MATCH003,1,0,FAILED,FILE_LOCK,2026-07-13 04:30:18,66
TXN00007136,FAN_SIM_7135,MATCH003,1,0,FAILED,FILE_LOCK,2026-07-13 04:30:18,66
TXN00007126,FAN_SIM_7125,MATCH003,1,0,FAILED,FILE_LOCK,2026-07-13 04:30:18,224
TXN00007149,FAN_SIM_7148,MATCH003,1,0,FAILED,FILE_LOCK,2026-07-13 04:30:18,4
TXN00007109,FAN_SIM_7108,MATCH003,1,0,FAILED,FILE_LOCK,2026-07-13 04:30:18,230
TXN00007144,FAN_SIM_7143,MATCH003,1,0,FAILED,FILE_LOCK,2026-07-13 04:30:18,5
TXN00007139,FAN_SIM_7138,MATCH003,1,0,FAILED,FILE_LOCK,2026-07-13 04:30:18,7
TXN00007147,FAN_SIM_7146,MATCH003,1,0,FAILED,FILE_LOCK,2026-07-13 04:30:18,5
TXN00007140,FAN_SIM_7139,MATCH003,1,0,FAILED,FILE_LOCK,2026-07-13 04:30:18,6
TXN00007141,FAN_SIM_7140,MATCH003,1,0,FAILED,FILE_LOCK,2026-07-13 04:30:18,6
TXN00007146,FAN_SIM_7145,MATCH003,1,0,FAILED,FILE_LOCK,2026-07-13 04:30:18,5
TXN00007142,FAN_SIM_7141,MATCH003,1,0,FAILED,FILE_LOCK,2026-07-13 04:30:18,7
TXN00007130,FAN_SIM_7129,MATCH003,1,0,FAILED,FILE_LOCK,2026-07-13 04:30:18,72
TXN00007138,FAN_SIM_7137,MATCH003,1,0,FAILED,FILE_LOCK,2026-07-13 04:30:18,9
TXN00007145,FAN_SIM_7144,MATCH003,1,0,FAILED,FILE_LOCK,2026-07-13 04:30:18,4
TXN00007150,FAN_SIM_7149,MATCH003,1,0,FAILED,FILE_LOCK,2026-07-13 04:30:18,4
TXN00007124,FAN_SIM_7123,MATCH003,1,0,FAILED,FILE_LOCK,2026-07-13 04:30:18,227
TXN00007128,FAN_SIM_7127,MATCH003,1,0,FAILED,FILE_LOCK,2026-07-13 04:30:18,224
TXN00007046,FAN_SIM_7045,MATCH003,1,500000,FAILED,FILE_LOCK,2026-07-13 04:30:18,560
TXN00007208,FAN_SIM_7207,MATCH003,1,0,FAILED,FILE_LOCK,2026-07-13 04:30:18,139
TXN00007088,FAN_SIM_7086,MATCH003,1,500000,FAILED,FILE_LOCK,2026-07-13 04:30:18,717
TXN00007209,FAN_SIM_7208,MATCH003,1,0,FAILED,FILE_LOCK,2026-07-13 04:30:18,157
TXN00007205,FAN_SIM_7204,MATCH003,1,0,FAILED,FILE_LOCK,2026-07-13 04:30:18,164
TXN00007213,FAN_SIM_7212,MATCH003,1,0,FAILED,FILE_LOCK,2026-07-13 04:30:18,134
TXN00007206,FAN_SIM_7205,MATCH003,1,0,FAILED,FILE_LOCK,2026-07-13 04:30:18,338
TXN00007165,FAN_SIM_7164,MATCH003,1,0,FAILED,FILE_LOCK,2026-07-13 04:30:18,362
TXN00007214,FAN_SIM_7213,MATCH003,1,0,FAILED,FILE_LOCK,2026-07-13 04:30:18,126
TXN00007160,FAN_SIM_7159,MATCH003,1,0,FAILED,FILE_LOCK,2026-07-13 04:30:18,365
TXN00007153,FAN_SIM_7152,MATCH003,1,0,FAILED,FILE_LOCK,2026-07-13 04:30:18,374
TXN00007164,FAN_SIM_7163,MATCH003,1,0,FAILED,FILE_LOCK,2026-07-13 04:30:18,363
TXN00007081,FAN_SIM_7080,MATCH003,1,500000,FAILED,FILE_LOCK,2026-07-13 04:30:18,853
TXN00007162,FAN_SIM_7161,MATCH003,1,0,FAILED,FILE_LOCK,2026-07-13 04:30:18,363
TXN00007059,FAN_SIM_7058,MATCH003,1,500000,FAILED,FILE_LOCK,2026-07-13 04:30:18,862
TXN00007161,FAN_SIM_7160,MATCH003,1,0,FAILED,FILE_LOCK,2026-07-13 04:30:18,365
TXN00007215,FAN_SIM_7214,MATCH003,1,0,FAILED,FILE_LOCK,2026-07-13 04:30:18,60
TXN00007176,FAN_SIM_7175,MATCH003,1,0,FAILED,FILE_LOCK,2026-07-13 04:30:18,371
TXN00007166,FAN_SIM_7165,MATCH003,1,0,FAILED,FILE_LOCK,2026-07-13 04:30:18,363
TXN00007180,FAN_SIM_7179,MATCH003,1,0,FAILED,FILE_LOCK,2026-07-13 04:30:18,361
TXN00007172,FAN_SIM_7171,MATCH003,1,0,FAILED,FILE_LOCK,2026-07-13 04:30:18,362
TXN00007211,FAN_SIM_7210,MATCH003,1,0,FAILED,FILE_LOCK,2026-07-13 04:30:18,268
TXN00007191,FAN_SIM_7190,MATCH003,1,0,FAILED,FILE_LOCK,2026-07-13 04:30:18,367
TXN00007204,FAN_SIM_7203,MATCH003,1,0,FAILED,FILE_LOCK,2026-07-13 04:30:18,361
TXN00007199,FAN_SIM_7198,MATCH003,1,0,FAILED,FILE_LOCK,2026-07-13 04:30:18,359
TXN00007154,FAN_SIM_7153,MATCH003,1,0,FAILED,FILE_LOCK,2026-07-13 04:30:18,373
TXN00007200,FAN_SIM_7199,MATCH003,1,0,FAILED,FILE_LOCK,2026-07-13 04:30:18,359
TXN00007155,FAN_SIM_7154,MATCH003,1,0,FAILED,FILE_LOCK,2026-07-13 04:30:18,371
TXN00007157,FAN_SIM_7157,MATCH003,1,0,FAILED,FILE_LOCK,2026-07-13 04:30:18,368
TXN00007175,FAN_SIM_7174,MATCH003,1,0,FAILED,FILE_LOCK,2026-07-13 04:30:18,376
TXN00007178,FAN_SIM_7177,MATCH003,1,0,FAILED,FILE_LOCK,2026-07-13 04:30:18,376
TXN00007151,FAN_SIM_7150,MATCH003,1,500000,FAILED,FILE_LOCK,2026-07-13 04:30:18,388
TXN00007201,FAN_SIM_7200,MATCH003,1,0,FAILED,FILE_LOCK,2026-07-13 04:30:18,373
TXN00007185,FAN_SIM_7184,MATCH003,1,0,FAILED,FILE_LOCK,2026-07-13 04:30:18,372
TXN00007183,FAN_SIM_7182,MATCH003,1,0,FAILED,FILE_LOCK,2026-07-13 04:30:18,363
TXN00007174,FAN_SIM_7173,MATCH003,1,0,FAILED,FILE_LOCK,2026-07-13 04:30:18,376
TXN00007203,FAN_SIM_7202,MATCH003,1,0,FAILED,FILE_LOCK,2026-07-13 04:30:18,359
TXN00007167,FAN_SIM_7166,MATCH003,1,0,FAILED,FILE_LOCK,2026-07-13 04:30:18,405
TXN00007179,FAN_SIM_7178,MATCH003,1,0,FAILED,FILE_LOCK,2026-07-13 04:30:18,368
TXN00007181,FAN_SIM_7180,MATCH003,1,0,FAILED,FILE_LOCK,2026-07-13 04:30:18,362
TXN00007219,FAN_SIM_7218,MATCH003,1,0,FAILED,FILE_LOCK,2026-07-13 04:30:18,36
TXN00007177,FAN_SIM_7176,MATCH003,1,0,FAILED,FILE_LOCK,2026-07-13 04:30:18,403
TXN00007212,FAN_SIM_7211,MATCH003,1,0,FAILED,FILE_LOCK,2026-07-13 04:30:18,237
TXN00007173,FAN_SIM_7172,MATCH003,1,0,FAILED,FILE_LOCK,2026-07-13 04:30:18,403
TXN00007152,FAN_SIM_7151,MATCH003,1,500000,FAILED,FILE_LOCK,2026-07-13 04:30:18,416
TXN00007192,FAN_SIM_7191,MATCH003,1,0,FAILED,FILE_LOCK,2026-07-13 04:30:18,401
TXN00007170,FAN_SIM_7169,MATCH003,1,0,FAILED,FILE_LOCK,2026-07-13 04:30:18,403
TXN00007163,FAN_SIM_7162,MATCH003,1,0,FAILED,FILE_LOCK,2026-07-13 04:30:18,404
TXN00007233,FAN_SIM_7231,MATCH003,1,0,FAILED,FILE_LOCK,2026-07-13 04:30:19,78
TXN00007197,FAN_SIM_7196,MATCH003,1,0,FAILED,FILE_LOCK,2026-07-13 04:30:18,399
TXN00007188,FAN_SIM_7187,MATCH003,1,0,FAILED,FILE_LOCK,2026-07-13 04:30:19,483
TXN00007256,FAN_SIM_7255,MATCH003,1,0,FAILED,FILE_LOCK,2026-07-13 04:30:19,5
TXN00007194,FAN_SIM_7193,MATCH003,1,0,FAILED,FILE_LOCK,2026-07-13 04:30:19,484
TXN00007171,FAN_SIM_7170,MATCH003,1,0,FAILED,FILE_LOCK,2026-07-13 04:30:18,403
TXN00007156,FAN_SIM_7155,MATCH003,1,500000,FAILED,FILE_LOCK,2026-07-13 04:30:19,496
TXN00007189,FAN_SIM_7188,MATCH003,1,0,FAILED,FILE_LOCK,2026-07-13 04:30:19,484
TXN00007239,FAN_SIM_7238,MATCH003,1,0,FAILED,FILE_LOCK,2026-07-13 04:30:19,78
TXN00007159,FAN_SIM_7158,MATCH003,1,500000,FAILED,FILE_LOCK,2026-07-13 04:30:19,622
TXN00007248,FAN_SIM_7248,MATCH003,1,0,FAILED,FILE_LOCK,2026-07-13 04:30:19,78
TXN00007242,FAN_SIM_7241,MATCH003,1,0,FAILED,FILE_LOCK,2026-07-13 04:30:19,106
TXN00007257,FAN_SIM_7256,MATCH003,1,0,FAILED,FILE_LOCK,2026-07-13 04:30:19,3
TXN00007193,FAN_SIM_7192,MATCH003,1,0,FAILED,FILE_LOCK,2026-07-13 04:30:19,484
TXN00007246,FAN_SIM_7246,MATCH003,1,0,FAILED,FILE_LOCK,2026-07-13 04:30:19,78
TXN00007245,FAN_SIM_7244,MATCH003,1,0,FAILED,FILE_LOCK,2026-07-13 04:30:19,79
TXN00007158,FAN_SIM_7156,MATCH003,1,500000,FAILED,FILE_LOCK,2026-07-13 04:30:19,624
TXN00007226,FAN_SIM_7225,MATCH003,1,0,FAILED,FILE_LOCK,2026-07-13 04:30:19,213
TXN00007263,FAN_SIM_7262,MATCH003,1,0,FAILED,FILE_LOCK,2026-07-13 04:30:19,2
TXN00007217,FAN_SIM_7216,MATCH003,1,0,FAILED,FILE_LOCK,2026-07-13 04:30:19,258
TXN00007236,FAN_SIM_7235,MATCH003,1,0,FAILED,FILE_LOCK,2026-07-13 04:30:19,213
TXN00007169,FAN_SIM_7168,MATCH003,1,500000,FAILED,FILE_LOCK,2026-07-13 04:30:19,620
TXN00007230,FAN_SIM_7229,MATCH003,1,0,FAILED,FILE_LOCK,2026-07-13 04:30:19,213
TXN00007238,FAN_SIM_7237,MATCH003,1,0,FAILED,FILE_LOCK,2026-07-13 04:30:19,213
TXN00007261,FAN_SIM_7260,MATCH003,1,0,FAILED,FILE_LOCK,2026-07-13 04:30:19,101
TXN00007260,FAN_SIM_7259,MATCH003,1,0,FAILED,FILE_LOCK,2026-07-13 04:30:19,134
TXN00007241,FAN_SIM_7240,MATCH003,1,0,FAILED,FILE_LOCK,2026-07-13 04:30:19,213
TXN00007247,FAN_SIM_7247,MATCH003,1,0,FAILED,FILE_LOCK,2026-07-13 04:30:19,212
TXN00007221,FAN_SIM_7220,MATCH003,1,0,FAILED,FILE_LOCK,2026-07-13 04:30:19,218
TXN00007249,FAN_SIM_7249,MATCH003,1,0,FAILED,FILE_LOCK,2026-07-13 04:30:19,213
TXN00007198,FAN_SIM_7197,MATCH003,1,500000,FAILED,FILE_LOCK,2026-07-13 04:30:19,619
TXN00007252,FAN_SIM_7245,MATCH003,1,0,FAILED,FILE_LOCK,2026-07-13 04:30:19,212
TXN00007227,FAN_SIM_7226,MATCH003,1,0,FAILED,FILE_LOCK,2026-07-13 04:30:19,215
TXN00007240,FAN_SIM_7239,MATCH003,1,0,FAILED,FILE_LOCK,2026-07-13 04:30:19,214
TXN00007228,FAN_SIM_7227,MATCH003,1,0,FAILED,FILE_LOCK,2026-07-13 04:30:19,214
TXN00007264,FAN_SIM_7263,MATCH003,1,0,FAILED,FILE_LOCK,2026-07-13 04:30:19,3
TXN00007244,FAN_SIM_7243,MATCH003,1,0,FAILED,FILE_LOCK,2026-07-13 04:30:19,213
TXN00007195,FAN_SIM_7194,MATCH003,1,500000,FAILED,FILE_LOCK,2026-07-13 04:30:19,620
TXN00007262,FAN_SIM_7261,MATCH003,1,0,FAILED,FILE_LOCK,2026-07-13 04:30:19,92
TXN00007186,FAN_SIM_7185,MATCH003,1,0,FAILED,FILE_LOCK,2026-07-13 04:30:19,621
TXN00007202,FAN_SIM_7201,MATCH003,1,0,FAILED,FILE_LOCK,2026-07-13 04:30:19,620
TXN00007218,FAN_SIM_7217,MATCH003,1,0,FAILED,FILE_LOCK,2026-07-13 04:30:19,259
TXN00007259,FAN_SIM_7258,MATCH003,1,0,FAILED,FILE_LOCK,2026-07-13 04:30:19,136
TXN00007229,FAN_SIM_7228,MATCH003,1,500000,FAILED,FILE_LOCK,2026-07-13 04:30:19,216
TXN00007243,FAN_SIM_7242,MATCH003,1,0,FAILED,FILE_LOCK,2026-07-13 04:30:19,214
TXN00007234,FAN_SIM_7233,MATCH003,1,0,FAILED,FILE_LOCK,2026-07-13 04:30:19,216
TXN00007207,FAN_SIM_7206,MATCH003,1,500000,FAILED,FILE_LOCK,2026-07-13 04:30:19,600
TXN00007235,FAN_SIM_7234,MATCH003,1,0,FAILED,FILE_LOCK,2026-07-13 04:30:19,216
TXN00007258,FAN_SIM_7257,MATCH003,1,0,FAILED,FILE_LOCK,2026-07-13 04:30:19,138
TXN00007182,FAN_SIM_7181,MATCH003,1,500000,FAILED,FILE_LOCK,2026-07-13 04:30:19,622
TXN00007210,FAN_SIM_7209,MATCH003,1,0,FAILED,FILE_LOCK,2026-07-13 04:30:19,580
TXN00007220,FAN_SIM_7219,MATCH003,1,0,FAILED,FILE_LOCK,2026-07-13 04:30:19,250
TXN00007224,FAN_SIM_7223,MATCH003,1,0,FAILED,FILE_LOCK,2026-07-13 04:30:19,217
TXN00007187,FAN_SIM_7186,MATCH003,1,500000,FAILED,FILE_LOCK,2026-07-13 04:30:19,623
TXN00007168,FAN_SIM_7167,MATCH003,1,0,FAILED,FILE_LOCK,2026-07-13 04:30:19,625
TXN00007225,FAN_SIM_7224,MATCH003,1,500000,FAILED,FILE_LOCK,2026-07-13 04:30:19,217
TXN00007237,FAN_SIM_7236,MATCH003,1,0,FAILED,FILE_LOCK,2026-07-13 04:30:19,216
TXN00007251,FAN_SIM_7251,MATCH003,1,0,FAILED,FILE_LOCK,2026-07-13 04:30:19,215
TXN00007269,FAN_SIM_7268,MATCH003,1,0,FAILED,FILE_LOCK,2026-07-13 04:30:19,5
TXN00007231,FAN_SIM_7230,MATCH003,1,500000,FAILED,FILE_LOCK,2026-07-13 04:30:19,219
TXN00007222,FAN_SIM_7221,MATCH003,1,500000,FAILED,FILE_LOCK,2026-07-13 04:30:19,219
TXN00007255,FAN_SIM_7254,MATCH003,1,0,FAILED,FILE_LOCK,2026-07-13 04:30:19,216
TXN00007254,FAN_SIM_7253,MATCH003,1,0,FAILED,FILE_LOCK,2026-07-13 04:30:19,215
TXN00007232,FAN_SIM_7232,MATCH003,1,0,FAILED,FILE_LOCK,2026-07-13 04:30:19,218
TXN00007190,FAN_SIM_7189,MATCH003,1,500000,FAILED,FILE_LOCK,2026-07-13 04:30:19,622
TXN00007271,FAN_SIM_7270,MATCH003,1,0,FAILED,FILE_LOCK,2026-07-13 04:30:19,5
TXN00007268,FAN_SIM_7267,MATCH003,1,0,FAILED,FILE_LOCK,2026-07-13 04:30:19,5
TXN00007196,FAN_SIM_7195,MATCH003,1,500000,FAILED,FILE_LOCK,2026-07-13 04:30:19,622
TXN00007274,FAN_SIM_7273,MATCH003,1,0,FAILED,FILE_LOCK,2026-07-13 04:30:19,3
TXN00007272,FAN_SIM_7271,MATCH003,1,0,FAILED,FILE_LOCK,2026-07-13 04:30:19,5
TXN00007277,FAN_SIM_7276,MATCH003,1,0,FAILED,FILE_LOCK,2026-07-13 04:30:19,1
TXN00007250,FAN_SIM_7250,MATCH003,1,0,FAILED,FILE_LOCK,2026-07-13 04:30:19,215
TXN00007253,FAN_SIM_7252,MATCH003,1,0,FAILED,FILE_LOCK,2026-07-13 04:30:19,215
TXN00007270,FAN_SIM_7269,MATCH003,1,0,FAILED,FILE_LOCK,2026-07-13 04:30:19,5
TXN00007273,FAN_SIM_7272,MATCH003,1,0,FAILED,FILE_LOCK,2026-07-13 04:30:19,4
TXN00007266,FAN_SIM_7265,MATCH003,1,0,FAILED,FILE_LOCK,2026-07-13 04:30:19,5
TXN00007267,FAN_SIM_7266,MATCH003,1,0,FAILED,FILE_LOCK,2026-07-13 04:30:19,6
TXN00007265,FAN_SIM_7264,MATCH003,1,0,FAILED,FILE_LOCK,2026-07-13 04:30:19,5
TXN00007276,FAN_SIM_7275,MATCH003,1,0,FAILED,FILE_LOCK,2026-07-13 04:30:19,2
TXN00007223,FAN_SIM_7222,MATCH003,1,500000,FAILED,FILE_LOCK,2026-07-13 04:30:19,220
TXN00007184,FAN_SIM_7183,MATCH003,1,500000,FAILED,FILE_LOCK,2026-07-13 04:30:19,624
TXN00007216,FAN_SIM_7215,MATCH003,1,500000,FAILED,FILE_LOCK,2026-07-13 04:30:19,263
TXN00007275,FAN_SIM_7274,MATCH003,1,0,FAILED,FILE_LOCK,2026-07-13 04:30:19,3
TXN00007296,FAN_SIM_7296,MATCH003,1,0,FAILED,FILE_LOCK,2026-07-13 04:30:19,354
TXN00007306,FAN_SIM_7306,MATCH003,1,0,FAILED,FILE_LOCK,2026-07-13 04:30:19,352
TXN00007287,FAN_SIM_7286,MATCH003,1,0,FAILED,FILE_LOCK,2026-07-13 04:30:19,357
TXN00007339,FAN_SIM_7294,MATCH003,1,0,FAILED,FILE_LOCK,2026-07-13 04:30:19,348
TXN00007280,FAN_SIM_7279,MATCH003,1,0,FAILED,FILE_LOCK,2026-07-13 04:30:19,363
TXN00007295,FAN_SIM_7295,MATCH003,1,0,FAILED,FILE_LOCK,2026-07-13 04:30:19,354
TXN00007326,FAN_SIM_7326,MATCH003,1,0,FAILED,FILE_LOCK,2026-07-13 04:30:19,351
TXN00007332,FAN_SIM_7332,MATCH003,1,0,FAILED,FILE_LOCK,2026-07-13 04:30:19,350
TXN00007329,FAN_SIM_7329,MATCH003,1,0,FAILED,FILE_LOCK,2026-07-13 04:30:19,351
TXN00007325,FAN_SIM_7325,MATCH003,1,0,FAILED,FILE_LOCK,2026-07-13 04:30:19,352
TXN00007338,FAN_SIM_7338,MATCH003,1,0,FAILED,FILE_LOCK,2026-07-13 04:30:19,350
TXN00007316,FAN_SIM_7317,MATCH003,1,0,FAILED,FILE_LOCK,2026-07-13 04:30:19,352
TXN00007307,FAN_SIM_7307,MATCH003,1,0,FAILED,FILE_LOCK,2026-07-13 04:30:19,353
TXN00007321,FAN_SIM_7322,MATCH003,1,0,FAILED,FILE_LOCK,2026-07-13 04:30:19,352
TXN00007317,FAN_SIM_7318,MATCH003,1,0,FAILED,FILE_LOCK,2026-07-13 04:30:19,352
TXN00007318,FAN_SIM_7319,MATCH003,1,0,FAILED,FILE_LOCK,2026-07-13 04:30:19,352
TXN00007323,FAN_SIM_7323,MATCH003,1,0,FAILED,FILE_LOCK,2026-07-13 04:30:19,352
TXN00007330,FAN_SIM_7330,MATCH003,1,0,FAILED,FILE_LOCK,2026-07-13 04:30:19,351
TXN00007336,FAN_SIM_7336,MATCH003,1,0,FAILED,FILE_LOCK,2026-07-13 04:30:19,350
TXN00007320,FAN_SIM_7321,MATCH003,1,0,FAILED,FILE_LOCK,2026-07-13 04:30:19,352
TXN00007301,FAN_SIM_7301,MATCH003,1,0,FAILED,FILE_LOCK,2026-07-13 04:30:19,354
TXN00007302,FAN_SIM_7302,MATCH003,1,0,FAILED,FILE_LOCK,2026-07-13 04:30:19,356
TXN00007303,FAN_SIM_7303,MATCH003,1,0,FAILED,FILE_LOCK,2026-07-13 04:30:19,356
TXN00007342,FAN_SIM_7341,MATCH003,1,0,FAILED,FILE_LOCK,2026-07-13 04:30:19,1
TXN00007309,FAN_SIM_7309,MATCH003,1,0,FAILED,FILE_LOCK,2026-07-13 04:30:19,353
TXN00007310,FAN_SIM_7310,MATCH003,1,0,FAILED,FILE_LOCK,2026-07-13 04:30:19,354
TXN00007285,FAN_SIM_7284,MATCH003,1,0,FAILED,FILE_LOCK,2026-07-13 04:30:19,362
TXN00007340,FAN_SIM_7339,MATCH003,1,0,FAILED,FILE_LOCK,2026-07-13 04:30:19,351
TXN00007282,FAN_SIM_7281,MATCH003,1,0,FAILED,FILE_LOCK,2026-07-13 04:30:19,365
TXN00007294,FAN_SIM_7293,MATCH003,1,0,FAILED,FILE_LOCK,2026-07-13 04:30:19,356
TXN00007278,FAN_SIM_7277,MATCH003,1,0,FAILED,FILE_LOCK,2026-07-13 04:30:19,368
TXN00007335,FAN_SIM_7335,MATCH003,1,0,FAILED,FILE_LOCK,2026-07-13 04:30:19,353
TXN00007343,FAN_SIM_7342,MATCH003,1,0,FAILED,FILE_LOCK,2026-07-13 04:30:19,1
TXN00007299,FAN_SIM_7299,MATCH003,1,0,FAILED,FILE_LOCK,2026-07-13 04:30:19,355
TXN00007315,FAN_SIM_7315,MATCH003,1,0,FAILED,FILE_LOCK,2026-07-13 04:30:19,355
TXN00007293,FAN_SIM_7292,MATCH003,1,0,FAILED,FILE_LOCK,2026-07-13 04:30:19,357
TXN00007308,FAN_SIM_7308,MATCH003,1,0,FAILED,FILE_LOCK,2026-07-13 04:30:19,354
TXN00007319,FAN_SIM_7320,MATCH003,1,0,FAILED,FILE_LOCK,2026-07-13 04:30:19,354
TXN00007341,FAN_SIM_7340,MATCH003,1,0,FAILED,FILE_LOCK,2026-07-13 04:30:19,333
TXN00007322,FAN_SIM_7316,MATCH003,1,0,FAILED,FILE_LOCK,2026-07-13 04:30:19,354
TXN00007305,FAN_SIM_7305,MATCH003,1,0,FAILED,FILE_LOCK,2026-07-13 04:30:19,355
TXN00007313,FAN_SIM_7313,MATCH003,1,0,FAILED,FILE_LOCK,2026-07-13 04:30:19,354
TXN00007312,FAN_SIM_7312,MATCH003,1,0,FAILED,FILE_LOCK,2026-07-13 04:30:19,354
TXN00007304,FAN_SIM_7304,MATCH003,1,0,FAILED,FILE_LOCK,2026-07-13 04:30:19,356
TXN00007344,FAN_SIM_7343,MATCH003,1,0,FAILED,FILE_LOCK,2026-07-13 04:30:19,2
TXN00007347,FAN_SIM_7346,MATCH003,1,0,FAILED,FILE_LOCK,2026-07-13 04:30:19,2
TXN00007351,FAN_SIM_7350,MATCH003,1,0,FAILED,FILE_LOCK,2026-07-13 04:30:19,1
TXN00007348,FAN_SIM_7347,MATCH003,1,0,FAILED,FILE_LOCK,2026-07-13 04:30:19,2
TXN00007331,FAN_SIM_7331,MATCH003,1,500000,FAILED,FILE_LOCK,2026-07-13 04:30:19,359
TXN00007333,FAN_SIM_7333,MATCH003,1,500000,FAILED,FILE_LOCK,2026-07-13 04:30:19,363
TXN00007337,FAN_SIM_7337,MATCH003,1,500000,FAILED,FILE_LOCK,2026-07-13 04:30:19,359
TXN00007334,FAN_SIM_7334,MATCH003,1,500000,FAILED,FILE_LOCK,2026-07-13 04:30:19,358
TXN00007279,FAN_SIM_7278,MATCH003,1,500000,FAILED,FILE_LOCK,2026-07-13 04:30:19,374
TXN00007345,FAN_SIM_7344,MATCH003,1,0,FAILED,FILE_LOCK,2026-07-13 04:30:19,3
TXN00007350,FAN_SIM_7349,MATCH003,1,0,FAILED,FILE_LOCK,2026-07-13 04:30:19,0
TXN00007328,FAN_SIM_7328,MATCH003,1,500000,FAILED,FILE_LOCK,2026-07-13 04:30:19,361
TXN00007349,FAN_SIM_7348,MATCH003,1,0,FAILED,FILE_LOCK,2026-07-13 04:30:19,1
TXN00007327,FAN_SIM_7327,MATCH003,1,500000,FAILED,FILE_LOCK,2026-07-13 04:30:19,360
TXN00007352,FAN_SIM_7351,MATCH003,1,0,FAILED,FILE_LOCK,2026-07-13 04:30:19,2
TXN00007346,FAN_SIM_7345,MATCH003,1,0,FAILED,FILE_LOCK,2026-07-13 04:30:19,3
TXN00007353,FAN_SIM_7352,MATCH003,1,0,FAILED,FILE_LOCK,2026-07-13 04:30:19,3
TXN00007286,FAN_SIM_7285,MATCH003,1,500000,FAILED,FILE_LOCK,2026-07-13 04:30:19,374
TXN00007281,FAN_SIM_7280,MATCH003,1,500000,FAILED,FILE_LOCK,2026-07-13 04:30:19,377
TXN00007354,FAN_SIM_7353,MATCH003,1,0,FAILED,FILE_LOCK,2026-07-13 04:30:19,0
TXN00007283,FAN_SIM_7282,MATCH003,1,500000,FAILED,FILE_LOCK,2026-07-13 04:30:19,376
TXN00007289,FAN_SIM_7288,MATCH003,1,500000,FAILED,FILE_LOCK,2026-07-13 04:30:19,370
TXN00007314,FAN_SIM_7314,MATCH003,1,500000,FAILED,FILE_LOCK,2026-07-13 04:30:19,368
TXN00007284,FAN_SIM_7283,MATCH003,1,500000,FAILED,FILE_LOCK,2026-07-13 04:30:19,377
TXN00007297,FAN_SIM_7297,MATCH003,1,500000,FAILED,FILE_LOCK,2026-07-13 04:30:19,371
TXN00007298,FAN_SIM_7298,MATCH003,1,500000,FAILED,FILE_LOCK,2026-07-13 04:30:19,372
TXN00007324,FAN_SIM_7324,MATCH003,1,500000,FAILED,FILE_LOCK,2026-07-13 04:30:19,368
TXN00007288,FAN_SIM_7287,MATCH003,1,500000,FAILED,FILE_LOCK,2026-07-13 04:30:19,374
TXN00007300,FAN_SIM_7300,MATCH003,1,500000,FAILED,FILE_LOCK,2026-07-13 04:30:19,372
TXN00007292,FAN_SIM_7291,MATCH003,1,500000,FAILED,FILE_LOCK,2026-07-13 04:30:19,373
TXN00007311,FAN_SIM_7311,MATCH003,1,500000,FAILED,FILE_LOCK,2026-07-13 04:30:19,371
TXN00007291,FAN_SIM_7290,MATCH003,1,500000,FAILED,FILE_LOCK,2026-07-13 04:30:19,406
TXN00007290,FAN_SIM_7289,MATCH003,1,500000,FAILED,FILE_LOCK,2026-07-13 04:30:19,429
TXN00007366,FAN_SIM_7365,MATCH003,1,0,FAILED,FILE_LOCK,2026-07-13 04:30:19,106
TXN00007370,FAN_SIM_7369,MATCH003,1,0,FAILED,FILE_LOCK,2026-07-13 04:30:19,107
TXN00007359,FAN_SIM_7358,MATCH003,1,500000,FAILED,FILE_LOCK,2026-07-13 04:30:19,140
TXN00007375,FAN_SIM_7374,MATCH003,1,0,FAILED,FILE_LOCK,2026-07-13 04:30:19,107
TXN00007416,FAN_SIM_7415,MATCH003,1,0,FAILED,FILE_LOCK,2026-07-13 04:30:19,83
TXN00007377,FAN_SIM_7376,MATCH003,1,0,FAILED,FILE_LOCK,2026-07-13 04:30:19,107
TXN00007369,FAN_SIM_7368,MATCH003,1,0,FAILED,FILE_LOCK,2026-07-13 04:30:19,109
TXN00007376,FAN_SIM_7375,MATCH003,1,0,FAILED,FILE_LOCK,2026-07-13 04:30:19,108
TXN00007364,FAN_SIM_7363,MATCH003,1,0,FAILED,FILE_LOCK,2026-07-13 04:30:19,109
TXN00007414,FAN_SIM_7413,MATCH003,1,0,FAILED,FILE_LOCK,2026-07-13 04:30:19,101
TXN00007400,FAN_SIM_7399,MATCH003,1,0,FAILED,FILE_LOCK,2026-07-13 04:30:19,107
TXN00007402,FAN_SIM_7401,MATCH003,1,0,FAILED,FILE_LOCK,2026-07-13 04:30:19,140
TXN00007387,FAN_SIM_7386,MATCH003,1,0,FAILED,FILE_LOCK,2026-07-13 04:30:19,107
TXN00007403,FAN_SIM_7402,MATCH003,1,0,FAILED,FILE_LOCK,2026-07-13 04:30:19,103
TXN00007395,FAN_SIM_7394,MATCH003,1,0,FAILED,FILE_LOCK,2026-07-13 04:30:19,104
TXN00007368,FAN_SIM_7367,MATCH003,1,0,FAILED,FILE_LOCK,2026-07-13 04:30:19,107
TXN00007363,FAN_SIM_7362,MATCH003,1,0,FAILED,FILE_LOCK,2026-07-13 04:30:19,108
TXN00007390,FAN_SIM_7389,MATCH003,1,0,FAILED,FILE_LOCK,2026-07-13 04:30:19,107
TXN00007418,FAN_SIM_7417,MATCH003,1,0,FAILED,FILE_LOCK,2026-07-13 04:30:19,54
TXN00007393,FAN_SIM_7392,MATCH003,1,0,FAILED,FILE_LOCK,2026-07-13 04:30:19,105
TXN00007358,FAN_SIM_7357,MATCH003,1,0,FAILED,FILE_LOCK,2026-07-13 04:30:19,113
TXN00007394,FAN_SIM_7393,MATCH003,1,0,FAILED,FILE_LOCK,2026-07-13 04:30:19,105
TXN00007388,FAN_SIM_7387,MATCH003,1,0,FAILED,FILE_LOCK,2026-07-13 04:30:19,109
TXN00007410,FAN_SIM_7409,MATCH003,1,0,FAILED,FILE_LOCK,2026-07-13 04:30:19,103
TXN00007379,FAN_SIM_7378,MATCH003,1,0,FAILED,FILE_LOCK,2026-07-13 04:30:19,109
TXN00007399,FAN_SIM_7398,MATCH003,1,0,FAILED,FILE_LOCK,2026-07-13 04:30:19,104
TXN00007398,FAN_SIM_7397,MATCH003,1,0,FAILED,FILE_LOCK,2026-07-13 04:30:19,107
TXN00007374,FAN_SIM_7373,MATCH003,1,0,FAILED,FILE_LOCK,2026-07-13 04:30:19,107
TXN00007372,FAN_SIM_7372,MATCH003,1,0,FAILED,FILE_LOCK,2026-07-13 04:30:19,110
TXN00007362,FAN_SIM_7361,MATCH003,1,0,FAILED,FILE_LOCK,2026-07-13 04:30:19,109
TXN00007365,FAN_SIM_7364,MATCH003,1,0,FAILED,FILE_LOCK,2026-07-13 04:30:19,106
TXN00007357,FAN_SIM_7356,MATCH003,1,0,FAILED,FILE_LOCK,2026-07-13 04:30:19,110
TXN00007360,FAN_SIM_7359,MATCH003,1,0,FAILED,FILE_LOCK,2026-07-13 04:30:19,112
TXN00007361,FAN_SIM_7360,MATCH003,1,0,FAILED,FILE_LOCK,2026-07-13 04:30:19,111
TXN00007417,FAN_SIM_7416,MATCH003,1,0,FAILED,FILE_LOCK,2026-07-13 04:30:19,74
TXN00007382,FAN_SIM_7381,MATCH003,1,0,FAILED,FILE_LOCK,2026-07-13 04:30:19,109
TXN00007405,FAN_SIM_7404,MATCH003,1,0,FAILED,FILE_LOCK,2026-07-13 04:30:19,107
TXN00007415,FAN_SIM_7414,MATCH003,1,0,FAILED,FILE_LOCK,2026-07-13 04:30:19,90
TXN00007409,FAN_SIM_7408,MATCH003,1,0,FAILED,FILE_LOCK,2026-07-13 04:30:19,138
TXN00007386,FAN_SIM_7385,MATCH003,1,0,FAILED,FILE_LOCK,2026-07-13 04:30:19,108
TXN00007356,FAN_SIM_7355,MATCH003,1,0,FAILED,FILE_LOCK,2026-07-13 04:30:19,113
TXN00007391,FAN_SIM_7390,MATCH003,1,0,FAILED,FILE_LOCK,2026-07-13 04:30:19,105
TXN00007373,FAN_SIM_7371,MATCH003,1,0,FAILED,FILE_LOCK,2026-07-13 04:30:19,109
TXN00007413,FAN_SIM_7412,MATCH003,1,0,FAILED,FILE_LOCK,2026-07-13 04:30:19,110
TXN00007389,FAN_SIM_7388,MATCH003,1,0,FAILED,FILE_LOCK,2026-07-13 04:30:19,108
TXN00007355,FAN_SIM_7354,MATCH003,1,0,FAILED,FILE_LOCK,2026-07-13 04:30:19,116
TXN00007384,FAN_SIM_7383,MATCH003,1,0,FAILED,FILE_LOCK,2026-07-13 04:30:19,104
TXN00007367,FAN_SIM_7366,MATCH003,1,0,FAILED,FILE_LOCK,2026-07-13 04:30:19,107
TXN00007396,FAN_SIM_7395,MATCH003,1,0,FAILED,FILE_LOCK,2026-07-13 04:30:19,108
TXN00007381,FAN_SIM_7380,MATCH003,1,0,FAILED,FILE_LOCK,2026-07-13 04:30:19,110
TXN00007380,FAN_SIM_7379,MATCH003,1,0,FAILED,FILE_LOCK,2026-07-13 04:30:19,109
TXN00007397,FAN_SIM_7396,MATCH003,1,0,FAILED,FILE_LOCK,2026-07-13 04:30:19,114
TXN00007433,FAN_SIM_7432,MATCH003,1,0,FAILED,FILE_LOCK,2026-07-13 04:30:19,233
TXN00007462,FAN_SIM_7461,MATCH003,1,0,FAILED,FILE_LOCK,2026-07-13 04:30:19,229
TXN00007460,FAN_SIM_7459,MATCH003,1,0,FAILED,FILE_LOCK,2026-07-13 04:30:19,230
TXN00007427,FAN_SIM_7426,MATCH003,1,0,FAILED,FILE_LOCK,2026-07-13 04:30:19,233
TXN00007421,FAN_SIM_7420,MATCH003,1,0,FAILED,FILE_LOCK,2026-07-13 04:30:19,234
TXN00007411,FAN_SIM_7410,MATCH003,1,0,FAILED,FILE_LOCK,2026-07-13 04:30:19,381
TXN00007452,FAN_SIM_7451,MATCH003,1,0,FAILED,FILE_LOCK,2026-07-13 04:30:19,230
TXN00007453,FAN_SIM_7452,MATCH003,1,0,FAILED,FILE_LOCK,2026-07-13 04:30:19,230
TXN00007441,FAN_SIM_7440,MATCH003,1,0,FAILED,FILE_LOCK,2026-07-13 04:30:19,231
TXN00007428,FAN_SIM_7427,MATCH003,1,0,FAILED,FILE_LOCK,2026-07-13 04:30:19,233
TXN00007447,FAN_SIM_7446,MATCH003,1,0,FAILED,FILE_LOCK,2026-07-13 04:30:19,230
TXN00007420,FAN_SIM_7419,MATCH003,1,0,FAILED,FILE_LOCK,2026-07-13 04:30:19,234
TXN00007466,FAN_SIM_7465,MATCH003,1,0,FAILED,FILE_LOCK,2026-07-13 04:30:19,228
TXN00007449,FAN_SIM_7449,MATCH003,1,0,FAILED,FILE_LOCK,2026-07-13 04:30:19,230
TXN00007461,FAN_SIM_7460,MATCH003,1,0,FAILED,FILE_LOCK,2026-07-13 04:30:19,230
TXN00007435,FAN_SIM_7435,MATCH003,1,0,FAILED,FILE_LOCK,2026-07-13 04:30:19,234
TXN00007442,FAN_SIM_7441,MATCH003,1,0,FAILED,FILE_LOCK,2026-07-13 04:30:19,232
TXN00007439,FAN_SIM_7434,MATCH003,1,0,FAILED,FILE_LOCK,2026-07-13 04:30:19,232
TXN00007459,FAN_SIM_7458,MATCH003,1,0,FAILED,FILE_LOCK,2026-07-13 04:30:19,231
TXN00007436,FAN_SIM_7436,MATCH003,1,0,FAILED,FILE_LOCK,2026-07-13 04:30:19,234
TXN00007431,FAN_SIM_7430,MATCH003,1,0,FAILED,FILE_LOCK,2026-07-13 04:30:19,235
TXN00007464,FAN_SIM_7463,MATCH003,1,0,FAILED,FILE_LOCK,2026-07-13 04:30:19,230
TXN00007438,FAN_SIM_7438,MATCH003,1,0,FAILED,FILE_LOCK,2026-07-13 04:30:19,232
TXN00007444,FAN_SIM_7443,MATCH003,1,0,FAILED,FILE_LOCK,2026-07-13 04:30:19,232
TXN00007469,FAN_SIM_7468,MATCH003,1,0,FAILED,FILE_LOCK,2026-07-13 04:30:19,229
TXN00007468,FAN_SIM_7467,MATCH003,1,0,FAILED,FILE_LOCK,2026-07-13 04:30:19,229
TXN00007455,FAN_SIM_7455,MATCH003,1,0,FAILED,FILE_LOCK,2026-07-13 04:30:19,230
TXN00007457,FAN_SIM_7456,MATCH003,1,0,FAILED,FILE_LOCK,2026-07-13 04:30:19,232
TXN00007392,FAN_SIM_7391,MATCH003,1,0,FAILED,FILE_LOCK,2026-07-13 04:30:19,384
TXN00007448,FAN_SIM_7447,MATCH003,1,0,FAILED,FILE_LOCK,2026-07-13 04:30:19,231
TXN00007401,FAN_SIM_7400,MATCH003,1,0,FAILED,FILE_LOCK,2026-07-13 04:30:19,384
TXN00007471,FAN_SIM_7470,MATCH003,1,0,FAILED,FILE_LOCK,2026-07-13 04:30:19,2
TXN00007458,FAN_SIM_7457,MATCH003,1,0,FAILED,FILE_LOCK,2026-07-13 04:30:19,233
TXN00007454,FAN_SIM_7453,MATCH003,1,0,FAILED,FILE_LOCK,2026-07-13 04:30:19,233
TXN00007450,FAN_SIM_7448,MATCH003,1,0,FAILED,FILE_LOCK,2026-07-13 04:30:19,233
TXN00007443,FAN_SIM_7442,MATCH003,1,0,FAILED,FILE_LOCK,2026-07-13 04:30:19,234
TXN00007476,FAN_SIM_7475,MATCH003,1,0,FAILED,FILE_LOCK,2026-07-13 04:30:19,1
TXN00007434,FAN_SIM_7433,MATCH003,1,0,FAILED,FILE_LOCK,2026-07-13 04:30:19,237
TXN00007472,FAN_SIM_7471,MATCH003,1,0,FAILED,FILE_LOCK,2026-07-13 04:30:19,1
TXN00007383,FAN_SIM_7382,MATCH003,1,500000,FAILED,FILE_LOCK,2026-07-13 04:30:19,396
TXN00007404,FAN_SIM_7403,MATCH003,1,500000,FAILED,FILE_LOCK,2026-07-13 04:30:19,389
TXN00007473,FAN_SIM_7472,MATCH003,1,0,FAILED,FILE_LOCK,2026-07-13 04:30:19,3
TXN00007477,FAN_SIM_7476,MATCH003,1,0,FAILED,FILE_LOCK,2026-07-13 04:30:19,1
TXN00007437,FAN_SIM_7437,MATCH003,1,0,FAILED,FILE_LOCK,2026-07-13 04:30:19,235
TXN00007385,FAN_SIM_7384,MATCH003,1,500000,FAILED,FILE_LOCK,2026-07-13 04:30:19,396
TXN00007445,FAN_SIM_7444,MATCH003,1,0,FAILED,FILE_LOCK,2026-07-13 04:30:19,233
TXN00007440,FAN_SIM_7439,MATCH003,1,0,FAILED,FILE_LOCK,2026-07-13 04:30:19,233
TXN00007446,FAN_SIM_7445,MATCH003,1,0,FAILED,FILE_LOCK,2026-07-13 04:30:19,237
TXN00007470,FAN_SIM_7469,MATCH003,1,0,FAILED,FILE_LOCK,2026-07-13 04:30:19,231
TXN00007465,FAN_SIM_7464,MATCH003,1,0,FAILED,FILE_LOCK,2026-07-13 04:30:19,232
TXN00007407,FAN_SIM_7406,MATCH003,1,500000,FAILED,FILE_LOCK,2026-07-13 04:30:19,396
TXN00007480,FAN_SIM_7479,MATCH003,1,0,FAILED,FILE_LOCK,2026-07-13 04:30:19,3
TXN00007456,FAN_SIM_7454,MATCH003,1,0,FAILED,FILE_LOCK,2026-07-13 04:30:19,238
TXN00007479,FAN_SIM_7478,MATCH003,1,0,FAILED,FILE_LOCK,2026-07-13 04:30:19,4
TXN00007474,FAN_SIM_7473,MATCH003,1,0,FAILED,FILE_LOCK,2026-07-13 04:30:19,11
TXN00007475,FAN_SIM_7474,MATCH003,1,0,FAILED,FILE_LOCK,2026-07-13 04:30:19,10
TXN00007408,FAN_SIM_7407,MATCH003,1,500000,FAILED,FILE_LOCK,2026-07-13 04:30:19,396
TXN00007478,FAN_SIM_7477,MATCH003,1,0,FAILED,FILE_LOCK,2026-07-13 04:30:19,7
TXN00007371,FAN_SIM_7370,MATCH003,1,500000,FAILED,FILE_LOCK,2026-07-13 04:30:19,402
TXN00007481,FAN_SIM_7480,MATCH003,1,0,FAILED,FILE_LOCK,2026-07-13 04:30:19,3
TXN00007467,FAN_SIM_7466,MATCH003,1,0,FAILED,FILE_LOCK,2026-07-13 04:30:19,244
TXN00007451,FAN_SIM_7450,MATCH003,1,0,FAILED,FILE_LOCK,2026-07-13 04:30:19,246
TXN00007412,FAN_SIM_7411,MATCH003,1,500000,FAILED,FILE_LOCK,2026-07-13 04:30:19,398
TXN00007482,FAN_SIM_7481,MATCH003,1,0,FAILED,FILE_LOCK,2026-07-13 04:30:19,2
TXN00007422,FAN_SIM_7421,MATCH003,1,500000,FAILED,FILE_LOCK,2026-07-13 04:30:19,250
TXN00007419,FAN_SIM_7418,MATCH003,1,500000,FAILED,FILE_LOCK,2026-07-13 04:30:19,252
TXN00007429,FAN_SIM_7428,MATCH003,1,500000,FAILED,FILE_LOCK,2026-07-13 04:30:19,250
TXN00007423,FAN_SIM_7422,MATCH003,1,500000,FAILED,FILE_LOCK,2026-07-13 04:30:19,251
TXN00007430,FAN_SIM_7429,MATCH003,1,500000,FAILED,FILE_LOCK,2026-07-13 04:30:19,252
TXN00007424,FAN_SIM_7423,MATCH003,1,500000,FAILED,FILE_LOCK,2026-07-13 04:30:19,250
TXN00007432,FAN_SIM_7431,MATCH003,1,500000,FAILED,FILE_LOCK,2026-07-13 04:30:19,252
TXN00007425,FAN_SIM_7424,MATCH003,1,500000,FAILED,FILE_LOCK,2026-07-13 04:30:19,250
TXN00007406,FAN_SIM_7405,MATCH003,1,500000,FAILED,FILE_LOCK,2026-07-13 04:30:19,400
TXN00007378,FAN_SIM_7377,MATCH003,1,500000,FAILED,FILE_LOCK,2026-07-13 04:30:19,402
TXN00007426,FAN_SIM_7425,MATCH003,1,500000,FAILED,FILE_LOCK,2026-07-13 04:30:19,255
TXN00007463,FAN_SIM_7462,MATCH003,1,0,FAILED,FILE_LOCK,2026-07-13 04:30:19,245
TXN00007494,FAN_SIM_7493,MATCH003,1,0,FAILED,FILE_LOCK,2026-07-13 04:30:20,282
TXN00007496,FAN_SIM_7495,MATCH003,1,0,FAILED,FILE_LOCK,2026-07-13 04:30:20,281
TXN00007542,FAN_SIM_7541,MATCH003,1,0,FAILED,FILE_LOCK,2026-07-13 04:30:20,276
TXN00007533,FAN_SIM_7532,MATCH003,1,0,FAILED,FILE_LOCK,2026-07-13 04:30:20,404
TXN00007522,FAN_SIM_7521,MATCH003,1,0,FAILED,FILE_LOCK,2026-07-13 04:30:20,406
TXN00007487,FAN_SIM_7486,MATCH003,1,0,FAILED,FILE_LOCK,2026-07-13 04:30:20,413
TXN00007509,FAN_SIM_7508,MATCH003,1,0,FAILED,FILE_LOCK,2026-07-13 04:30:20,408
TXN00007484,FAN_SIM_7483,MATCH003,1,500000,FAILED,FILE_LOCK,2026-07-13 04:30:20,417
TXN00007531,FAN_SIM_7530,MATCH003,1,0,FAILED,FILE_LOCK,2026-07-13 04:30:20,409
TXN00007548,FAN_SIM_7547,MATCH003,1,0,FAILED,FILE_LOCK,2026-07-13 04:30:20,128
TXN00007523,FAN_SIM_7522,MATCH003,1,0,FAILED,FILE_LOCK,2026-07-13 04:30:20,408
TXN00007485,FAN_SIM_7484,MATCH003,1,0,FAILED,FILE_LOCK,2026-07-13 04:30:20,424
TXN00007524,FAN_SIM_7523,MATCH003,1,0,FAILED,FILE_LOCK,2026-07-13 04:30:20,407
TXN00007540,FAN_SIM_7539,MATCH003,1,0,FAILED,FILE_LOCK,2026-07-13 04:30:20,414
TXN00007546,FAN_SIM_7545,MATCH003,1,0,FAILED,FILE_LOCK,2026-07-13 04:30:20,402
TXN00007525,FAN_SIM_7524,MATCH003,1,0,FAILED,FILE_LOCK,2026-07-13 04:30:20,415
TXN00007538,FAN_SIM_7537,MATCH003,1,0,FAILED,FILE_LOCK,2026-07-13 04:30:20,407
TXN00007495,FAN_SIM_7494,MATCH003,1,0,FAILED,FILE_LOCK,2026-07-13 04:30:20,417
TXN00007491,FAN_SIM_7490,MATCH003,1,0,FAILED,FILE_LOCK,2026-07-13 04:30:20,411
TXN00007532,FAN_SIM_7531,MATCH003,1,0,FAILED,FILE_LOCK,2026-07-13 04:30:20,413
TXN00007529,FAN_SIM_7528,MATCH003,1,0,FAILED,FILE_LOCK,2026-07-13 04:30:20,407
TXN00007508,FAN_SIM_7507,MATCH003,1,0,FAILED,FILE_LOCK,2026-07-13 04:30:20,415
TXN00007536,FAN_SIM_7535,MATCH003,1,0,FAILED,FILE_LOCK,2026-07-13 04:30:20,412
TXN00007514,FAN_SIM_7513,MATCH003,1,0,FAILED,FILE_LOCK,2026-07-13 04:30:20,410
TXN00007517,FAN_SIM_7516,MATCH003,1,0,FAILED,FILE_LOCK,2026-07-13 04:30:20,408
TXN00007492,FAN_SIM_7491,MATCH003,1,0,FAILED,FILE_LOCK,2026-07-13 04:30:20,417
TXN00007526,FAN_SIM_7525,MATCH003,1,0,FAILED,FILE_LOCK,2026-07-13 04:30:20,415
TXN00007535,FAN_SIM_7534,MATCH003,1,0,FAILED,FILE_LOCK,2026-07-13 04:30:20,415
TXN00007507,FAN_SIM_7506,MATCH003,1,0,FAILED,FILE_LOCK,2026-07-13 04:30:20,409
TXN00007490,FAN_SIM_7489,MATCH003,1,0,FAILED,FILE_LOCK,2026-07-13 04:30:20,418
TXN00007502,FAN_SIM_7501,MATCH003,1,0,FAILED,FILE_LOCK,2026-07-13 04:30:20,410
TXN00007519,FAN_SIM_7518,MATCH003,1,0,FAILED,FILE_LOCK,2026-07-13 04:30:20,411
TXN00007549,FAN_SIM_7548,MATCH003,1,0,FAILED,FILE_LOCK,2026-07-13 04:30:20,158
TXN00007534,FAN_SIM_7533,MATCH003,1,0,FAILED,FILE_LOCK,2026-07-13 04:30:20,415
TXN00007483,FAN_SIM_7482,MATCH003,1,0,FAILED,FILE_LOCK,2026-07-13 04:30:20,427
TXN00007486,FAN_SIM_7485,MATCH003,1,0,FAILED,FILE_LOCK,2026-07-13 04:30:20,425
TXN00007516,FAN_SIM_7515,MATCH003,1,500000,FAILED,FILE_LOCK,2026-07-13 04:30:20,453
TXN00007569,FAN_SIM_7568,MATCH003,1,0,FAILED,FILE_LOCK,2026-07-13 04:30:20,73
TXN00007551,FAN_SIM_7550,MATCH003,1,0,FAILED,FILE_LOCK,2026-07-13 04:30:20,75
TXN00007582,FAN_SIM_7581,MATCH003,1,0,FAILED,FILE_LOCK,2026-07-13 04:30:20,71
TXN00007572,FAN_SIM_7571,MATCH003,1,0,FAILED,FILE_LOCK,2026-07-13 04:30:20,72
TXN00007571,FAN_SIM_7570,MATCH003,1,0,FAILED,FILE_LOCK,2026-07-13 04:30:20,72
TXN00007561,FAN_SIM_7560,MATCH003,1,0,FAILED,FILE_LOCK,2026-07-13 04:30:20,74
TXN00007563,FAN_SIM_7562,MATCH003,1,0,FAILED,FILE_LOCK,2026-07-13 04:30:20,74
TXN00007555,FAN_SIM_7554,MATCH003,1,0,FAILED,FILE_LOCK,2026-07-13 04:30:20,75
TXN00007579,FAN_SIM_7578,MATCH003,1,0,FAILED,FILE_LOCK,2026-07-13 04:30:20,72
TXN00007503,FAN_SIM_7502,MATCH003,1,500000,FAILED,FILE_LOCK,2026-07-13 04:30:20,653
TXN00007573,FAN_SIM_7572,MATCH003,1,0,FAILED,FILE_LOCK,2026-07-13 04:30:20,185
TXN00007558,FAN_SIM_7557,MATCH003,1,0,FAILED,FILE_LOCK,2026-07-13 04:30:20,187
TXN00007575,FAN_SIM_7574,MATCH003,1,0,FAILED,FILE_LOCK,2026-07-13 04:30:20,187
TXN00007564,FAN_SIM_7563,MATCH003,1,0,FAILED,FILE_LOCK,2026-07-13 04:30:20,188
TXN00007570,FAN_SIM_7569,MATCH003,1,0,FAILED,FILE_LOCK,2026-07-13 04:30:20,187
TXN00007568,FAN_SIM_7567,MATCH003,1,0,FAILED,FILE_LOCK,2026-07-13 04:30:20,189
TXN00007553,FAN_SIM_7552,MATCH003,1,0,FAILED,FILE_LOCK,2026-07-13 04:30:20,190
TXN00007560,FAN_SIM_7559,MATCH003,1,0,FAILED,FILE_LOCK,2026-07-13 04:30:20,190
TXN00007581,FAN_SIM_7580,MATCH003,1,0,FAILED,FILE_LOCK,2026-07-13 04:30:20,187
TXN00007580,FAN_SIM_7579,MATCH003,1,0,FAILED,FILE_LOCK,2026-07-13 04:30:20,188
TXN00007559,FAN_SIM_7558,MATCH003,1,0,FAILED,FILE_LOCK,2026-07-13 04:30:20,190
TXN00007591,FAN_SIM_7589,MATCH003,1,0,FAILED,FILE_LOCK,2026-07-13 04:30:20,114
TXN00007550,FAN_SIM_7549,MATCH003,1,0,FAILED,FILE_LOCK,2026-07-13 04:30:20,196
TXN00007566,FAN_SIM_7565,MATCH003,1,0,FAILED,FILE_LOCK,2026-07-13 04:30:20,189
TXN00007562,FAN_SIM_7561,MATCH003,1,0,FAILED,FILE_LOCK,2026-07-13 04:30:20,189
TXN00007583,FAN_SIM_7582,MATCH003,1,0,FAILED,FILE_LOCK,2026-07-13 04:30:20,187
TXN00007588,FAN_SIM_7587,MATCH003,1,0,FAILED,FILE_LOCK,2026-07-13 04:30:20,113
TXN00007590,FAN_SIM_7590,MATCH003,1,0,FAILED,FILE_LOCK,2026-07-13 04:30:20,114
TXN00007589,FAN_SIM_7588,MATCH003,1,0,FAILED,FILE_LOCK,2026-07-13 04:30:20,113
TXN00007515,FAN_SIM_7514,MATCH003,1,500000,FAILED,FILE_LOCK,2026-07-13 04:30:20,657
TXN00007499,FAN_SIM_7498,MATCH003,1,500000,FAILED,FILE_LOCK,2026-07-13 04:30:20,658
TXN00007544,FAN_SIM_7543,MATCH003,1,500000,FAILED,FILE_LOCK,2026-07-13 04:30:20,645
TXN00007545,FAN_SIM_7544,MATCH003,1,500000,FAILED,FILE_LOCK,2026-07-13 04:30:20,646
TXN00007587,FAN_SIM_7586,MATCH003,1,0,FAILED,FILE_LOCK,2026-07-13 04:30:20,116
TXN00007498,FAN_SIM_7497,MATCH003,1,500000,FAILED,FILE_LOCK,2026-07-13 04:30:20,660
TXN00007497,FAN_SIM_7496,MATCH003,1,500000,FAILED,FILE_LOCK,2026-07-13 04:30:20,659
TXN00007500,FAN_SIM_7499,MATCH003,1,500000,FAILED,FILE_LOCK,2026-07-13 04:30:20,659
TXN00007557,FAN_SIM_7556,MATCH003,1,0,FAILED,FILE_LOCK,2026-07-13 04:30:20,191
TXN00007488,FAN_SIM_7487,MATCH003,1,500000,FAILED,FILE_LOCK,2026-07-13 04:30:20,664
TXN00007592,FAN_SIM_7591,MATCH003,1,0,FAILED,FILE_LOCK,2026-07-13 04:30:20,112
TXN00007556,FAN_SIM_7555,MATCH003,1,0,FAILED,FILE_LOCK,2026-07-13 04:30:20,192
TXN00007527,FAN_SIM_7526,MATCH003,1,500000,FAILED,FILE_LOCK,2026-07-13 04:30:20,657
TXN00007593,FAN_SIM_7592,MATCH003,1,0,FAILED,FILE_LOCK,2026-07-13 04:30:20,1
TXN00007520,FAN_SIM_7519,MATCH003,1,500000,FAILED,FILE_LOCK,2026-07-13 04:30:20,657
TXN00007584,FAN_SIM_7583,MATCH003,1,0,FAILED,FILE_LOCK,2026-07-13 04:30:20,116
TXN00007586,FAN_SIM_7585,MATCH003,1,0,FAILED,FILE_LOCK,2026-07-13 04:30:20,115
TXN00007585,FAN_SIM_7584,MATCH003,1,0,FAILED,FILE_LOCK,2026-07-13 04:30:20,116
TXN00007554,FAN_SIM_7553,MATCH003,1,0,FAILED,FILE_LOCK,2026-07-13 04:30:20,191
TXN00007594,FAN_SIM_7593,MATCH003,1,0,FAILED,FILE_LOCK,2026-07-13 04:30:20,4
TXN00007528,FAN_SIM_7527,MATCH003,1,500000,FAILED,FILE_LOCK,2026-07-13 04:30:20,661
TXN00007512,FAN_SIM_7511,MATCH003,1,500000,FAILED,FILE_LOCK,2026-07-13 04:30:20,664
TXN00007506,FAN_SIM_7505,MATCH003,1,500000,FAILED,FILE_LOCK,2026-07-13 04:30:20,664
TXN00007595,FAN_SIM_7594,MATCH003,1,0,FAILED,FILE_LOCK,2026-07-13 04:30:20,2
TXN00007510,FAN_SIM_7509,MATCH003,1,500000,FAILED,FILE_LOCK,2026-07-13 04:30:20,663
TXN00007537,FAN_SIM_7536,MATCH003,1,500000,FAILED,FILE_LOCK,2026-07-13 04:30:20,661
TXN00007521,FAN_SIM_7520,MATCH003,1,500000,FAILED,FILE_LOCK,2026-07-13 04:30:20,664
TXN00007518,FAN_SIM_7517,MATCH003,1,500000,FAILED,FILE_LOCK,2026-07-13 04:30:20,663
TXN00007543,FAN_SIM_7542,MATCH003,1,500000,FAILED,FILE_LOCK,2026-07-13 04:30:20,663
TXN00007511,FAN_SIM_7510,MATCH003,1,500000,FAILED,FILE_LOCK,2026-07-13 04:30:20,670
TXN00007530,FAN_SIM_7529,MATCH003,1,500000,FAILED,FILE_LOCK,2026-07-13 04:30:20,664
TXN00007565,FAN_SIM_7564,MATCH003,1,500000,FAILED,FILE_LOCK,2026-07-13 04:30:20,206
TXN00007597,FAN_SIM_7596,MATCH003,1,0,FAILED,FILE_LOCK,2026-07-13 04:30:20,2
TXN00007567,FAN_SIM_7566,MATCH003,1,500000,FAILED,FILE_LOCK,2026-07-13 04:30:20,206
TXN00007547,FAN_SIM_7546,MATCH003,1,500000,FAILED,FILE_LOCK,2026-07-13 04:30:20,385
TXN00007541,FAN_SIM_7540,MATCH003,1,500000,FAILED,FILE_LOCK,2026-07-13 04:30:20,665
TXN00007505,FAN_SIM_7504,MATCH003,1,500000,FAILED,FILE_LOCK,2026-07-13 04:30:20,667
TXN00007596,FAN_SIM_7595,MATCH003,1,0,FAILED,FILE_LOCK,2026-07-13 04:30:20,1
TXN00007577,FAN_SIM_7576,MATCH003,1,500000,FAILED,FILE_LOCK,2026-07-13 04:30:20,206
TXN00007539,FAN_SIM_7538,MATCH003,1,500000,FAILED,FILE_LOCK,2026-07-13 04:30:20,663
TXN00007576,FAN_SIM_7575,MATCH003,1,500000,FAILED,FILE_LOCK,2026-07-13 04:30:20,202
TXN00007504,FAN_SIM_7503,MATCH003,1,500000,FAILED,FILE_LOCK,2026-07-13 04:30:20,670
TXN00007574,FAN_SIM_7573,MATCH003,1,500000,FAILED,FILE_LOCK,2026-07-13 04:30:20,205
TXN00007598,FAN_SIM_7597,MATCH003,1,0,FAILED,FILE_LOCK,2026-07-13 04:30:20,2
TXN00007578,FAN_SIM_7577,MATCH003,1,500000,FAILED,FILE_LOCK,2026-07-13 04:30:20,205
TXN00007513,FAN_SIM_7512,MATCH003,1,500000,FAILED,FILE_LOCK,2026-07-13 04:30:20,669
TXN00007501,FAN_SIM_7500,MATCH003,1,500000,FAILED,FILE_LOCK,2026-07-13 04:30:20,672
TXN00007489,FAN_SIM_7488,MATCH003,1,500000,FAILED,FILE_LOCK,2026-07-13 04:30:20,674
TXN00007552,FAN_SIM_7551,MATCH003,1,500000,FAILED,FILE_LOCK,2026-07-13 04:30:20,207
TXN00007493,FAN_SIM_7492,MATCH003,1,500000,FAILED,FILE_LOCK,2026-07-13 04:30:20,674
TXN00007616,FAN_SIM_7615,MATCH003,1,0,FAILED,FILE_LOCK,2026-07-13 04:30:20,169
TXN00007615,FAN_SIM_7614,MATCH003,1,0,FAILED,FILE_LOCK,2026-07-13 04:30:20,169
TXN00007653,FAN_SIM_7652,MATCH003,1,0,FAILED,FILE_LOCK,2026-07-13 04:30:20,163
TXN00007622,FAN_SIM_7621,MATCH003,1,0,FAILED,FILE_LOCK,2026-07-13 04:30:20,168
TXN00007657,FAN_SIM_7656,MATCH003,1,0,FAILED,FILE_LOCK,2026-07-13 04:30:20,167
TXN00007661,FAN_SIM_7660,MATCH003,1,0,FAILED,FILE_LOCK,2026-07-13 04:30:20,165
TXN00007655,FAN_SIM_7654,MATCH003,1,0,FAILED,FILE_LOCK,2026-07-13 04:30:20,167
TXN00007645,FAN_SIM_7644,MATCH003,1,0,FAILED,FILE_LOCK,2026-07-13 04:30:20,169
TXN00007660,FAN_SIM_7658,MATCH003,1,0,FAILED,FILE_LOCK,2026-07-13 04:30:20,168
TXN00007641,FAN_SIM_7639,MATCH003,1,0,FAILED,FILE_LOCK,2026-07-13 04:30:20,171
TXN00007649,FAN_SIM_7648,MATCH003,1,0,FAILED,FILE_LOCK,2026-07-13 04:30:20,170
TXN00007634,FAN_SIM_7633,MATCH003,1,0,FAILED,FILE_LOCK,2026-07-13 04:30:20,172
TXN00007630,FAN_SIM_7629,MATCH003,1,0,FAILED,FILE_LOCK,2026-07-13 04:30:20,173
TXN00007601,FAN_SIM_7600,MATCH003,1,500000,FAILED,FILE_LOCK,2026-07-13 04:30:20,181
TXN00007609,FAN_SIM_7608,MATCH003,1,500000,FAILED,FILE_LOCK,2026-07-13 04:30:20,176
TXN00007664,FAN_SIM_7663,MATCH003,1,0,FAILED,FILE_LOCK,2026-07-13 04:30:20,6
TXN00007665,FAN_SIM_7664,MATCH003,1,0,FAILED,FILE_LOCK,2026-07-13 04:30:20,7
TXN00007663,FAN_SIM_7662,MATCH003,1,0,FAILED,FILE_LOCK,2026-07-13 04:30:20,8
TXN00007625,FAN_SIM_7624,MATCH003,1,500000,FAILED,FILE_LOCK,2026-07-13 04:30:20,175
TXN00007619,FAN_SIM_7618,MATCH003,1,0,FAILED,FILE_LOCK,2026-07-13 04:30:20,176
TXN00007600,FAN_SIM_7599,MATCH003,1,500000,FAILED,FILE_LOCK,2026-07-13 04:30:20,184
TXN00007662,FAN_SIM_7661,MATCH003,1,0,FAILED,FILE_LOCK,2026-07-13 04:30:20,170
TXN00007652,FAN_SIM_7651,MATCH003,1,0,FAILED,FILE_LOCK,2026-07-13 04:30:20,171
TXN00007621,FAN_SIM_7620,MATCH003,1,500000,FAILED,FILE_LOCK,2026-07-13 04:30:20,175
TXN00007628,FAN_SIM_7627,MATCH003,1,0,FAILED,FILE_LOCK,2026-07-13 04:30:20,174
TXN00007644,FAN_SIM_7643,MATCH003,1,0,FAILED,FILE_LOCK,2026-07-13 04:30:20,173
TXN00007611,FAN_SIM_7610,MATCH003,1,0,FAILED,FILE_LOCK,2026-07-13 04:30:20,178
TXN00007618,FAN_SIM_7617,MATCH003,1,0,FAILED,FILE_LOCK,2026-07-13 04:30:20,176
TXN00007612,FAN_SIM_7611,MATCH003,1,500000,FAILED,FILE_LOCK,2026-07-13 04:30:20,177
TXN00007604,FAN_SIM_7603,MATCH003,1,0,FAILED,FILE_LOCK,2026-07-13 04:30:20,180
TXN00007623,FAN_SIM_7622,MATCH003,1,500000,FAILED,FILE_LOCK,2026-07-13 04:30:20,176
TXN00007610,FAN_SIM_7609,MATCH003,1,0,FAILED,FILE_LOCK,2026-07-13 04:30:20,178
TXN00007614,FAN_SIM_7613,MATCH003,1,0,FAILED,FILE_LOCK,2026-07-13 04:30:20,178
TXN00007658,FAN_SIM_7657,MATCH003,1,0,FAILED,FILE_LOCK,2026-07-13 04:30:20,171
TXN00007605,FAN_SIM_7604,MATCH003,1,0,FAILED,FILE_LOCK,2026-07-13 04:30:20,179
TXN00007613,FAN_SIM_7612,MATCH003,1,0,FAILED,FILE_LOCK,2026-07-13 04:30:20,178
TXN00007624,FAN_SIM_7623,MATCH003,1,0,FAILED,FILE_LOCK,2026-07-13 04:30:20,178
TXN00007607,FAN_SIM_7606,MATCH003,1,500000,FAILED,FILE_LOCK,2026-07-13 04:30:20,184
TXN00007640,FAN_SIM_7640,MATCH003,1,0,FAILED,FILE_LOCK,2026-07-13 04:30:20,176
TXN00007638,FAN_SIM_7637,MATCH003,1,0,FAILED,FILE_LOCK,2026-07-13 04:30:20,175
TXN00007626,FAN_SIM_7625,MATCH003,1,0,FAILED,FILE_LOCK,2026-07-13 04:30:20,178
TXN00007669,FAN_SIM_7668,MATCH003,1,0,FAILED,FILE_LOCK,2026-07-13 04:30:20,7
TXN00007643,FAN_SIM_7642,MATCH003,1,0,FAILED,FILE_LOCK,2026-07-13 04:30:20,176
TXN00007673,FAN_SIM_7672,MATCH003,1,0,FAILED,FILE_LOCK,2026-07-13 04:30:20,3
TXN00007635,FAN_SIM_7634,MATCH003,1,0,FAILED,FILE_LOCK,2026-07-13 04:30:20,175
TXN00007672,FAN_SIM_7671,MATCH003,1,0,FAILED,FILE_LOCK,2026-07-13 04:30:20,4
TXN00007671,FAN_SIM_7670,MATCH003,1,0,FAILED,FILE_LOCK,2026-07-13 04:30:20,6
TXN00007670,FAN_SIM_7669,MATCH003,1,0,FAILED,FILE_LOCK,2026-07-13 04:30:20,6
TXN00007648,FAN_SIM_7647,MATCH003,1,0,FAILED,FILE_LOCK,2026-07-13 04:30:20,175
TXN00007642,FAN_SIM_7641,MATCH003,1,0,FAILED,FILE_LOCK,2026-07-13 04:30:20,178
TXN00007636,FAN_SIM_7635,MATCH003,1,0,FAILED,FILE_LOCK,2026-07-13 04:30:20,175
TXN00007639,FAN_SIM_7638,MATCH003,1,0,FAILED,FILE_LOCK,2026-07-13 04:30:20,174
TXN00007603,FAN_SIM_7602,MATCH003,1,0,FAILED,FILE_LOCK,2026-07-13 04:30:20,180
TXN00007602,FAN_SIM_7601,MATCH003,1,0,FAILED,FILE_LOCK,2026-07-13 04:30:20,181
TXN00007627,FAN_SIM_7626,MATCH003,1,0,FAILED,FILE_LOCK,2026-07-13 04:30:20,176
TXN00007620,FAN_SIM_7619,MATCH003,1,0,FAILED,FILE_LOCK,2026-07-13 04:30:20,178
TXN00007632,FAN_SIM_7631,MATCH003,1,0,FAILED,FILE_LOCK,2026-07-13 04:30:20,177
TXN00007631,FAN_SIM_7630,MATCH003,1,0,FAILED,FILE_LOCK,2026-07-13 04:30:20,177
TXN00007650,FAN_SIM_7649,MATCH003,1,0,FAILED,FILE_LOCK,2026-07-13 04:30:20,175
TXN00007647,FAN_SIM_7646,MATCH003,1,0,FAILED,FILE_LOCK,2026-07-13 04:30:20,177
TXN00007633,FAN_SIM_7632,MATCH003,1,0,FAILED,FILE_LOCK,2026-07-13 04:30:20,176
TXN00007608,FAN_SIM_7607,MATCH003,1,0,FAILED,FILE_LOCK,2026-07-13 04:30:20,181
TXN00007667,FAN_SIM_7666,MATCH003,1,0,FAILED,FILE_LOCK,2026-07-13 04:30:20,7
TXN00007666,FAN_SIM_7665,MATCH003,1,0,FAILED,FILE_LOCK,2026-07-13 04:30:20,7
TXN00007668,FAN_SIM_7667,MATCH003,1,0,FAILED,FILE_LOCK,2026-07-13 04:30:20,7
TXN00007606,FAN_SIM_7605,MATCH003,1,0,FAILED,FILE_LOCK,2026-07-13 04:30:20,181
TXN00007646,FAN_SIM_7645,MATCH003,1,0,FAILED,FILE_LOCK,2026-07-13 04:30:20,174
TXN00007651,FAN_SIM_7650,MATCH003,1,0,FAILED,FILE_LOCK,2026-07-13 04:30:20,174
TXN00007654,FAN_SIM_7653,MATCH003,1,0,FAILED,FILE_LOCK,2026-07-13 04:30:20,173
TXN00007656,FAN_SIM_7655,MATCH003,1,0,FAILED,FILE_LOCK,2026-07-13 04:30:20,173
TXN00007637,FAN_SIM_7636,MATCH003,1,0,FAILED,FILE_LOCK,2026-07-13 04:30:20,175
TXN00007629,FAN_SIM_7628,MATCH003,1,0,FAILED,FILE_LOCK,2026-07-13 04:30:20,177
TXN00007599,FAN_SIM_7598,MATCH003,1,0,FAILED,FILE_LOCK,2026-07-13 04:30:20,190
TXN00007659,FAN_SIM_7659,MATCH003,1,0,FAILED,FILE_LOCK,2026-07-13 04:30:20,173
TXN00007617,FAN_SIM_7616,MATCH003,1,0,FAILED,FILE_LOCK,2026-07-13 04:30:20,177
TXN00007678,FAN_SIM_7677,MATCH003,1,500000,FAILED,FILE_LOCK,2026-07-13 04:30:20,155
TXN00007730,FAN_SIM_7737,MATCH003,1,0,FAILED,FILE_LOCK,2026-07-13 04:30:20,1
TXN00007684,FAN_SIM_7685,MATCH003,1,0,FAILED,FILE_LOCK,2026-07-13 04:30:21,204
TXN00007682,FAN_SIM_7683,MATCH003,1,0,FAILED,FILE_LOCK,2026-07-13 04:30:21,204
TXN00007703,FAN_SIM_7703,MATCH003,1,0,FAILED,FILE_LOCK,2026-07-13 04:30:21,176
TXN00007715,FAN_SIM_7715,MATCH003,1,0,FAILED,FILE_LOCK,2026-07-13 04:30:21,175
TXN00007681,FAN_SIM_7682,MATCH003,1,0,FAILED,FILE_LOCK,2026-07-13 04:30:21,205
TXN00007674,FAN_SIM_7673,MATCH003,1,0,FAILED,FILE_LOCK,2026-07-13 04:30:21,225
TXN00007732,FAN_SIM_7729,MATCH003,1,0,FAILED,FILE_LOCK,2026-07-13 04:30:21,97
TXN00007719,FAN_SIM_7718,MATCH003,1,0,FAILED,FILE_LOCK,2026-07-13 04:30:21,171
TXN00007675,FAN_SIM_7674,MATCH003,1,0,FAILED,FILE_LOCK,2026-07-13 04:30:21,223
TXN00007676,FAN_SIM_7675,MATCH003,1,0,FAILED,FILE_LOCK,2026-07-13 04:30:21,222
TXN00007709,FAN_SIM_7709,MATCH003,1,0,FAILED,FILE_LOCK,2026-07-13 04:30:21,177
TXN00007699,FAN_SIM_7698,MATCH003,1,0,FAILED,FILE_LOCK,2026-07-13 04:30:21,178
TXN00007705,FAN_SIM_7705,MATCH003,1,0,FAILED,FILE_LOCK,2026-07-13 04:30:21,177
TXN00007697,FAN_SIM_7696,MATCH003,1,0,FAILED,FILE_LOCK,2026-07-13 04:30:21,203
TXN00007694,FAN_SIM_7695,MATCH003,1,0,FAILED,FILE_LOCK,2026-07-13 04:30:21,206
TXN00007701,FAN_SIM_7702,MATCH003,1,0,FAILED,FILE_LOCK,2026-07-13 04:30:21,179
TXN00007687,FAN_SIM_7688,MATCH003,1,0,FAILED,FILE_LOCK,2026-07-13 04:30:21,207
TXN00007691,FAN_SIM_7692,MATCH003,1,0,FAILED,FILE_LOCK,2026-07-13 04:30:21,207
TXN00007710,FAN_SIM_7710,MATCH003,1,0,FAILED,FILE_LOCK,2026-07-13 04:30:21,178
TXN00007686,FAN_SIM_7686,MATCH003,1,0,FAILED,FILE_LOCK,2026-07-13 04:30:21,207
TXN00007698,FAN_SIM_7697,MATCH003,1,0,FAILED,FILE_LOCK,2026-07-13 04:30:21,179
TXN00007711,FAN_SIM_7711,MATCH003,1,0,FAILED,FILE_LOCK,2026-07-13 04:30:21,178
TXN00007683,FAN_SIM_7684,MATCH003,1,0,FAILED,FILE_LOCK,2026-07-13 04:30:21,207
TXN00007721,FAN_SIM_7720,MATCH003,1,0,FAILED,FILE_LOCK,2026-07-13 04:30:21,174
TXN00007706,FAN_SIM_7706,MATCH003,1,0,FAILED,FILE_LOCK,2026-07-13 04:30:21,179
TXN00007733,FAN_SIM_7728,MATCH003,1,0,FAILED,FILE_LOCK,2026-07-13 04:30:21,100
TXN00007679,FAN_SIM_7678,MATCH003,1,0,FAILED,FILE_LOCK,2026-07-13 04:30:21,221
TXN00007690,FAN_SIM_7691,MATCH003,1,0,FAILED,FILE_LOCK,2026-07-13 04:30:21,208
TXN00007712,FAN_SIM_7712,MATCH003,1,0,FAILED,FILE_LOCK,2026-07-13 04:30:21,178
TXN00007688,FAN_SIM_7689,MATCH003,1,0,FAILED,FILE_LOCK,2026-07-13 04:30:21,208
TXN00007680,FAN_SIM_7679,MATCH003,1,0,FAILED,FILE_LOCK,2026-07-13 04:30:21,222
TXN00007734,FAN_SIM_7726,MATCH003,1,0,FAILED,FILE_LOCK,2026-07-13 04:30:21,101
TXN00007707,FAN_SIM_7707,MATCH003,1,0,FAILED,FILE_LOCK,2026-07-13 04:30:21,180
TXN00007724,FAN_SIM_7735,MATCH003,1,0,FAILED,FILE_LOCK,2026-07-13 04:30:21,102
TXN00007716,FAN_SIM_7700,MATCH003,1,0,FAILED,FILE_LOCK,2026-07-13 04:30:21,179
TXN00007713,FAN_SIM_7713,MATCH003,1,0,FAILED,FILE_LOCK,2026-07-13 04:30:21,180
TXN00007726,FAN_SIM_7723,MATCH003,1,0,FAILED,FILE_LOCK,2026-07-13 04:30:21,103
TXN00007738,FAN_SIM_7733,MATCH003,1,0,FAILED,FILE_LOCK,2026-07-13 04:30:21,100
TXN00007702,FAN_SIM_7701,MATCH003,1,0,FAILED,FILE_LOCK,2026-07-13 04:30:21,181
TXN00007718,FAN_SIM_7717,MATCH003,1,0,FAILED,FILE_LOCK,2026-07-13 04:30:21,175
TXN00007704,FAN_SIM_7704,MATCH003,1,0,FAILED,FILE_LOCK,2026-07-13 04:30:21,179
TXN00007693,FAN_SIM_7694,MATCH003,1,0,FAILED,FILE_LOCK,2026-07-13 04:30:21,209
TXN00007714,FAN_SIM_7714,MATCH003,1,0,FAILED,FILE_LOCK,2026-07-13 04:30:21,180
TXN00007736,FAN_SIM_7732,MATCH003,1,0,FAILED,FILE_LOCK,2026-07-13 04:30:21,100
TXN00007737,FAN_SIM_7731,MATCH003,1,0,FAILED,FILE_LOCK,2026-07-13 04:30:21,100
TXN00007689,FAN_SIM_7690,MATCH003,1,0,FAILED,FILE_LOCK,2026-07-13 04:30:21,209
TXN00007722,FAN_SIM_7721,MATCH003,1,0,FAILED,FILE_LOCK,2026-07-13 04:30:21,171
TXN00007695,FAN_SIM_7681,MATCH003,1,0,FAILED,FILE_LOCK,2026-07-13 04:30:21,208
TXN00007739,FAN_SIM_7725,MATCH003,1,0,FAILED,FILE_LOCK,2026-07-13 04:30:21,101
TXN00007685,FAN_SIM_7687,MATCH003,1,0,FAILED,FILE_LOCK,2026-07-13 04:30:21,208
TXN00007735,FAN_SIM_7727,MATCH003,1,0,FAILED,FILE_LOCK,2026-07-13 04:30:21,101
TXN00007717,FAN_SIM_7716,MATCH003,1,0,FAILED,FILE_LOCK,2026-07-13 04:30:21,175
TXN00007740,FAN_SIM_7739,MATCH003,1,0,FAILED,FILE_LOCK,2026-07-13 04:30:21,4
TXN00007741,FAN_SIM_7740,MATCH003,1,0,FAILED,FILE_LOCK,2026-07-13 04:30:21,3
TXN00007728,FAN_SIM_7730,MATCH003,1,0,FAILED,FILE_LOCK,2026-07-13 04:30:21,101
TXN00007700,FAN_SIM_7699,MATCH003,1,0,FAILED,FILE_LOCK,2026-07-13 04:30:21,180
TXN00007742,FAN_SIM_7741,MATCH003,1,0,FAILED,FILE_LOCK,2026-07-13 04:30:21,1
TXN00007696,FAN_SIM_7680,MATCH003,1,0,FAILED,FILE_LOCK,2026-07-13 04:30:21,208
TXN00007692,FAN_SIM_7693,MATCH003,1,500000,FAILED,FILE_LOCK,2026-07-13 04:30:21,210
TXN00007743,FAN_SIM_7742,MATCH003,1,0,FAILED,FILE_LOCK,2026-07-13 04:30:21,1
TXN00007729,FAN_SIM_7722,MATCH003,1,0,FAILED,FILE_LOCK,2026-07-13 04:30:21,102
TXN00007677,FAN_SIM_7676,MATCH003,1,500000,FAILED,FILE_LOCK,2026-07-13 04:30:21,227
TXN00007723,FAN_SIM_7736,MATCH003,1,0,FAILED,FILE_LOCK,2026-07-13 04:30:21,101
TXN00007731,FAN_SIM_7738,MATCH003,1,0,FAILED,FILE_LOCK,2026-07-13 04:30:21,68
TXN00007708,FAN_SIM_7708,MATCH003,1,0,FAILED,FILE_LOCK,2026-07-13 04:30:21,180
TXN00007725,FAN_SIM_7734,MATCH003,1,0,FAILED,FILE_LOCK,2026-07-13 04:30:21,102
TXN00007720,FAN_SIM_7719,MATCH003,1,0,FAILED,FILE_LOCK,2026-07-13 04:30:21,175
TXN00007727,FAN_SIM_7724,MATCH003,1,0,FAILED,FILE_LOCK,2026-07-13 04:30:21,102
TXN00007776,FAN_SIM_7775,MATCH003,1,0,FAILED,FILE_LOCK,2026-07-13 04:30:21,92
TXN00007757,FAN_SIM_7756,MATCH003,1,0,FAILED,FILE_LOCK,2026-07-13 04:30:21,103
TXN00007772,FAN_SIM_7771,MATCH003,1,0,FAILED,FILE_LOCK,2026-07-13 04:30:21,95
TXN00007748,FAN_SIM_7747,MATCH003,1,0,FAILED,FILE_LOCK,2026-07-13 04:30:21,107
TXN00007801,FAN_SIM_7800,MATCH003,1,0,FAILED,FILE_LOCK,2026-07-13 04:30:21,91
TXN00007755,FAN_SIM_7754,MATCH003,1,0,FAILED,FILE_LOCK,2026-07-13 04:30:21,104
TXN00007766,FAN_SIM_7765,MATCH003,1,0,FAILED,FILE_LOCK,2026-07-13 04:30:21,93
TXN00007746,FAN_SIM_7745,MATCH003,1,0,FAILED,FILE_LOCK,2026-07-13 04:30:21,106
TXN00007752,FAN_SIM_7751,MATCH003,1,0,FAILED,FILE_LOCK,2026-07-13 04:30:21,104
TXN00007780,FAN_SIM_7779,MATCH003,1,0,FAILED,FILE_LOCK,2026-07-13 04:30:21,92
TXN00007777,FAN_SIM_7776,MATCH003,1,0,FAILED,FILE_LOCK,2026-07-13 04:30:21,94
TXN00007789,FAN_SIM_7789,MATCH003,1,0,FAILED,FILE_LOCK,2026-07-13 04:30:21,91
TXN00007786,FAN_SIM_7785,MATCH003,1,0,FAILED,FILE_LOCK,2026-07-13 04:30:21,91
TXN00007774,FAN_SIM_7774,MATCH003,1,0,FAILED,FILE_LOCK,2026-07-13 04:30:21,95
TXN00007805,FAN_SIM_7804,MATCH003,1,0,FAILED,FILE_LOCK,2026-07-13 04:30:21,81
TXN00007787,FAN_SIM_7786,MATCH003,1,0,FAILED,FILE_LOCK,2026-07-13 04:30:21,92
TXN00007773,FAN_SIM_7772,MATCH003,1,0,FAILED,FILE_LOCK,2026-07-13 04:30:21,95
TXN00007790,FAN_SIM_7788,MATCH003,1,0,FAILED,FILE_LOCK,2026-07-13 04:30:21,92
TXN00007807,FAN_SIM_7806,MATCH003,1,0,FAILED,FILE_LOCK,2026-07-13 04:30:21,80
TXN00007793,FAN_SIM_7792,MATCH003,1,0,FAILED,FILE_LOCK,2026-07-13 04:30:21,92
TXN00007771,FAN_SIM_7770,MATCH003,1,0,FAILED,FILE_LOCK,2026-07-13 04:30:21,94
TXN00007795,FAN_SIM_7794,MATCH003,1,0,FAILED,FILE_LOCK,2026-07-13 04:30:21,91
TXN00007759,FAN_SIM_7758,MATCH003,1,0,FAILED,FILE_LOCK,2026-07-13 04:30:21,101
TXN00007744,FAN_SIM_7743,MATCH003,1,0,FAILED,FILE_LOCK,2026-07-13 04:30:21,107
TXN00007753,FAN_SIM_7752,MATCH003,1,0,FAILED,FILE_LOCK,2026-07-13 04:30:21,105
TXN00007799,FAN_SIM_7798,MATCH003,1,0,FAILED,FILE_LOCK,2026-07-13 04:30:21,91
TXN00007792,FAN_SIM_7791,MATCH003,1,0,FAILED,FILE_LOCK,2026-07-13 04:30:21,91
TXN00007769,FAN_SIM_7768,MATCH003,1,0,FAILED,FILE_LOCK,2026-07-13 04:30:21,95
TXN00007760,FAN_SIM_7759,MATCH003,1,0,FAILED,FILE_LOCK,2026-07-13 04:30:21,99
TXN00007781,FAN_SIM_7780,MATCH003,1,0,FAILED,FILE_LOCK,2026-07-13 04:30:21,130
TXN00007794,FAN_SIM_7793,MATCH003,1,0,FAILED,FILE_LOCK,2026-07-13 04:30:21,93
TXN00007806,FAN_SIM_7805,MATCH003,1,0,FAILED,FILE_LOCK,2026-07-13 04:30:21,82
TXN00007797,FAN_SIM_7796,MATCH003,1,0,FAILED,FILE_LOCK,2026-07-13 04:30:21,93
TXN00007750,FAN_SIM_7749,MATCH003,1,500000,FAILED,FILE_LOCK,2026-07-13 04:30:21,165
TXN00007751,FAN_SIM_7750,MATCH003,1,0,FAILED,FILE_LOCK,2026-07-13 04:30:21,106
TXN00007798,FAN_SIM_7797,MATCH003,1,0,FAILED,FILE_LOCK,2026-07-13 04:30:21,192
TXN00007778,FAN_SIM_7777,MATCH003,1,0,FAILED,FILE_LOCK,2026-07-13 04:30:21,94
TXN00007829,FAN_SIM_7829,MATCH003,1,0,FAILED,FILE_LOCK,2026-07-13 04:30:21,59
TXN00007803,FAN_SIM_7802,MATCH003,1,0,FAILED,FILE_LOCK,2026-07-13 04:30:21,193
TXN00007813,FAN_SIM_7812,MATCH003,1,0,FAILED,FILE_LOCK,2026-07-13 04:30:21,62
TXN00007764,FAN_SIM_7763,MATCH003,1,0,FAILED,FILE_LOCK,2026-07-13 04:30:21,98
TXN00007770,FAN_SIM_7769,MATCH003,1,0,FAILED,FILE_LOCK,2026-07-13 04:30:21,197
TXN00007761,FAN_SIM_7760,MATCH003,1,0,FAILED,FILE_LOCK,2026-07-13 04:30:21,200
TXN00007800,FAN_SIM_7799,MATCH003,1,0,FAILED,FILE_LOCK,2026-07-13 04:30:21,193
TXN00007785,FAN_SIM_7784,MATCH003,1,0,FAILED,FILE_LOCK,2026-07-13 04:30:21,194
TXN00007833,FAN_SIM_7832,MATCH003,1,0,FAILED,FILE_LOCK,2026-07-13 04:30:21,60
TXN00007788,FAN_SIM_7787,MATCH003,1,0,FAILED,FILE_LOCK,2026-07-13 04:30:21,93
TXN00007783,FAN_SIM_7782,MATCH003,1,0,FAILED,FILE_LOCK,2026-07-13 04:30:21,94
TXN00007763,FAN_SIM_7762,MATCH003,1,0,FAILED,FILE_LOCK,2026-07-13 04:30:21,97
TXN00007756,FAN_SIM_7755,MATCH003,1,0,FAILED,FILE_LOCK,2026-07-13 04:30:21,208
TXN00007779,FAN_SIM_7778,MATCH003,1,0,FAILED,FILE_LOCK,2026-07-13 04:30:21,95
TXN00007762,FAN_SIM_7761,MATCH003,1,0,FAILED,FILE_LOCK,2026-07-13 04:30:21,99
TXN00007754,FAN_SIM_7753,MATCH003,1,500000,FAILED,FILE_LOCK,2026-07-13 04:30:21,209
TXN00007818,FAN_SIM_7818,MATCH003,1,0,FAILED,FILE_LOCK,2026-07-13 04:30:21,62
TXN00007817,FAN_SIM_7817,MATCH003,1,0,FAILED,FILE_LOCK,2026-07-13 04:30:21,63
TXN00007810,FAN_SIM_7809,MATCH003,1,0,FAILED,FILE_LOCK,2026-07-13 04:30:21,63
TXN00007816,FAN_SIM_7816,MATCH003,1,0,FAILED,FILE_LOCK,2026-07-13 04:30:21,63
TXN00007747,FAN_SIM_7746,MATCH003,1,500000,FAILED,FILE_LOCK,2026-07-13 04:30:21,217
TXN00007768,FAN_SIM_7767,MATCH003,1,0,FAILED,FILE_LOCK,2026-07-13 04:30:21,97
TXN00007802,FAN_SIM_7801,MATCH003,1,0,FAILED,FILE_LOCK,2026-07-13 04:30:21,193
TXN00007837,FAN_SIM_7836,MATCH003,1,0,FAILED,FILE_LOCK,2026-07-13 04:30:21,65
TXN00007796,FAN_SIM_7795,MATCH003,1,500000,FAILED,FILE_LOCK,2026-07-13 04:30:21,202
TXN00007804,FAN_SIM_7803,MATCH003,1,0,FAILED,FILE_LOCK,2026-07-13 04:30:21,92
TXN00007765,FAN_SIM_7764,MATCH003,1,0,FAILED,FILE_LOCK,2026-07-13 04:30:21,197
TXN00007822,FAN_SIM_7822,MATCH003,1,0,FAILED,FILE_LOCK,2026-07-13 04:30:21,71
TXN00007811,FAN_SIM_7810,MATCH003,1,0,FAILED,FILE_LOCK,2026-07-13 04:30:21,64
TXN00007767,FAN_SIM_7766,MATCH003,1,0,FAILED,FILE_LOCK,2026-07-13 04:30:21,96
TXN00007827,FAN_SIM_7828,MATCH003,1,0,FAILED,FILE_LOCK,2026-07-13 04:30:21,70
TXN00007819,FAN_SIM_7819,MATCH003,1,0,FAILED,FILE_LOCK,2026-07-13 04:30:21,71
TXN00007821,FAN_SIM_7821,MATCH003,1,0,FAILED,FILE_LOCK,2026-07-13 04:30:21,71
TXN00007824,FAN_SIM_7825,MATCH003,1,0,FAILED,FILE_LOCK,2026-07-13 04:30:21,70
TXN00007834,FAN_SIM_7833,MATCH003,1,0,FAILED,FILE_LOCK,2026-07-13 04:30:21,60
TXN00007815,FAN_SIM_7815,MATCH003,1,0,FAILED,FILE_LOCK,2026-07-13 04:30:21,63
TXN00007835,FAN_SIM_7834,MATCH003,1,0,FAILED,FILE_LOCK,2026-07-13 04:30:21,62
TXN00007809,FAN_SIM_7808,MATCH003,1,0,FAILED,FILE_LOCK,2026-07-13 04:30:21,65
TXN00007820,FAN_SIM_7820,MATCH003,1,0,FAILED,FILE_LOCK,2026-07-13 04:30:21,65
TXN00007825,FAN_SIM_7826,MATCH003,1,0,FAILED,FILE_LOCK,2026-07-13 04:30:21,70
TXN00007814,FAN_SIM_7814,MATCH003,1,0,FAILED,FILE_LOCK,2026-07-13 04:30:21,63
TXN00007832,FAN_SIM_7831,MATCH003,1,0,FAILED,FILE_LOCK,2026-07-13 04:30:21,62
TXN00007812,FAN_SIM_7811,MATCH003,1,0,FAILED,FILE_LOCK,2026-07-13 04:30:21,63
TXN00007843,FAN_SIM_7842,MATCH003,1,0,FAILED,FILE_LOCK,2026-07-13 04:30:21,7
TXN00007830,FAN_SIM_7813,MATCH003,1,0,FAILED,FILE_LOCK,2026-07-13 04:30:21,62
TXN00007823,FAN_SIM_7823,MATCH003,1,0,FAILED,FILE_LOCK,2026-07-13 04:30:21,70
TXN00007808,FAN_SIM_7807,MATCH003,1,0,FAILED,FILE_LOCK,2026-07-13 04:30:21,77
TXN00007745,FAN_SIM_7744,MATCH003,1,500000,FAILED,FILE_LOCK,2026-07-13 04:30:21,231
TXN00007775,FAN_SIM_7773,MATCH003,1,500000,FAILED,FILE_LOCK,2026-07-13 04:30:21,219
TXN00007749,FAN_SIM_7748,MATCH003,1,500000,FAILED,FILE_LOCK,2026-07-13 04:30:21,168
TXN00007841,FAN_SIM_7840,MATCH003,1,0,FAILED,FILE_LOCK,2026-07-13 04:30:21,97
TXN00007826,FAN_SIM_7827,MATCH003,1,0,FAILED,FILE_LOCK,2026-07-13 04:30:21,119
TXN00007848,FAN_SIM_7847,MATCH003,1,0,FAILED,FILE_LOCK,2026-07-13 04:30:21,39
TXN00007831,FAN_SIM_7830,MATCH003,1,0,FAILED,FILE_LOCK,2026-07-13 04:30:21,118
TXN00007842,FAN_SIM_7841,MATCH003,1,0,FAILED,FILE_LOCK,2026-07-13 04:30:21,98
TXN00007791,FAN_SIM_7790,MATCH003,1,0,FAILED,FILE_LOCK,2026-07-13 04:30:21,253
TXN00007844,FAN_SIM_7843,MATCH003,1,0,FAILED,FILE_LOCK,2026-07-13 04:30:21,47
TXN00007845,FAN_SIM_7844,MATCH003,1,0,FAILED,FILE_LOCK,2026-07-13 04:30:21,42
TXN00007846,FAN_SIM_7845,MATCH003,1,0,FAILED,FILE_LOCK,2026-07-13 04:30:21,40
TXN00007840,FAN_SIM_7839,MATCH003,1,0,FAILED,FILE_LOCK,2026-07-13 04:30:21,97
TXN00007894,FAN_SIM_7893,MATCH003,1,0,FAILED,FILE_LOCK,2026-07-13 04:30:21,5
TXN00007852,FAN_SIM_7851,MATCH003,1,0,FAILED,FILE_LOCK,2026-07-13 04:30:21,40
TXN00007782,FAN_SIM_7781,MATCH003,1,500000,FAILED,FILE_LOCK,2026-07-13 04:30:21,256
TXN00007828,FAN_SIM_7824,MATCH003,1,0,FAILED,FILE_LOCK,2026-07-13 04:30:21,121
TXN00007836,FAN_SIM_7835,MATCH003,1,0,FAILED,FILE_LOCK,2026-07-13 04:30:21,119
TXN00007839,FAN_SIM_7838,MATCH003,1,0,FAILED,FILE_LOCK,2026-07-13 04:30:21,98
TXN00007891,FAN_SIM_7890,MATCH003,1,0,FAILED,FILE_LOCK,2026-07-13 04:30:21,148
TXN00007889,FAN_SIM_7888,MATCH003,1,0,FAILED,FILE_LOCK,2026-07-13 04:30:21,148
TXN00007882,FAN_SIM_7881,MATCH003,1,0,FAILED,FILE_LOCK,2026-07-13 04:30:21,149
TXN00007871,FAN_SIM_7870,MATCH003,1,0,FAILED,FILE_LOCK,2026-07-13 04:30:21,150
TXN00007883,FAN_SIM_7882,MATCH003,1,0,FAILED,FILE_LOCK,2026-07-13 04:30:21,149
TXN00007888,FAN_SIM_7887,MATCH003,1,0,FAILED,FILE_LOCK,2026-07-13 04:30:21,148
TXN00007892,FAN_SIM_7891,MATCH003,1,0,FAILED,FILE_LOCK,2026-07-13 04:30:21,148
TXN00007895,FAN_SIM_7894,MATCH003,1,0,FAILED,FILE_LOCK,2026-07-13 04:30:21,112
TXN00007867,FAN_SIM_7866,MATCH003,1,0,FAILED,FILE_LOCK,2026-07-13 04:30:21,151
TXN00007904,FAN_SIM_7903,MATCH003,1,0,FAILED,FILE_LOCK,2026-07-13 04:30:21,110
TXN00007886,FAN_SIM_7885,MATCH003,1,0,FAILED,FILE_LOCK,2026-07-13 04:30:21,149
TXN00007850,FAN_SIM_7849,MATCH003,1,0,FAILED,FILE_LOCK,2026-07-13 04:30:21,155
TXN00007909,FAN_SIM_7908,MATCH003,1,0,FAILED,FILE_LOCK,2026-07-13 04:30:21,109
TXN00007906,FAN_SIM_7905,MATCH003,1,0,FAILED,FILE_LOCK,2026-07-13 04:30:21,110
TXN00007908,FAN_SIM_7907,MATCH003,1,0,FAILED,FILE_LOCK,2026-07-13 04:30:21,109
TXN00007902,FAN_SIM_7901,MATCH003,1,0,FAILED,FILE_LOCK,2026-07-13 04:30:21,110
TXN00007838,FAN_SIM_7837,MATCH003,1,0,FAILED,FILE_LOCK,2026-07-13 04:30:21,216
TXN00007864,FAN_SIM_7863,MATCH003,1,0,FAILED,FILE_LOCK,2026-07-13 04:30:21,152
TXN00007854,FAN_SIM_7853,MATCH003,1,0,FAILED,FILE_LOCK,2026-07-13 04:30:21,155
TXN00007907,FAN_SIM_7906,MATCH003,1,0,FAILED,FILE_LOCK,2026-07-13 04:30:21,109
TXN00007868,FAN_SIM_7867,MATCH003,1,0,FAILED,FILE_LOCK,2026-07-13 04:30:21,152
TXN00007869,FAN_SIM_7868,MATCH003,1,0,FAILED,FILE_LOCK,2026-07-13 04:30:21,153
TXN00007876,FAN_SIM_7875,MATCH003,1,0,FAILED,FILE_LOCK,2026-07-13 04:30:21,150
TXN00007893,FAN_SIM_7892,MATCH003,1,0,FAILED,FILE_LOCK,2026-07-13 04:30:21,149
TXN00007879,FAN_SIM_7878,MATCH003,1,0,FAILED,FILE_LOCK,2026-07-13 04:30:21,151
TXN00007880,FAN_SIM_7879,MATCH003,1,0,FAILED,FILE_LOCK,2026-07-13 04:30:21,151
TXN00007861,FAN_SIM_7860,MATCH003,1,0,FAILED,FILE_LOCK,2026-07-13 04:30:21,154
TXN00007865,FAN_SIM_7864,MATCH003,1,0,FAILED,FILE_LOCK,2026-07-13 04:30:21,153
TXN00007884,FAN_SIM_7883,MATCH003,1,0,FAILED,FILE_LOCK,2026-07-13 04:30:21,151
TXN00007853,FAN_SIM_7852,MATCH003,1,0,FAILED,FILE_LOCK,2026-07-13 04:30:21,156
TXN00007887,FAN_SIM_7886,MATCH003,1,0,FAILED,FILE_LOCK,2026-07-13 04:30:21,151
TXN00007872,FAN_SIM_7871,MATCH003,1,0,FAILED,FILE_LOCK,2026-07-13 04:30:21,153
TXN00007881,FAN_SIM_7880,MATCH003,1,0,FAILED,FILE_LOCK,2026-07-13 04:30:21,152
TXN00007877,FAN_SIM_7876,MATCH003,1,0,FAILED,FILE_LOCK,2026-07-13 04:30:21,151
TXN00007901,FAN_SIM_7900,MATCH003,1,0,FAILED,FILE_LOCK,2026-07-13 04:30:21,112
TXN00007855,FAN_SIM_7854,MATCH003,1,0,FAILED,FILE_LOCK,2026-07-13 04:30:21,157
TXN00007851,FAN_SIM_7850,MATCH003,1,0,FAILED,FILE_LOCK,2026-07-13 04:30:21,157
TXN00007896,FAN_SIM_7895,MATCH003,1,0,FAILED,FILE_LOCK,2026-07-13 04:30:21,116
TXN00007758,FAN_SIM_7757,MATCH003,1,500000,FAILED,FILE_LOCK,2026-07-13 04:30:21,384
TXN00007903,FAN_SIM_7902,MATCH003,1,0,FAILED,FILE_LOCK,2026-07-13 04:30:21,114
TXN00007784,FAN_SIM_7783,MATCH003,1,500000,FAILED,FILE_LOCK,2026-07-13 04:30:21,375
TXN00007905,FAN_SIM_7904,MATCH003,1,0,FAILED,FILE_LOCK,2026-07-13 04:30:21,113
TXN00007875,FAN_SIM_7874,MATCH003,1,0,FAILED,FILE_LOCK,2026-07-13 04:30:21,154
TXN00007917,FAN_SIM_7916,MATCH003,1,0,FAILED,FILE_LOCK,2026-07-13 04:30:21,2
TXN00007866,FAN_SIM_7865,MATCH003,1,0,FAILED,FILE_LOCK,2026-07-13 04:30:21,155
TXN00007858,FAN_SIM_7857,MATCH003,1,0,FAILED,FILE_LOCK,2026-07-13 04:30:21,158
TXN00007860,FAN_SIM_7859,MATCH003,1,0,FAILED,FILE_LOCK,2026-07-13 04:30:21,159
TXN00007856,FAN_SIM_7855,MATCH003,1,0,FAILED,FILE_LOCK,2026-07-13 04:30:21,159
TXN00007849,FAN_SIM_7848,MATCH003,1,0,FAILED,FILE_LOCK,2026-07-13 04:30:21,159
TXN00007915,FAN_SIM_7914,MATCH003,1,0,FAILED,FILE_LOCK,2026-07-13 04:30:21,3
TXN00007878,FAN_SIM_7877,MATCH003,1,0,FAILED,FILE_LOCK,2026-07-13 04:30:21,154
TXN00007897,FAN_SIM_7896,MATCH003,1,0,FAILED,FILE_LOCK,2026-07-13 04:30:21,116
TXN00007916,FAN_SIM_7915,MATCH003,1,0,FAILED,FILE_LOCK,2026-07-13 04:30:21,3
TXN00007874,FAN_SIM_7873,MATCH003,1,0,FAILED,FILE_LOCK,2026-07-13 04:30:21,154
TXN00007913,FAN_SIM_7912,MATCH003,1,0,FAILED,FILE_LOCK,2026-07-13 04:30:21,3
TXN00007873,FAN_SIM_7872,MATCH003,1,0,FAILED,FILE_LOCK,2026-07-13 04:30:21,154
TXN00007898,FAN_SIM_7897,MATCH003,1,0,FAILED,FILE_LOCK,2026-07-13 04:30:21,115
TXN00007857,FAN_SIM_7856,MATCH003,1,0,FAILED,FILE_LOCK,2026-07-13 04:30:21,159
TXN00007885,FAN_SIM_7884,MATCH003,1,0,FAILED,FILE_LOCK,2026-07-13 04:30:21,154
TXN00007899,FAN_SIM_7898,MATCH003,1,0,FAILED,FILE_LOCK,2026-07-13 04:30:21,114
TXN00007862,FAN_SIM_7861,MATCH003,1,0,FAILED,FILE_LOCK,2026-07-13 04:30:21,155
TXN00007863,FAN_SIM_7862,MATCH003,1,0,FAILED,FILE_LOCK,2026-07-13 04:30:21,155
TXN00007910,FAN_SIM_7909,MATCH003,1,0,FAILED,FILE_LOCK,2026-07-13 04:30:21,5
TXN00007847,FAN_SIM_7846,MATCH003,1,0,FAILED,FILE_LOCK,2026-07-13 04:30:21,160
TXN00007890,FAN_SIM_7889,MATCH003,1,0,FAILED,FILE_LOCK,2026-07-13 04:30:21,153
TXN00007870,FAN_SIM_7869,MATCH003,1,0,FAILED,FILE_LOCK,2026-07-13 04:30:21,155
TXN00007859,FAN_SIM_7858,MATCH003,1,0,FAILED,FILE_LOCK,2026-07-13 04:30:21,158
TXN00007900,FAN_SIM_7899,MATCH003,1,0,FAILED,FILE_LOCK,2026-07-13 04:30:21,114
TXN00007914,FAN_SIM_7913,MATCH003,1,0,FAILED,FILE_LOCK,2026-07-13 04:30:21,3
TXN00007912,FAN_SIM_7911,MATCH003,1,0,FAILED,FILE_LOCK,2026-07-13 04:30:21,3
TXN00007911,FAN_SIM_7910,MATCH003,1,0,FAILED,FILE_LOCK,2026-07-13 04:30:21,4
TXN00007936,FAN_SIM_7935,MATCH003,1,0,FAILED,FILE_LOCK,2026-07-13 04:30:21,104
TXN00007923,FAN_SIM_7922,MATCH003,1,0,FAILED,FILE_LOCK,2026-07-13 04:30:21,113
TXN00007944,FAN_SIM_7943,MATCH003,1,0,FAILED,FILE_LOCK,2026-07-13 04:30:21,103
TXN00007919,FAN_SIM_7918,MATCH003,1,0,FAILED,FILE_LOCK,2026-07-13 04:30:21,116
TXN00007926,FAN_SIM_7925,MATCH003,1,0,FAILED,FILE_LOCK,2026-07-13 04:30:21,111
TXN00007963,FAN_SIM_7962,MATCH003,1,0,FAILED,FILE_LOCK,2026-07-13 04:30:21,101
TXN00007966,FAN_SIM_7965,MATCH003,1,0,FAILED,FILE_LOCK,2026-07-13 04:30:21,101
TXN00007960,FAN_SIM_7959,MATCH003,1,0,FAILED,FILE_LOCK,2026-07-13 04:30:21,101
TXN00007962,FAN_SIM_7961,MATCH003,1,0,FAILED,FILE_LOCK,2026-07-13 04:30:21,101
TXN00007922,FAN_SIM_7921,MATCH003,1,0,FAILED,FILE_LOCK,2026-07-13 04:30:21,114
TXN00007921,FAN_SIM_7920,MATCH003,1,0,FAILED,FILE_LOCK,2026-07-13 04:30:21,114
TXN00007931,FAN_SIM_7930,MATCH003,1,0,FAILED,FILE_LOCK,2026-07-13 04:30:21,105
TXN00007924,FAN_SIM_7923,MATCH003,1,0,FAILED,FILE_LOCK,2026-07-13 04:30:21,112
TXN00007933,FAN_SIM_7932,MATCH003,1,0,FAILED,FILE_LOCK,2026-07-13 04:30:21,104
TXN00007925,FAN_SIM_7924,MATCH003,1,0,FAILED,FILE_LOCK,2026-07-13 04:30:21,112
TXN00007928,FAN_SIM_7927,MATCH003,1,0,FAILED,FILE_LOCK,2026-07-13 04:30:21,109
TXN00007920,FAN_SIM_7919,MATCH003,1,0,FAILED,FILE_LOCK,2026-07-13 04:30:21,114
TXN00007934,FAN_SIM_7933,MATCH003,1,0,FAILED,FILE_LOCK,2026-07-13 04:30:21,104
TXN00007938,FAN_SIM_7937,MATCH003,1,0,FAILED,FILE_LOCK,2026-07-13 04:30:21,107
TXN00007918,FAN_SIM_7917,MATCH003,1,500000,FAILED,FILE_LOCK,2026-07-13 04:30:21,138
TXN00007964,FAN_SIM_7963,MATCH003,1,0,FAILED,FILE_LOCK,2026-07-13 04:30:21,102
TXN00007968,FAN_SIM_7967,MATCH003,1,0,FAILED,FILE_LOCK,2026-07-13 04:30:21,232
TXN00007976,FAN_SIM_7975,MATCH003,1,0,FAILED,FILE_LOCK,2026-07-13 04:30:21,233
TXN00007973,FAN_SIM_7972,MATCH003,1,0,FAILED,FILE_LOCK,2026-07-13 04:30:21,233
TXN00007942,FAN_SIM_7941,MATCH003,1,0,FAILED,FILE_LOCK,2026-07-13 04:30:21,237
TXN00007992,FAN_SIM_7991,MATCH003,1,0,FAILED,FILE_LOCK,2026-07-13 04:30:21,5
TXN00007971,FAN_SIM_7970,MATCH003,1,0,FAILED,FILE_LOCK,2026-07-13 04:30:21,235
TXN00007982,FAN_SIM_7981,MATCH003,1,0,FAILED,FILE_LOCK,2026-07-13 04:30:21,133
TXN00007930,FAN_SIM_7929,MATCH003,1,500000,FAILED,FILE_LOCK,2026-07-13 04:30:21,239
TXN00008002,FAN_SIM_8001,MATCH003,1,0,FAILED,FILE_LOCK,2026-07-13 04:30:21,3
TXN00007927,FAN_SIM_7926,MATCH003,1,500000,FAILED,FILE_LOCK,2026-07-13 04:30:21,246
TXN00007929,FAN_SIM_7928,MATCH003,1,500000,FAILED,FILE_LOCK,2026-07-13 04:30:21,242
TXN00008011,FAN_SIM_8010,MATCH003,1,0,FAILED,FILE_LOCK,2026-07-13 04:30:21,0
TXN00008010,FAN_SIM_8009,MATCH003,1,0,FAILED,FILE_LOCK,2026-07-13 04:30:21,0
TXN00008012,FAN_SIM_8011,MATCH003,1,0,FAILED,FILE_LOCK,2026-07-13 04:30:21,1
TXN00007961,FAN_SIM_7960,MATCH003,1,0,FAILED,FILE_LOCK,2026-07-13 04:30:21,235
TXN00007996,FAN_SIM_7995,MATCH003,1,0,FAILED,FILE_LOCK,2026-07-13 04:30:21,5
TXN00007975,FAN_SIM_7974,MATCH003,1,0,FAILED,FILE_LOCK,2026-07-13 04:30:21,250
TXN00007978,FAN_SIM_7977,MATCH003,1,0,FAILED,FILE_LOCK,2026-07-13 04:30:21,232
TXN00007998,FAN_SIM_7997,MATCH003,1,0,FAILED,FILE_LOCK,2026-07-13 04:30:21,22
TXN00007935,FAN_SIM_7934,MATCH003,1,0,FAILED,FILE_LOCK,2026-07-13 04:30:21,255
TXN00007990,FAN_SIM_7989,MATCH003,1,0,FAILED,FILE_LOCK,2026-07-13 04:30:21,22
TXN00007981,FAN_SIM_7980,MATCH003,1,0,FAILED,FILE_LOCK,2026-07-13 04:30:21,232
TXN00008001,FAN_SIM_8000,MATCH003,1,0,FAILED,FILE_LOCK,2026-07-13 04:30:21,21
TXN00007967,FAN_SIM_7966,MATCH003,1,0,FAILED,FILE_LOCK,2026-07-13 04:30:21,253
TXN00007955,FAN_SIM_7954,MATCH003,1,0,FAILED,FILE_LOCK,2026-07-13 04:30:21,253
TXN00007980,FAN_SIM_7979,MATCH003,1,0,FAILED,FILE_LOCK,2026-07-13 04:30:21,233
TXN00007991,FAN_SIM_7990,MATCH003,1,0,FAILED,FILE_LOCK,2026-07-13 04:30:21,23
TXN00007970,FAN_SIM_7969,MATCH003,1,0,FAILED,FILE_LOCK,2026-07-13 04:30:21,253
TXN00007946,FAN_SIM_7945,MATCH003,1,0,FAILED,FILE_LOCK,2026-07-13 04:30:21,255
TXN00007977,FAN_SIM_7976,MATCH003,1,0,FAILED,FILE_LOCK,2026-07-13 04:30:21,252
TXN00007983,FAN_SIM_7982,MATCH003,1,0,FAILED,FILE_LOCK,2026-07-13 04:30:21,151
TXN00007947,FAN_SIM_7946,MATCH003,1,0,FAILED,FILE_LOCK,2026-07-13 04:30:21,254
TXN00008014,FAN_SIM_8013,MATCH003,1,0,FAILED,FILE_LOCK,2026-07-13 04:30:21,14
TXN00007969,FAN_SIM_7968,MATCH003,1,0,FAILED,FILE_LOCK,2026-07-13 04:30:21,253
TXN00007939,FAN_SIM_7938,MATCH003,1,0,FAILED,FILE_LOCK,2026-07-13 04:30:21,255
TXN00007952,FAN_SIM_7951,MATCH003,1,0,FAILED,FILE_LOCK,2026-07-13 04:30:21,255
TXN00007958,FAN_SIM_7957,MATCH003,1,0,FAILED,FILE_LOCK,2026-07-13 04:30:21,255
TXN00007984,FAN_SIM_7983,MATCH003,1,0,FAILED,FILE_LOCK,2026-07-13 04:30:21,101
TXN00007979,FAN_SIM_7978,MATCH003,1,0,FAILED,FILE_LOCK,2026-07-13 04:30:21,235
TXN00007993,FAN_SIM_7993,MATCH003,1,0,FAILED,FILE_LOCK,2026-07-13 04:30:21,24
TXN00007954,FAN_SIM_7953,MATCH003,1,0,FAILED,FILE_LOCK,2026-07-13 04:30:21,255
TXN00007965,FAN_SIM_7964,MATCH003,1,0,FAILED,FILE_LOCK,2026-07-13 04:30:21,254
TXN00007937,FAN_SIM_7936,MATCH003,1,500000,FAILED,FILE_LOCK,2026-07-13 04:30:21,259
TXN00007943,FAN_SIM_7942,MATCH003,1,0,FAILED,FILE_LOCK,2026-07-13 04:30:21,256
TXN00007945,FAN_SIM_7944,MATCH003,1,0,FAILED,FILE_LOCK,2026-07-13 04:30:21,256
TXN00007986,FAN_SIM_7985,MATCH003,1,0,FAILED,FILE_LOCK,2026-07-13 04:30:21,24
TXN00008015,FAN_SIM_8014,MATCH003,1,0,FAILED,FILE_LOCK,2026-07-13 04:30:21,3
TXN00007940,FAN_SIM_7939,MATCH003,1,0,FAILED,FILE_LOCK,2026-07-13 04:30:21,256
TXN00008008,FAN_SIM_8007,MATCH003,1,0,FAILED,FILE_LOCK,2026-07-13 04:30:21,20
TXN00007959,FAN_SIM_7958,MATCH003,1,0,FAILED,FILE_LOCK,2026-07-13 04:30:21,256
TXN00007953,FAN_SIM_7952,MATCH003,1,0,FAILED,FILE_LOCK,2026-07-13 04:30:21,255
TXN00007994,FAN_SIM_7992,MATCH003,1,0,FAILED,FILE_LOCK,2026-07-13 04:30:21,26
TXN00007987,FAN_SIM_7986,MATCH003,1,0,FAILED,FILE_LOCK,2026-07-13 04:30:21,26
TXN00008017,FAN_SIM_8016,MATCH003,1,0,FAILED,FILE_LOCK,2026-07-13 04:30:21,2
TXN00007995,FAN_SIM_7994,MATCH003,1,0,FAILED,FILE_LOCK,2026-07-13 04:30:21,27
TXN00008013,FAN_SIM_8012,MATCH003,1,0,FAILED,FILE_LOCK,2026-07-13 04:30:21,18
TXN00008005,FAN_SIM_8004,MATCH003,1,0,FAILED,FILE_LOCK,2026-07-13 04:30:21,20
TXN00007957,FAN_SIM_7956,MATCH003,1,0,FAILED,FILE_LOCK,2026-07-13 04:30:21,256
TXN00008000,FAN_SIM_7999,MATCH003,1,0,FAILED,FILE_LOCK,2026-07-13 04:30:21,26
TXN00007956,FAN_SIM_7955,MATCH003,1,0,FAILED,FILE_LOCK,2026-07-13 04:30:21,257
TXN00008003,FAN_SIM_8002,MATCH003,1,0,FAILED,FILE_LOCK,2026-07-13 04:30:21,22
TXN00007951,FAN_SIM_7950,MATCH003,1,0,FAILED,FILE_LOCK,2026-07-13 04:30:21,256
TXN00007988,FAN_SIM_7988,MATCH003,1,0,FAILED,FILE_LOCK,2026-07-13 04:30:21,26
TXN00007999,FAN_SIM_7998,MATCH003,1,0,FAILED,FILE_LOCK,2026-07-13 04:30:21,25
TXN00007989,FAN_SIM_7987,MATCH003,1,0,FAILED,FILE_LOCK,2026-07-13 04:30:21,26
TXN00008007,FAN_SIM_8006,MATCH003,1,0,FAILED,FILE_LOCK,2026-07-13 04:30:21,19
TXN00007985,FAN_SIM_7984,MATCH003,1,0,FAILED,FILE_LOCK,2026-07-13 04:30:21,71
TXN00007997,FAN_SIM_7996,MATCH003,1,0,FAILED,FILE_LOCK,2026-07-13 04:30:21,27
TXN00008009,FAN_SIM_8008,MATCH003,1,0,FAILED,FILE_LOCK,2026-07-13 04:30:21,18
TXN00007974,FAN_SIM_7973,MATCH003,1,0,FAILED,FILE_LOCK,2026-07-13 04:30:21,255
TXN00007950,FAN_SIM_7949,MATCH003,1,0,FAILED,FILE_LOCK,2026-07-13 04:30:21,256
TXN00007948,FAN_SIM_7947,MATCH003,1,0,FAILED,FILE_LOCK,2026-07-13 04:30:21,256
TXN00007941,FAN_SIM_7940,MATCH003,1,0,FAILED,FILE_LOCK,2026-07-13 04:30:21,257
TXN00008016,FAN_SIM_8015,MATCH003,1,0,FAILED,FILE_LOCK,2026-07-13 04:30:21,2
TXN00008004,FAN_SIM_8003,MATCH003,1,0,FAILED,FILE_LOCK,2026-07-13 04:30:21,20
TXN00007972,FAN_SIM_7971,MATCH003,1,0,FAILED,FILE_LOCK,2026-07-13 04:30:21,254
TXN00007932,FAN_SIM_7931,MATCH003,1,0,FAILED,FILE_LOCK,2026-07-13 04:30:21,258
TXN00007949,FAN_SIM_7948,MATCH003,1,0,FAILED,FILE_LOCK,2026-07-13 04:30:21,255
TXN00008006,FAN_SIM_8005,MATCH003,1,0,FAILED,FILE_LOCK,2026-07-13 04:30:21,19
TXN00008051,FAN_SIM_8050,MATCH003,1,0,FAILED,FILE_LOCK,2026-07-13 04:30:21,158
TXN00008042,FAN_SIM_8041,MATCH003,1,0,FAILED,FILE_LOCK,2026-07-13 04:30:21,159
TXN00008018,FAN_SIM_8017,MATCH003,1,0,FAILED,FILE_LOCK,2026-07-13 04:30:21,175
TXN00008050,FAN_SIM_8049,MATCH003,1,0,FAILED,FILE_LOCK,2026-07-13 04:30:21,158
TXN00008020,FAN_SIM_8019,MATCH003,1,0,FAILED,FILE_LOCK,2026-07-13 04:30:21,172
TXN00008024,FAN_SIM_8023,MATCH003,1,0,FAILED,FILE_LOCK,2026-07-13 04:30:21,170
TXN00008044,FAN_SIM_8043,MATCH003,1,0,FAILED,FILE_LOCK,2026-07-13 04:30:21,160
TXN00008069,FAN_SIM_8068,MATCH003,1,0,FAILED,FILE_LOCK,2026-07-13 04:30:21,157
TXN00008021,FAN_SIM_8020,MATCH003,1,0,FAILED,FILE_LOCK,2026-07-13 04:30:21,173
TXN00008053,FAN_SIM_8052,MATCH003,1,0,FAILED,FILE_LOCK,2026-07-13 04:30:21,159
TXN00008019,FAN_SIM_8018,MATCH003,1,0,FAILED,FILE_LOCK,2026-07-13 04:30:21,174
TXN00008022,FAN_SIM_8021,MATCH003,1,0,FAILED,FILE_LOCK,2026-07-13 04:30:21,173
TXN00008071,FAN_SIM_8070,MATCH003,1,0,FAILED,FILE_LOCK,2026-07-13 04:30:21,157
TXN00008075,FAN_SIM_8074,MATCH003,1,0,FAILED,FILE_LOCK,2026-07-13 04:30:21,157
TXN00008026,FAN_SIM_8025,MATCH003,1,0,FAILED,FILE_LOCK,2026-07-13 04:30:21,171
TXN00008034,FAN_SIM_8033,MATCH003,1,0,FAILED,FILE_LOCK,2026-07-13 04:30:21,162
TXN00008028,FAN_SIM_8027,MATCH003,1,0,FAILED,FILE_LOCK,2026-07-13 04:30:21,171
TXN00008052,FAN_SIM_8051,MATCH003,1,0,FAILED,FILE_LOCK,2026-07-13 04:30:21,159
TXN00008073,FAN_SIM_8072,MATCH003,1,0,FAILED,FILE_LOCK,2026-07-13 04:30:21,156
TXN00008055,FAN_SIM_8055,MATCH003,1,0,FAILED,FILE_LOCK,2026-07-13 04:30:21,158
TXN00008057,FAN_SIM_8054,MATCH003,1,0,FAILED,FILE_LOCK,2026-07-13 04:30:21,158
TXN00008056,FAN_SIM_8056,MATCH003,1,0,FAILED,FILE_LOCK,2026-07-13 04:30:21,158
TXN00008029,FAN_SIM_8028,MATCH003,1,0,FAILED,FILE_LOCK,2026-07-13 04:30:21,169
TXN00008035,FAN_SIM_8034,MATCH003,1,0,FAILED,FILE_LOCK,2026-07-13 04:30:21,162
TXN00008070,FAN_SIM_8069,MATCH003,1,0,FAILED,FILE_LOCK,2026-07-13 04:30:21,158
TXN00008025,FAN_SIM_8024,MATCH003,1,0,FAILED,FILE_LOCK,2026-07-13 04:30:21,171
TXN00008059,FAN_SIM_8058,MATCH003,1,0,FAILED,FILE_LOCK,2026-07-13 04:30:21,158
TXN00008080,FAN_SIM_8079,MATCH003,1,0,FAILED,FILE_LOCK,2026-07-13 04:30:21,243
TXN00008045,FAN_SIM_8044,MATCH003,1,0,FAILED,FILE_LOCK,2026-07-13 04:30:21,160
TXN00008030,FAN_SIM_8029,MATCH003,1,0,FAILED,FILE_LOCK,2026-07-13 04:30:21,166
TXN00008023,FAN_SIM_8022,MATCH003,1,500000,FAILED,FILE_LOCK,2026-07-13 04:30:22,379
TXN00008102,FAN_SIM_8101,MATCH003,1,0,FAILED,FILE_LOCK,2026-07-13 04:30:22,201
TXN00008047,FAN_SIM_8046,MATCH003,1,0,FAILED,FILE_LOCK,2026-07-13 04:30:22,368
TXN00008104,FAN_SIM_8103,MATCH003,1,0,FAILED,FILE_LOCK,2026-07-13 04:30:22,201
TXN00008031,FAN_SIM_8030,MATCH003,1,0,FAILED,FILE_LOCK,2026-07-13 04:30:22,373
TXN00008106,FAN_SIM_8105,MATCH003,1,0,FAILED,FILE_LOCK,2026-07-13 04:30:22,201
TXN00008108,FAN_SIM_8107,MATCH003,1,0,FAILED,FILE_LOCK,2026-07-13 04:30:22,200
TXN00008105,FAN_SIM_8104,MATCH003,1,0,FAILED,FILE_LOCK,2026-07-13 04:30:22,201
TXN00008036,FAN_SIM_8035,MATCH003,1,0,FAILED,FILE_LOCK,2026-07-13 04:30:22,369
TXN00008103,FAN_SIM_8102,MATCH003,1,0,FAILED,FILE_LOCK,2026-07-13 04:30:22,202
TXN00008065,FAN_SIM_8064,MATCH003,1,0,FAILED,FILE_LOCK,2026-07-13 04:30:22,365
TXN00008032,FAN_SIM_8031,MATCH003,1,0,FAILED,FILE_LOCK,2026-07-13 04:30:22,373
TXN00008033,FAN_SIM_8032,MATCH003,1,0,FAILED,FILE_LOCK,2026-07-13 04:30:22,372
TXN00008037,FAN_SIM_8036,MATCH003,1,0,FAILED,FILE_LOCK,2026-07-13 04:30:22,369
TXN00008076,FAN_SIM_8075,MATCH003,1,0,FAILED,FILE_LOCK,2026-07-13 04:30:22,464
TXN00008112,FAN_SIM_8111,MATCH003,1,0,FAILED,FILE_LOCK,2026-07-13 04:30:22,140
TXN00008061,FAN_SIM_8060,MATCH003,1,0,FAILED,FILE_LOCK,2026-07-13 04:30:22,506
TXN00008121,FAN_SIM_8120,MATCH003,1,0,FAILED,FILE_LOCK,2026-07-13 04:30:22,137
TXN00008120,FAN_SIM_8118,MATCH003,1,0,FAILED,FILE_LOCK,2026-07-13 04:30:22,138
TXN00008123,FAN_SIM_8122,MATCH003,1,0,FAILED,FILE_LOCK,2026-07-13 04:30:22,138
TXN00008040,FAN_SIM_8040,MATCH003,1,0,FAILED,FILE_LOCK,2026-07-13 04:30:22,508
TXN00008113,FAN_SIM_8112,MATCH003,1,0,FAILED,FILE_LOCK,2026-07-13 04:30:22,139
TXN00008125,FAN_SIM_8124,MATCH003,1,0,FAILED,FILE_LOCK,2026-07-13 04:30:22,108
TXN00008117,FAN_SIM_8116,MATCH003,1,0,FAILED,FILE_LOCK,2026-07-13 04:30:22,138
TXN00008110,FAN_SIM_8109,MATCH003,1,0,FAILED,FILE_LOCK,2026-07-13 04:30:22,209
TXN00008082,FAN_SIM_8081,MATCH003,1,0,FAILED,FILE_LOCK,2026-07-13 04:30:22,349
TXN00008101,FAN_SIM_8100,MATCH003,1,0,FAILED,FILE_LOCK,2026-07-13 04:30:22,302
TXN00008086,FAN_SIM_8085,MATCH003,1,0,FAILED,FILE_LOCK,2026-07-13 04:30:22,344
TXN00008048,FAN_SIM_8047,MATCH003,1,500000,FAILED,FILE_LOCK,2026-07-13 04:30:22,567
TXN00008116,FAN_SIM_8115,MATCH003,1,0,FAILED,FILE_LOCK,2026-07-13 04:30:22,241
TXN00008099,FAN_SIM_8099,MATCH003,1,0,FAILED,FILE_LOCK,2026-07-13 04:30:22,444
TXN00008077,FAN_SIM_8076,MATCH003,1,0,FAILED,FILE_LOCK,2026-07-13 04:30:22,607
TXN00008114,FAN_SIM_8113,MATCH003,1,0,FAILED,FILE_LOCK,2026-07-13 04:30:22,241
TXN00008088,FAN_SIM_8087,MATCH003,1,0,FAILED,FILE_LOCK,2026-07-13 04:30:22,446
TXN00008115,FAN_SIM_8114,MATCH003,1,0,FAILED,FILE_LOCK,2026-07-13 04:30:22,242
TXN00008060,FAN_SIM_8059,MATCH003,1,0,FAILED,FILE_LOCK,2026-07-13 04:30:22,610
TXN00008130,FAN_SIM_8129,MATCH003,1,0,FAILED,FILE_LOCK,2026-07-13 04:30:22,101
TXN00008096,FAN_SIM_8095,MATCH003,1,0,FAILED,FILE_LOCK,2026-07-13 04:30:22,446
TXN00008038,FAN_SIM_8037,MATCH003,1,0,FAILED,FILE_LOCK,2026-07-13 04:30:22,612
TXN00008074,FAN_SIM_8073,MATCH003,1,0,FAILED,FILE_LOCK,2026-07-13 04:30:22,608
TXN00008122,FAN_SIM_8121,MATCH003,1,0,FAILED,FILE_LOCK,2026-07-13 04:30:22,241
TXN00008132,FAN_SIM_8131,MATCH003,1,0,FAILED,FILE_LOCK,2026-07-13 04:30:22,101
TXN00008092,FAN_SIM_8091,MATCH003,1,0,FAILED,FILE_LOCK,2026-07-13 04:30:22,446
TXN00008139,FAN_SIM_8138,MATCH003,1,0,FAILED,FILE_LOCK,2026-07-13 04:30:22,1
TXN00008140,FAN_SIM_8139,MATCH003,1,0,FAILED,FILE_LOCK,2026-07-13 04:30:22,2
TXN00008128,FAN_SIM_8127,MATCH003,1,0,FAILED,FILE_LOCK,2026-07-13 04:30:22,103
TXN00008118,FAN_SIM_8117,MATCH003,1,0,FAILED,FILE_LOCK,2026-07-13 04:30:22,243
TXN00008134,FAN_SIM_8133,MATCH003,1,0,FAILED,FILE_LOCK,2026-07-13 04:30:22,100
TXN00008158,FAN_SIM_8157,MATCH003,1,0,FAILED,FILE_LOCK,2026-07-13 04:30:22,37
TXN00008126,FAN_SIM_8125,MATCH003,1,0,FAILED,FILE_LOCK,2026-07-13 04:30:22,146
TXN00008093,FAN_SIM_8092,MATCH003,1,0,FAILED,FILE_LOCK,2026-07-13 04:30:22,445
TXN00008100,FAN_SIM_8098,MATCH003,1,0,FAILED,FILE_LOCK,2026-07-13 04:30:22,445
TXN00008119,FAN_SIM_8119,MATCH003,1,0,FAILED,FILE_LOCK,2026-07-13 04:30:22,243
TXN00008148,FAN_SIM_8147,MATCH003,1,0,FAILED,FILE_LOCK,2026-07-13 04:30:22,130
TXN00008159,FAN_SIM_8158,MATCH003,1,0,FAILED,FILE_LOCK,2026-07-13 04:30:22,119
TXN00008111,FAN_SIM_8110,MATCH003,1,0,FAILED,FILE_LOCK,2026-07-13 04:30:22,514
TXN00008146,FAN_SIM_8145,MATCH003,1,0,FAILED,FILE_LOCK,2026-07-13 04:30:22,130
TXN00008097,FAN_SIM_8096,MATCH003,1,0,FAILED,FILE_LOCK,2026-07-13 04:30:22,613
TXN00008083,FAN_SIM_8082,MATCH003,1,0,FAILED,FILE_LOCK,2026-07-13 04:30:22,582
TXN00008138,FAN_SIM_8137,MATCH003,1,0,FAILED,FILE_LOCK,2026-07-13 04:30:22,233
TXN00008063,FAN_SIM_8062,MATCH003,1,0,FAILED,FILE_LOCK,2026-07-13 04:30:22,764
TXN00008131,FAN_SIM_8130,MATCH003,1,0,FAILED,FILE_LOCK,2026-07-13 04:30:22,268
TXN00008155,FAN_SIM_8154,MATCH003,1,0,FAILED,FILE_LOCK,2026-07-13 04:30:22,160
TXN00008141,FAN_SIM_8140,MATCH003,1,0,FAILED,FILE_LOCK,2026-07-13 04:30:22,169
TXN00008149,FAN_SIM_8148,MATCH003,1,0,FAILED,FILE_LOCK,2026-07-13 04:30:22,164
TXN00008145,FAN_SIM_8144,MATCH003,1,0,FAILED,FILE_LOCK,2026-07-13 04:30:22,167
TXN00008089,FAN_SIM_8088,MATCH003,1,0,FAILED,FILE_LOCK,2026-07-13 04:30:22,614
TXN00008152,FAN_SIM_8151,MATCH003,1,0,FAILED,FILE_LOCK,2026-07-13 04:30:22,163
TXN00008147,FAN_SIM_8146,MATCH003,1,0,FAILED,FILE_LOCK,2026-07-13 04:30:22,165
TXN00008068,FAN_SIM_8067,MATCH003,1,0,FAILED,FILE_LOCK,2026-07-13 04:30:22,777
TXN00008136,FAN_SIM_8135,MATCH003,1,0,FAILED,FILE_LOCK,2026-07-13 04:30:22,268
TXN00008156,FAN_SIM_8155,MATCH003,1,0,FAILED,FILE_LOCK,2026-07-13 04:30:22,162
TXN00008079,FAN_SIM_8078,MATCH003,1,500000,FAILED,FILE_LOCK,2026-07-13 04:30:22,738
TXN00008150,FAN_SIM_8149,MATCH003,1,0,FAILED,FILE_LOCK,2026-07-13 04:30:22,165
TXN00008154,FAN_SIM_8153,MATCH003,1,0,FAILED,FILE_LOCK,2026-07-13 04:30:22,163
TXN00008142,FAN_SIM_8141,MATCH003,1,0,FAILED,FILE_LOCK,2026-07-13 04:30:22,168
TXN00008137,FAN_SIM_8136,MATCH003,1,0,FAILED,FILE_LOCK,2026-07-13 04:30:22,269
TXN00008094,FAN_SIM_8093,MATCH003,1,0,FAILED,FILE_LOCK,2026-07-13 04:30:22,615
TXN00008127,FAN_SIM_8126,MATCH003,1,0,FAILED,FILE_LOCK,2026-07-13 04:30:22,272
TXN00008157,FAN_SIM_8156,MATCH003,1,0,FAILED,FILE_LOCK,2026-07-13 04:30:22,163
TXN00008160,FAN_SIM_8159,MATCH003,1,0,FAILED,FILE_LOCK,2026-07-13 04:30:22,88
TXN00008095,FAN_SIM_8094,MATCH003,1,0,FAILED,FILE_LOCK,2026-07-13 04:30:22,615
TXN00008039,FAN_SIM_8038,MATCH003,1,0,FAILED,FILE_LOCK,2026-07-13 04:30:22,780
TXN00008124,FAN_SIM_8123,MATCH003,1,0,FAILED,FILE_LOCK,2026-07-13 04:30:22,380
TXN00008098,FAN_SIM_8097,MATCH003,1,0,FAILED,FILE_LOCK,2026-07-13 04:30:22,614
TXN00008054,FAN_SIM_8053,MATCH003,1,0,FAILED,FILE_LOCK,2026-07-13 04:30:22,744
TXN00008133,FAN_SIM_8132,MATCH003,1,0,FAILED,FILE_LOCK,2026-07-13 04:30:22,268
TXN00008129,FAN_SIM_8128,MATCH003,1,0,FAILED,FILE_LOCK,2026-07-13 04:30:22,235
TXN00008164,FAN_SIM_8163,MATCH003,1,0,FAILED,FILE_LOCK,2026-07-13 04:30:22,2
TXN00008153,FAN_SIM_8152,MATCH003,1,0,FAILED,FILE_LOCK,2026-07-13 04:30:22,130
TXN00008163,FAN_SIM_8162,MATCH003,1,0,FAILED,FILE_LOCK,2026-07-13 04:30:22,1
TXN00008162,FAN_SIM_8161,MATCH003,1,0,FAILED,FILE_LOCK,2026-07-13 04:30:22,46
TXN00008165,FAN_SIM_8164,MATCH003,1,0,FAILED,FILE_LOCK,2026-07-13 04:30:22,1
TXN00008161,FAN_SIM_8160,MATCH003,1,0,FAILED,FILE_LOCK,2026-07-13 04:30:22,57
TXN00008081,FAN_SIM_8080,MATCH003,1,500000,FAILED,FILE_LOCK,2026-07-13 04:30:22,778
TXN00008166,FAN_SIM_8165,MATCH003,1,0,FAILED,FILE_LOCK,2026-07-13 04:30:22,2
TXN00008058,FAN_SIM_8057,MATCH003,1,500000,FAILED,FILE_LOCK,2026-07-13 04:30:22,784
TXN00008072,FAN_SIM_8071,MATCH003,1,0,FAILED,FILE_LOCK,2026-07-13 04:30:22,742
TXN00008043,FAN_SIM_8042,MATCH003,1,500000,FAILED,FILE_LOCK,2026-07-13 04:30:22,785
TXN00008169,FAN_SIM_8168,MATCH003,1,0,FAILED,FILE_LOCK,2026-07-13 04:30:22,0
TXN00008144,FAN_SIM_8143,MATCH003,1,500000,FAILED,FILE_LOCK,2026-07-13 04:30:22,172
TXN00008168,FAN_SIM_8167,MATCH003,1,0,FAILED,FILE_LOCK,2026-07-13 04:30:22,1
TXN00008062,FAN_SIM_8061,MATCH003,1,500000,FAILED,FILE_LOCK,2026-07-13 04:30:22,782
TXN00008167,FAN_SIM_8166,MATCH003,1,0,FAILED,FILE_LOCK,2026-07-13 04:30:22,2
TXN00008066,FAN_SIM_8065,MATCH003,1,500000,FAILED,FILE_LOCK,2026-07-13 04:30:22,783
TXN00008027,FAN_SIM_8026,MATCH003,1,500000,FAILED,FILE_LOCK,2026-07-13 04:30:22,796
TXN00008078,FAN_SIM_8077,MATCH003,1,500000,FAILED,FILE_LOCK,2026-07-13 04:30:22,783
TXN00008049,FAN_SIM_8048,MATCH003,1,500000,FAILED,FILE_LOCK,2026-07-13 04:30:22,786
TXN00008046,FAN_SIM_8045,MATCH003,1,500000,FAILED,FILE_LOCK,2026-07-13 04:30:22,787
TXN00008087,FAN_SIM_8086,MATCH003,1,500000,FAILED,FILE_LOCK,2026-07-13 04:30:22,621
TXN00008107,FAN_SIM_8106,MATCH003,1,500000,FAILED,FILE_LOCK,2026-07-13 04:30:22,621
TXN00008067,FAN_SIM_8066,MATCH003,1,500000,FAILED,FILE_LOCK,2026-07-13 04:30:22,786
TXN00008091,FAN_SIM_8090,MATCH003,1,500000,FAILED,FILE_LOCK,2026-07-13 04:30:22,622
TXN00008090,FAN_SIM_8089,MATCH003,1,500000,FAILED,FILE_LOCK,2026-07-13 04:30:22,623
TXN00008084,FAN_SIM_8083,MATCH003,1,500000,FAILED,FILE_LOCK,2026-07-13 04:30:22,628
TXN00008109,FAN_SIM_8108,MATCH003,1,500000,FAILED,FILE_LOCK,2026-07-13 04:30:22,539
TXN00008151,FAN_SIM_8150,MATCH003,1,500000,FAILED,FILE_LOCK,2026-07-13 04:30:22,175
TXN00008135,FAN_SIM_8134,MATCH003,1,500000,FAILED,FILE_LOCK,2026-07-13 04:30:22,286
TXN00008085,FAN_SIM_8084,MATCH003,1,500000,FAILED,FILE_LOCK,2026-07-13 04:30:22,639
TXN00008041,FAN_SIM_8039,MATCH003,1,500000,FAILED,FILE_LOCK,2026-07-13 04:30:22,1040
TXN00008231,FAN_SIM_8230,MATCH003,1,0,FAILED,FILE_LOCK,2026-07-13 04:30:22,5
TXN00008230,FAN_SIM_8229,MATCH003,1,0,FAILED,FILE_LOCK,2026-07-13 04:30:22,241
TXN00008228,FAN_SIM_8227,MATCH003,1,0,FAILED,FILE_LOCK,2026-07-13 04:30:22,250
TXN00008218,FAN_SIM_8217,MATCH003,1,0,FAILED,FILE_LOCK,2026-07-13 04:30:22,251
TXN00008190,FAN_SIM_8189,MATCH003,1,0,FAILED,FILE_LOCK,2026-07-13 04:30:22,253
TXN00008225,FAN_SIM_8224,MATCH003,1,0,FAILED,FILE_LOCK,2026-07-13 04:30:22,251
TXN00008205,FAN_SIM_8204,MATCH003,1,0,FAILED,FILE_LOCK,2026-07-13 04:30:22,251
TXN00008221,FAN_SIM_8220,MATCH003,1,0,FAILED,FILE_LOCK,2026-07-13 04:30:22,251
TXN00008191,FAN_SIM_8190,MATCH003,1,0,FAILED,FILE_LOCK,2026-07-13 04:30:22,254
TXN00008223,FAN_SIM_8222,MATCH003,1,0,FAILED,FILE_LOCK,2026-07-13 04:30:22,252
TXN00008202,FAN_SIM_8201,MATCH003,1,0,FAILED,FILE_LOCK,2026-07-13 04:30:22,253
TXN00008208,FAN_SIM_8207,MATCH003,1,0,FAILED,FILE_LOCK,2026-07-13 04:30:22,252
TXN00008206,FAN_SIM_8205,MATCH003,1,0,FAILED,FILE_LOCK,2026-07-13 04:30:22,253
TXN00008197,FAN_SIM_8196,MATCH003,1,0,FAILED,FILE_LOCK,2026-07-13 04:30:22,253
TXN00008201,FAN_SIM_8200,MATCH003,1,0,FAILED,FILE_LOCK,2026-07-13 04:30:22,255
TXN00008199,FAN_SIM_8198,MATCH003,1,0,FAILED,FILE_LOCK,2026-07-13 04:30:22,255
TXN00008180,FAN_SIM_8179,MATCH003,1,0,FAILED,FILE_LOCK,2026-07-13 04:30:22,257
TXN00008214,FAN_SIM_8213,MATCH003,1,0,FAILED,FILE_LOCK,2026-07-13 04:30:22,254
TXN00008213,FAN_SIM_8212,MATCH003,1,0,FAILED,FILE_LOCK,2026-07-13 04:30:22,254
TXN00008216,FAN_SIM_8215,MATCH003,1,0,FAILED,FILE_LOCK,2026-07-13 04:30:22,253
TXN00008188,FAN_SIM_8187,MATCH003,1,0,FAILED,FILE_LOCK,2026-07-13 04:30:22,256
TXN00008215,FAN_SIM_8214,MATCH003,1,0,FAILED,FILE_LOCK,2026-07-13 04:30:22,254
TXN00008143,FAN_SIM_8142,MATCH003,1,500000,FAILED,FILE_LOCK,2026-07-13 04:30:22,437
TXN00008203,FAN_SIM_8202,MATCH003,1,0,FAILED,FILE_LOCK,2026-07-13 04:30:22,255
TXN00008211,FAN_SIM_8210,MATCH003,1,0,FAILED,FILE_LOCK,2026-07-13 04:30:22,254
TXN00008219,FAN_SIM_8218,MATCH003,1,0,FAILED,FILE_LOCK,2026-07-13 04:30:22,253
TXN00008175,FAN_SIM_8174,MATCH003,1,0,FAILED,FILE_LOCK,2026-07-13 04:30:22,258
TXN00008189,FAN_SIM_8188,MATCH003,1,0,FAILED,FILE_LOCK,2026-07-13 04:30:22,257
TXN00008064,FAN_SIM_8063,MATCH003,1,500000,FAILED,FILE_LOCK,2026-07-13 04:30:22,1047
TXN00008198,FAN_SIM_8197,MATCH003,1,0,FAILED,FILE_LOCK,2026-07-13 04:30:22,256
TXN00008181,FAN_SIM_8180,MATCH003,1,0,FAILED,FILE_LOCK,2026-07-13 04:30:22,258
TXN00008183,FAN_SIM_8183,MATCH003,1,500000,FAILED,FILE_LOCK,2026-07-13 04:30:22,258
TXN00008176,FAN_SIM_8175,MATCH003,1,0,FAILED,FILE_LOCK,2026-07-13 04:30:22,259
TXN00008184,FAN_SIM_8182,MATCH003,1,0,FAILED,FILE_LOCK,2026-07-13 04:30:22,258
TXN00008196,FAN_SIM_8195,MATCH003,1,0,FAILED,FILE_LOCK,2026-07-13 04:30:22,256
TXN00008207,FAN_SIM_8206,MATCH003,1,0,FAILED,FILE_LOCK,2026-07-13 04:30:22,255
TXN00008171,FAN_SIM_8170,MATCH003,1,0,FAILED,FILE_LOCK,2026-07-13 04:30:22,263
TXN00008187,FAN_SIM_8186,MATCH003,1,0,FAILED,FILE_LOCK,2026-07-13 04:30:22,258
TXN00008178,FAN_SIM_8177,MATCH003,1,500000,FAILED,FILE_LOCK,2026-07-13 04:30:22,262
TXN00008192,FAN_SIM_8191,MATCH003,1,0,FAILED,FILE_LOCK,2026-07-13 04:30:22,258
TXN00008172,FAN_SIM_8171,MATCH003,1,500000,FAILED,FILE_LOCK,2026-07-13 04:30:22,263
TXN00008212,FAN_SIM_8211,MATCH003,1,0,FAILED,FILE_LOCK,2026-07-13 04:30:22,256
TXN00008170,FAN_SIM_8169,MATCH003,1,500000,FAILED,FILE_LOCK,2026-07-13 04:30:22,264
TXN00008182,FAN_SIM_8181,MATCH003,1,0,FAILED,FILE_LOCK,2026-07-13 04:30:22,258
TXN00008222,FAN_SIM_8221,MATCH003,1,0,FAILED,FILE_LOCK,2026-07-13 04:30:22,254
TXN00008204,FAN_SIM_8203,MATCH003,1,0,FAILED,FILE_LOCK,2026-07-13 04:30:22,256
TXN00008234,FAN_SIM_8233,MATCH003,1,0,FAILED,FILE_LOCK,2026-07-13 04:30:22,0
TXN00008200,FAN_SIM_8199,MATCH003,1,0,FAILED,FILE_LOCK,2026-07-13 04:30:22,256
TXN00008174,FAN_SIM_8173,MATCH003,1,500000,FAILED,FILE_LOCK,2026-07-13 04:30:22,262
TXN00008209,FAN_SIM_8208,MATCH003,1,0,FAILED,FILE_LOCK,2026-07-13 04:30:22,256
TXN00008233,FAN_SIM_8232,MATCH003,1,0,FAILED,FILE_LOCK,2026-07-13 04:30:22,2
TXN00008217,FAN_SIM_8216,MATCH003,1,0,FAILED,FILE_LOCK,2026-07-13 04:30:22,255
TXN00008232,FAN_SIM_8231,MATCH003,1,0,FAILED,FILE_LOCK,2026-07-13 04:30:22,3
TXN00008227,FAN_SIM_8226,MATCH003,1,0,FAILED,FILE_LOCK,2026-07-13 04:30:22,255
TXN00008194,FAN_SIM_8193,MATCH003,1,0,FAILED,FILE_LOCK,2026-07-13 04:30:22,258
TXN00008195,FAN_SIM_8194,MATCH003,1,0,FAILED,FILE_LOCK,2026-07-13 04:30:22,257
TXN00008210,FAN_SIM_8209,MATCH003,1,0,FAILED,FILE_LOCK,2026-07-13 04:30:22,256
TXN00008224,FAN_SIM_8223,MATCH003,1,0,FAILED,FILE_LOCK,2026-07-13 04:30:22,254
TXN00008179,FAN_SIM_8178,MATCH003,1,0,FAILED,FILE_LOCK,2026-07-13 04:30:22,260
TXN00008220,FAN_SIM_8219,MATCH003,1,0,FAILED,FILE_LOCK,2026-07-13 04:30:22,255
TXN00008177,FAN_SIM_8176,MATCH003,1,0,FAILED,FILE_LOCK,2026-07-13 04:30:22,259
TXN00008185,FAN_SIM_8184,MATCH003,1,0,FAILED,FILE_LOCK,2026-07-13 04:30:22,259
TXN00008193,FAN_SIM_8192,MATCH003,1,0,FAILED,FILE_LOCK,2026-07-13 04:30:22,258
TXN00008173,FAN_SIM_8172,MATCH003,1,0,FAILED,FILE_LOCK,2026-07-13 04:30:22,260
TXN00008186,FAN_SIM_8185,MATCH003,1,0,FAILED,FILE_LOCK,2026-07-13 04:30:22,257
TXN00008226,FAN_SIM_8225,MATCH003,1,0,FAILED,FILE_LOCK,2026-07-13 04:30:22,255
TXN00008229,FAN_SIM_8228,MATCH003,1,0,FAILED,FILE_LOCK,2026-07-13 04:30:22,254
TXN00008292,FAN_SIM_8291,MATCH003,1,0,FAILED,FILE_LOCK,2026-07-13 04:30:23,334
TXN00008281,FAN_SIM_8280,MATCH003,1,0,FAILED,FILE_LOCK,2026-07-13 04:30:23,335
TXN00008254,FAN_SIM_8253,MATCH003,1,0,FAILED,FILE_LOCK,2026-07-13 04:30:23,338
TXN00008266,FAN_SIM_8265,MATCH003,1,0,FAILED,FILE_LOCK,2026-07-13 04:30:23,336
TXN00008297,FAN_SIM_8296,MATCH003,1,0,FAILED,FILE_LOCK,2026-07-13 04:30:23,322
TXN00008237,FAN_SIM_8236,MATCH003,1,500000,FAILED,FILE_LOCK,2026-07-13 04:30:23,349
TXN00008285,FAN_SIM_8284,MATCH003,1,0,FAILED,FILE_LOCK,2026-07-13 04:30:23,336
TXN00008239,FAN_SIM_8238,MATCH003,1,500000,FAILED,FILE_LOCK,2026-07-13 04:30:23,349
TXN00008286,FAN_SIM_8285,MATCH003,1,0,FAILED,FILE_LOCK,2026-07-13 04:30:23,336
TXN00008287,FAN_SIM_8286,MATCH003,1,0,FAILED,FILE_LOCK,2026-07-13 04:30:23,336
TXN00008250,FAN_SIM_8249,MATCH003,1,0,FAILED,FILE_LOCK,2026-07-13 04:30:23,342
TXN00008296,FAN_SIM_8295,MATCH003,1,0,FAILED,FILE_LOCK,2026-07-13 04:30:23,325
TXN00008280,FAN_SIM_8279,MATCH003,1,0,FAILED,FILE_LOCK,2026-07-13 04:30:23,338
TXN00008276,FAN_SIM_8275,MATCH003,1,0,FAILED,FILE_LOCK,2026-07-13 04:30:23,337
TXN00008290,FAN_SIM_8289,MATCH003,1,0,FAILED,FILE_LOCK,2026-07-13 04:30:23,336
TXN00008298,FAN_SIM_8297,MATCH003,1,0,FAILED,FILE_LOCK,2026-07-13 04:30:23,322
TXN00008265,FAN_SIM_8264,MATCH003,1,0,FAILED,FILE_LOCK,2026-07-13 04:30:23,338
TXN00008293,FAN_SIM_8292,MATCH003,1,0,FAILED,FILE_LOCK,2026-07-13 04:30:23,337
TXN00008282,FAN_SIM_8281,MATCH003,1,0,FAILED,FILE_LOCK,2026-07-13 04:30:23,336
TXN00008258,FAN_SIM_8257,MATCH003,1,0,FAILED,FILE_LOCK,2026-07-13 04:30:23,339
TXN00008299,FAN_SIM_8298,MATCH003,1,0,FAILED,FILE_LOCK,2026-07-13 04:30:23,3
TXN00008261,FAN_SIM_8260,MATCH003,1,0,FAILED,FILE_LOCK,2026-07-13 04:30:23,340
TXN00008300,FAN_SIM_8299,MATCH003,1,0,FAILED,FILE_LOCK,2026-07-13 04:30:23,3
TXN00008279,FAN_SIM_8278,MATCH003,1,0,FAILED,FILE_LOCK,2026-07-13 04:30:23,339
TXN00008301,FAN_SIM_8300,MATCH003,1,0,FAILED,FILE_LOCK,2026-07-13 04:30:23,2
TXN00008268,FAN_SIM_8267,MATCH003,1,0,FAILED,FILE_LOCK,2026-07-13 04:30:23,339
TXN00008302,FAN_SIM_8301,MATCH003,1,0,FAILED,FILE_LOCK,2026-07-13 04:30:23,2
TXN00008291,FAN_SIM_8290,MATCH003,1,0,FAILED,FILE_LOCK,2026-07-13 04:30:23,338
TXN00008303,FAN_SIM_8302,MATCH003,1,0,FAILED,FILE_LOCK,2026-07-13 04:30:23,1
TXN00008295,FAN_SIM_8294,MATCH003,1,0,FAILED,FILE_LOCK,2026-07-13 04:30:23,327
TXN00008294,FAN_SIM_8293,MATCH003,1,0,FAILED,FILE_LOCK,2026-07-13 04:30:23,327
TXN00008243,FAN_SIM_8242,MATCH003,1,500000,FAILED,FILE_LOCK,2026-07-13 04:30:23,351
TXN00008235,FAN_SIM_8234,MATCH003,1,500000,FAILED,FILE_LOCK,2026-07-13 04:30:23,357
TXN00008304,FAN_SIM_8303,MATCH003,1,0,FAILED,FILE_LOCK,2026-07-13 04:30:23,2
TXN00008305,FAN_SIM_8304,MATCH003,1,0,FAILED,FILE_LOCK,2026-07-13 04:30:23,2
TXN00008241,FAN_SIM_8240,MATCH003,1,500000,FAILED,FILE_LOCK,2026-07-13 04:30:23,363
TXN00008244,FAN_SIM_8243,MATCH003,1,500000,FAILED,FILE_LOCK,2026-07-13 04:30:23,376
TXN00008312,FAN_SIM_8311,MATCH003,1,0,FAILED,FILE_LOCK,2026-07-13 04:30:23,38
TXN00008318,FAN_SIM_8317,MATCH003,1,0,FAILED,FILE_LOCK,2026-07-13 04:30:23,39
TXN00008315,FAN_SIM_8314,MATCH003,1,0,FAILED,FILE_LOCK,2026-07-13 04:30:23,40
TXN00008307,FAN_SIM_8306,MATCH003,1,0,FAILED,FILE_LOCK,2026-07-13 04:30:23,41
TXN00008316,FAN_SIM_8315,MATCH003,1,0,FAILED,FILE_LOCK,2026-07-13 04:30:23,41
TXN00008311,FAN_SIM_8310,MATCH003,1,0,FAILED,FILE_LOCK,2026-07-13 04:30:23,41
TXN00008253,FAN_SIM_8252,MATCH003,1,500000,FAILED,FILE_LOCK,2026-07-13 04:30:23,390
TXN00008335,FAN_SIM_8334,MATCH003,1,0,FAILED,FILE_LOCK,2026-07-13 04:30:23,18
TXN00008289,FAN_SIM_8288,MATCH003,1,0,FAILED,FILE_LOCK,2026-07-13 04:30:23,386
TXN00008323,FAN_SIM_8321,MATCH003,1,0,FAILED,FILE_LOCK,2026-07-13 04:30:23,40
TXN00008256,FAN_SIM_8255,MATCH003,1,500000,FAILED,FILE_LOCK,2026-07-13 04:30:23,390
TXN00008314,FAN_SIM_8313,MATCH003,1,0,FAILED,FILE_LOCK,2026-07-13 04:30:23,42
TXN00008310,FAN_SIM_8309,MATCH003,1,0,FAILED,FILE_LOCK,2026-07-13 04:30:23,43
TXN00008309,FAN_SIM_8308,MATCH003,1,0,FAILED,FILE_LOCK,2026-07-13 04:30:23,43
TXN00008317,FAN_SIM_8316,MATCH003,1,0,FAILED,FILE_LOCK,2026-07-13 04:30:23,42
TXN00008320,FAN_SIM_8319,MATCH003,1,0,FAILED,FILE_LOCK,2026-07-13 04:30:23,42
TXN00008319,FAN_SIM_8318,MATCH003,1,0,FAILED,FILE_LOCK,2026-07-13 04:30:23,42
TXN00008248,FAN_SIM_8247,MATCH003,1,500000,FAILED,FILE_LOCK,2026-07-13 04:30:23,392
TXN00008331,FAN_SIM_8330,MATCH003,1,0,FAILED,FILE_LOCK,2026-07-13 04:30:23,40
TXN00008322,FAN_SIM_8322,MATCH003,1,0,FAILED,FILE_LOCK,2026-07-13 04:30:23,41
TXN00008327,FAN_SIM_8326,MATCH003,1,0,FAILED,FILE_LOCK,2026-07-13 04:30:23,41
TXN00008306,FAN_SIM_8305,MATCH003,1,0,FAILED,FILE_LOCK,2026-07-13 04:30:23,45
TXN00008246,FAN_SIM_8245,MATCH003,1,500000,FAILED,FILE_LOCK,2026-07-13 04:30:23,396
TXN00008313,FAN_SIM_8312,MATCH003,1,0,FAILED,FILE_LOCK,2026-07-13 04:30:23,44
TXN00008255,FAN_SIM_8254,MATCH003,1,500000,FAILED,FILE_LOCK,2026-07-13 04:30:23,392
TXN00008329,FAN_SIM_8328,MATCH003,1,0,FAILED,FILE_LOCK,2026-07-13 04:30:23,41
TXN00008328,FAN_SIM_8327,MATCH003,1,0,FAILED,FILE_LOCK,2026-07-13 04:30:23,41
TXN00008325,FAN_SIM_8324,MATCH003,1,0,FAILED,FILE_LOCK,2026-07-13 04:30:23,41
TXN00008326,FAN_SIM_8325,MATCH003,1,0,FAILED,FILE_LOCK,2026-07-13 04:30:23,41
TXN00008330,FAN_SIM_8329,MATCH003,1,0,FAILED,FILE_LOCK,2026-07-13 04:30:23,42
TXN00008324,FAN_SIM_8323,MATCH003,1,0,FAILED,FILE_LOCK,2026-07-13 04:30:23,41
TXN00008270,FAN_SIM_8269,MATCH003,1,500000,FAILED,FILE_LOCK,2026-07-13 04:30:23,392
TXN00008332,FAN_SIM_8331,MATCH003,1,0,FAILED,FILE_LOCK,2026-07-13 04:30:23,43
TXN00008336,FAN_SIM_8335,MATCH003,1,0,FAILED,FILE_LOCK,2026-07-13 04:30:23,8
TXN00008334,FAN_SIM_8333,MATCH003,1,0,FAILED,FILE_LOCK,2026-07-13 04:30:23,40
TXN00008283,FAN_SIM_8282,MATCH003,1,500000,FAILED,FILE_LOCK,2026-07-13 04:30:23,395
TXN00008259,FAN_SIM_8258,MATCH003,1,500000,FAILED,FILE_LOCK,2026-07-13 04:30:23,397
TXN00008260,FAN_SIM_8259,MATCH003,1,500000,FAILED,FILE_LOCK,2026-07-13 04:30:23,394
TXN00008242,FAN_SIM_8241,MATCH003,1,500000,FAILED,FILE_LOCK,2026-07-13 04:30:23,406
TXN00008340,FAN_SIM_8339,MATCH003,1,0,FAILED,FILE_LOCK,2026-07-13 04:30:23,5
TXN00008321,FAN_SIM_8320,MATCH003,1,0,FAILED,FILE_LOCK,2026-07-13 04:30:23,46
TXN00008339,FAN_SIM_8338,MATCH003,1,0,FAILED,FILE_LOCK,2026-07-13 04:30:23,5
TXN00008333,FAN_SIM_8332,MATCH003,1,0,FAILED,FILE_LOCK,2026-07-13 04:30:23,43
TXN00008274,FAN_SIM_8273,MATCH003,1,500000,FAILED,FILE_LOCK,2026-07-13 04:30:23,396
TXN00008278,FAN_SIM_8277,MATCH003,1,500000,FAILED,FILE_LOCK,2026-07-13 04:30:23,397
TXN00008252,FAN_SIM_8251,MATCH003,1,500000,FAILED,FILE_LOCK,2026-07-13 04:30:23,399
TXN00008337,FAN_SIM_8336,MATCH003,1,0,FAILED,FILE_LOCK,2026-07-13 04:30:23,7
TXN00008338,FAN_SIM_8337,MATCH003,1,0,FAILED,FILE_LOCK,2026-07-13 04:30:23,6
TXN00008308,FAN_SIM_8307,MATCH003,1,0,FAILED,FILE_LOCK,2026-07-13 04:30:23,45
TXN00008264,FAN_SIM_8263,MATCH003,1,500000,FAILED,FILE_LOCK,2026-07-13 04:30:23,398
TXN00008262,FAN_SIM_8261,MATCH003,1,500000,FAILED,FILE_LOCK,2026-07-13 04:30:23,399
TXN00008249,FAN_SIM_8248,MATCH003,1,500000,FAILED,FILE_LOCK,2026-07-13 04:30:23,404
TXN00008275,FAN_SIM_8274,MATCH003,1,500000,FAILED,FILE_LOCK,2026-07-13 04:30:23,399
TXN00008245,FAN_SIM_8244,MATCH003,1,500000,FAILED,FILE_LOCK,2026-07-13 04:30:23,406
TXN00008272,FAN_SIM_8271,MATCH003,1,500000,FAILED,FILE_LOCK,2026-07-13 04:30:23,399
TXN00008257,FAN_SIM_8256,MATCH003,1,500000,FAILED,FILE_LOCK,2026-07-13 04:30:23,402
TXN00008240,FAN_SIM_8239,MATCH003,1,500000,FAILED,FILE_LOCK,2026-07-13 04:30:23,411
TXN00008273,FAN_SIM_8272,MATCH003,1,500000,FAILED,FILE_LOCK,2026-07-13 04:30:23,399
TXN00008247,FAN_SIM_8246,MATCH003,1,500000,FAILED,FILE_LOCK,2026-07-13 04:30:23,404
TXN00008284,FAN_SIM_8283,MATCH003,1,500000,FAILED,FILE_LOCK,2026-07-13 04:30:23,400
TXN00008269,FAN_SIM_8268,MATCH003,1,500000,FAILED,FILE_LOCK,2026-07-13 04:30:23,400
TXN00008267,FAN_SIM_8266,MATCH003,1,500000,FAILED,FILE_LOCK,2026-07-13 04:30:23,405
TXN00008271,FAN_SIM_8270,MATCH003,1,500000,FAILED,FILE_LOCK,2026-07-13 04:30:23,402
TXN00008288,FAN_SIM_8287,MATCH003,1,500000,FAILED,FILE_LOCK,2026-07-13 04:30:23,400
TXN00008277,FAN_SIM_8276,MATCH003,1,500000,FAILED,FILE_LOCK,2026-07-13 04:30:23,405
TXN00008236,FAN_SIM_8235,MATCH003,1,500000,FAILED,FILE_LOCK,2026-07-13 04:30:23,437
TXN00008263,FAN_SIM_8262,MATCH003,1,500000,FAILED,FILE_LOCK,2026-07-13 04:30:23,430
TXN00008238,FAN_SIM_8237,MATCH003,1,500000,FAILED,FILE_LOCK,2026-07-13 04:30:23,443
TXN00008251,FAN_SIM_8250,MATCH003,1,500000,FAILED,FILE_LOCK,2026-07-13 04:30:23,435
TXN00008380,FAN_SIM_8380,MATCH003,1,0,FAILED,FILE_LOCK,2026-07-13 04:30:23,149
TXN00008402,FAN_SIM_8401,MATCH003,1,0,FAILED,FILE_LOCK,2026-07-13 04:30:23,132
TXN00008349,FAN_SIM_8348,MATCH003,1,0,FAILED,FILE_LOCK,2026-07-13 04:30:23,154
TXN00008374,FAN_SIM_8374,MATCH003,1,0,FAILED,FILE_LOCK,2026-07-13 04:30:23,151
TXN00008350,FAN_SIM_8349,MATCH003,1,0,FAILED,FILE_LOCK,2026-07-13 04:30:23,155
TXN00008400,FAN_SIM_8399,MATCH003,1,0,FAILED,FILE_LOCK,2026-07-13 04:30:23,136
TXN00008404,FAN_SIM_8403,MATCH003,1,0,FAILED,FILE_LOCK,2026-07-13 04:30:23,130
TXN00008403,FAN_SIM_8402,MATCH003,1,0,FAILED,FILE_LOCK,2026-07-13 04:30:23,132
TXN00008401,FAN_SIM_8400,MATCH003,1,0,FAILED,FILE_LOCK,2026-07-13 04:30:23,135
TXN00008343,FAN_SIM_8342,MATCH003,1,0,FAILED,FILE_LOCK,2026-07-13 04:30:23,171
TXN00008379,FAN_SIM_8378,MATCH003,1,0,FAILED,FILE_LOCK,2026-07-13 04:30:23,151
TXN00008372,FAN_SIM_8371,MATCH003,1,0,FAILED,FILE_LOCK,2026-07-13 04:30:23,151
TXN00008355,FAN_SIM_8354,MATCH003,1,0,FAILED,FILE_LOCK,2026-07-13 04:30:23,155
TXN00008345,FAN_SIM_8344,MATCH003,1,0,FAILED,FILE_LOCK,2026-07-13 04:30:23,170
TXN00008382,FAN_SIM_8381,MATCH003,1,0,FAILED,FILE_LOCK,2026-07-13 04:30:23,151
TXN00008384,FAN_SIM_8383,MATCH003,1,0,FAILED,FILE_LOCK,2026-07-13 04:30:23,150
TXN00008385,FAN_SIM_8384,MATCH003,1,0,FAILED,FILE_LOCK,2026-07-13 04:30:23,150
TXN00008394,FAN_SIM_8393,MATCH003,1,0,FAILED,FILE_LOCK,2026-07-13 04:30:23,139
TXN00008368,FAN_SIM_8367,MATCH003,1,0,FAILED,FILE_LOCK,2026-07-13 04:30:23,153
TXN00008381,FAN_SIM_8379,MATCH003,1,0,FAILED,FILE_LOCK,2026-07-13 04:30:23,150
TXN00008383,FAN_SIM_8382,MATCH003,1,0,FAILED,FILE_LOCK,2026-07-13 04:30:23,151
TXN00008369,FAN_SIM_8368,MATCH003,1,0,FAILED,FILE_LOCK,2026-07-13 04:30:23,154
TXN00008364,FAN_SIM_8363,MATCH003,1,0,FAILED,FILE_LOCK,2026-07-13 04:30:23,154
TXN00008371,FAN_SIM_8370,MATCH003,1,0,FAILED,FILE_LOCK,2026-07-13 04:30:23,154
TXN00008360,FAN_SIM_8359,MATCH003,1,0,FAILED,FILE_LOCK,2026-07-13 04:30:23,156
TXN00008395,FAN_SIM_8394,MATCH003,1,0,FAILED,FILE_LOCK,2026-07-13 04:30:23,139
TXN00008378,FAN_SIM_8377,MATCH003,1,0,FAILED,FILE_LOCK,2026-07-13 04:30:23,153
TXN00008370,FAN_SIM_8369,MATCH003,1,0,FAILED,FILE_LOCK,2026-07-13 04:30:23,154
TXN00008393,FAN_SIM_8392,MATCH003,1,0,FAILED,FILE_LOCK,2026-07-13 04:30:23,140
TXN00008396,FAN_SIM_8395,MATCH003,1,0,FAILED,FILE_LOCK,2026-07-13 04:30:23,140
TXN00008359,FAN_SIM_8358,MATCH003,1,0,FAILED,FILE_LOCK,2026-07-13 04:30:23,156
TXN00008352,FAN_SIM_8351,MATCH003,1,0,FAILED,FILE_LOCK,2026-07-13 04:30:23,159
TXN00008389,FAN_SIM_8388,MATCH003,1,0,FAILED,FILE_LOCK,2026-07-13 04:30:23,152
TXN00008377,FAN_SIM_8376,MATCH003,1,0,FAILED,FILE_LOCK,2026-07-13 04:30:23,156
TXN00008357,FAN_SIM_8356,MATCH003,1,0,FAILED,FILE_LOCK,2026-07-13 04:30:23,157
TXN00008363,FAN_SIM_8362,MATCH003,1,0,FAILED,FILE_LOCK,2026-07-13 04:30:23,156
TXN00008376,FAN_SIM_8375,MATCH003,1,0,FAILED,FILE_LOCK,2026-07-13 04:30:23,153
TXN00008365,FAN_SIM_8365,MATCH003,1,0,FAILED,FILE_LOCK,2026-07-13 04:30:23,155
TXN00008387,FAN_SIM_8386,MATCH003,1,0,FAILED,FILE_LOCK,2026-07-13 04:30:23,152
TXN00008342,FAN_SIM_8341,MATCH003,1,0,FAILED,FILE_LOCK,2026-07-13 04:30:23,176
TXN00008356,FAN_SIM_8355,MATCH003,1,0,FAILED,FILE_LOCK,2026-07-13 04:30:23,157
TXN00008347,FAN_SIM_8346,MATCH003,1,0,FAILED,FILE_LOCK,2026-07-13 04:30:23,164
TXN00008388,FAN_SIM_8387,MATCH003,1,0,FAILED,FILE_LOCK,2026-07-13 04:30:23,151
TXN00008346,FAN_SIM_8345,MATCH003,1,500000,FAILED,FILE_LOCK,2026-07-13 04:30:23,173
TXN00008386,FAN_SIM_8385,MATCH003,1,0,FAILED,FILE_LOCK,2026-07-13 04:30:23,153
TXN00008398,FAN_SIM_8397,MATCH003,1,0,FAILED,FILE_LOCK,2026-07-13 04:30:23,140
TXN00008367,FAN_SIM_8366,MATCH003,1,0,FAILED,FILE_LOCK,2026-07-13 04:30:23,156
TXN00008358,FAN_SIM_8357,MATCH003,1,0,FAILED,FILE_LOCK,2026-07-13 04:30:23,157
TXN00008353,FAN_SIM_8352,MATCH003,1,0,FAILED,FILE_LOCK,2026-07-13 04:30:23,158
TXN00008351,FAN_SIM_8350,MATCH003,1,0,FAILED,FILE_LOCK,2026-07-13 04:30:23,158
TXN00008362,FAN_SIM_8361,MATCH003,1,0,FAILED,FILE_LOCK,2026-07-13 04:30:23,158
TXN00008341,FAN_SIM_8340,MATCH003,1,0,FAILED,FILE_LOCK,2026-07-13 04:30:23,176
TXN00008373,FAN_SIM_8373,MATCH003,1,0,FAILED,FILE_LOCK,2026-07-13 04:30:23,155
TXN00008397,FAN_SIM_8396,MATCH003,1,0,FAILED,FILE_LOCK,2026-07-13 04:30:23,142
TXN00008375,FAN_SIM_8372,MATCH003,1,0,FAILED,FILE_LOCK,2026-07-13 04:30:23,154
TXN00008361,FAN_SIM_8360,MATCH003,1,0,FAILED,FILE_LOCK,2026-07-13 04:30:23,156
TXN00008366,FAN_SIM_8364,MATCH003,1,0,FAILED,FILE_LOCK,2026-07-13 04:30:23,156
TXN00008392,FAN_SIM_8391,MATCH003,1,0,FAILED,FILE_LOCK,2026-07-13 04:30:23,142
TXN00008344,FAN_SIM_8343,MATCH003,1,500000,FAILED,FILE_LOCK,2026-07-13 04:30:23,179
TXN00008399,FAN_SIM_8398,MATCH003,1,0,FAILED,FILE_LOCK,2026-07-13 04:30:23,142
TXN00008348,FAN_SIM_8347,MATCH003,1,0,FAILED,FILE_LOCK,2026-07-13 04:30:23,164
TXN00008354,FAN_SIM_8353,MATCH003,1,0,FAILED,FILE_LOCK,2026-07-13 04:30:23,159
TXN00008448,FAN_SIM_8447,MATCH003,1,0,FAILED,FILE_LOCK,2026-07-13 04:30:23,207
TXN00008453,FAN_SIM_8452,MATCH003,1,0,FAILED,FILE_LOCK,2026-07-13 04:30:23,206
TXN00008455,FAN_SIM_8454,MATCH003,1,0,FAILED,FILE_LOCK,2026-07-13 04:30:23,207
TXN00008438,FAN_SIM_8438,MATCH003,1,0,FAILED,FILE_LOCK,2026-07-13 04:30:23,208
TXN00008447,FAN_SIM_8446,MATCH003,1,0,FAILED,FILE_LOCK,2026-07-13 04:30:23,207
TXN00008440,FAN_SIM_8416,MATCH003,1,0,FAILED,FILE_LOCK,2026-07-13 04:30:23,208
TXN00008432,FAN_SIM_8432,MATCH003,1,0,FAILED,FILE_LOCK,2026-07-13 04:30:23,209
TXN00008405,FAN_SIM_8404,MATCH003,1,0,FAILED,FILE_LOCK,2026-07-13 04:30:23,240
TXN00008446,FAN_SIM_8445,MATCH003,1,0,FAILED,FILE_LOCK,2026-07-13 04:30:23,208
TXN00008442,FAN_SIM_8441,MATCH003,1,0,FAILED,FILE_LOCK,2026-07-13 04:30:23,207
TXN00008410,FAN_SIM_8409,MATCH003,1,0,FAILED,FILE_LOCK,2026-07-13 04:30:23,224
TXN00008415,FAN_SIM_8414,MATCH003,1,0,FAILED,FILE_LOCK,2026-07-13 04:30:23,228
TXN00008449,FAN_SIM_8448,MATCH003,1,0,FAILED,FILE_LOCK,2026-07-13 04:30:23,207
TXN00008452,FAN_SIM_8451,MATCH003,1,0,FAILED,FILE_LOCK,2026-07-13 04:30:23,207
TXN00008429,FAN_SIM_8429,MATCH003,1,0,FAILED,FILE_LOCK,2026-07-13 04:30:23,209
TXN00008433,FAN_SIM_8433,MATCH003,1,0,FAILED,FILE_LOCK,2026-07-13 04:30:23,222
TXN00008434,FAN_SIM_8434,MATCH003,1,0,FAILED,FILE_LOCK,2026-07-13 04:30:23,209
TXN00008443,FAN_SIM_8442,MATCH003,1,0,FAILED,FILE_LOCK,2026-07-13 04:30:23,221
TXN00008451,FAN_SIM_8449,MATCH003,1,0,FAILED,FILE_LOCK,2026-07-13 04:30:23,223
TXN00008419,FAN_SIM_8419,MATCH003,1,0,FAILED,FILE_LOCK,2026-07-13 04:30:23,222
TXN00008454,FAN_SIM_8453,MATCH003,1,0,FAILED,FILE_LOCK,2026-07-13 04:30:23,219
TXN00008418,FAN_SIM_8418,MATCH003,1,0,FAILED,FILE_LOCK,2026-07-13 04:30:23,223
TXN00008420,FAN_SIM_8420,MATCH003,1,0,FAILED,FILE_LOCK,2026-07-13 04:30:23,225
TXN00008430,FAN_SIM_8430,MATCH003,1,0,FAILED,FILE_LOCK,2026-07-13 04:30:23,224
TXN00008407,FAN_SIM_8406,MATCH003,1,0,FAILED,FILE_LOCK,2026-07-13 04:30:23,226
TXN00008439,FAN_SIM_8439,MATCH003,1,0,FAILED,FILE_LOCK,2026-07-13 04:30:23,208
TXN00008390,FAN_SIM_8389,MATCH003,1,500000,FAILED,FILE_LOCK,2026-07-13 04:30:23,389
TXN00008445,FAN_SIM_8444,MATCH003,1,0,FAILED,FILE_LOCK,2026-07-13 04:30:23,220
TXN00008406,FAN_SIM_8405,MATCH003,1,500000,FAILED,FILE_LOCK,2026-07-13 04:30:23,241
TXN00008457,FAN_SIM_8456,MATCH003,1,0,FAILED,FILE_LOCK,2026-07-13 04:30:23,222
TXN00008408,FAN_SIM_8407,MATCH003,1,500000,FAILED,FILE_LOCK,2026-07-13 04:30:23,257
TXN00008412,FAN_SIM_8411,MATCH003,1,0,FAILED,FILE_LOCK,2026-07-13 04:30:23,230
TXN00008460,FAN_SIM_8459,MATCH003,1,0,FAILED,FILE_LOCK,2026-07-13 04:30:23,219
TXN00008431,FAN_SIM_8431,MATCH003,1,0,FAILED,FILE_LOCK,2026-07-13 04:30:23,225
TXN00008450,FAN_SIM_8450,MATCH003,1,0,FAILED,FILE_LOCK,2026-07-13 04:30:23,219
TXN00008444,FAN_SIM_8443,MATCH003,1,0,FAILED,FILE_LOCK,2026-07-13 04:30:23,241
TXN00008427,FAN_SIM_8427,MATCH003,1,0,FAILED,FILE_LOCK,2026-07-13 04:30:23,225
TXN00008459,FAN_SIM_8458,MATCH003,1,0,FAILED,FILE_LOCK,2026-07-13 04:30:23,220
TXN00008413,FAN_SIM_8412,MATCH003,1,0,FAILED,FILE_LOCK,2026-07-13 04:30:23,228
TXN00008409,FAN_SIM_8408,MATCH003,1,0,FAILED,FILE_LOCK,2026-07-13 04:30:23,241
TXN00008414,FAN_SIM_8413,MATCH003,1,0,FAILED,FILE_LOCK,2026-07-13 04:30:23,227
TXN00008428,FAN_SIM_8428,MATCH003,1,0,FAILED,FILE_LOCK,2026-07-13 04:30:23,222
TXN00008441,FAN_SIM_8440,MATCH003,1,0,FAILED,FILE_LOCK,2026-07-13 04:30:23,223
TXN00008423,FAN_SIM_8423,MATCH003,1,0,FAILED,FILE_LOCK,2026-07-13 04:30:23,226
TXN00008461,FAN_SIM_8460,MATCH003,1,0,FAILED,FILE_LOCK,2026-07-13 04:30:23,220
TXN00008437,FAN_SIM_8437,MATCH003,1,0,FAILED,FILE_LOCK,2026-07-13 04:30:23,224
TXN00008436,FAN_SIM_8436,MATCH003,1,0,FAILED,FILE_LOCK,2026-07-13 04:30:23,240
TXN00008466,FAN_SIM_8465,MATCH003,1,0,FAILED,FILE_LOCK,2026-07-13 04:30:23,212
TXN00008463,FAN_SIM_8462,MATCH003,1,0,FAILED,FILE_LOCK,2026-07-13 04:30:23,218
TXN00008464,FAN_SIM_8463,MATCH003,1,0,FAILED,FILE_LOCK,2026-07-13 04:30:23,215
TXN00008458,FAN_SIM_8457,MATCH003,1,0,FAILED,FILE_LOCK,2026-07-13 04:30:23,220
TXN00008462,FAN_SIM_8461,MATCH003,1,0,FAILED,FILE_LOCK,2026-07-13 04:30:23,221
TXN00008467,FAN_SIM_8466,MATCH003,1,0,FAILED,FILE_LOCK,2026-07-13 04:30:23,2
TXN00008391,FAN_SIM_8390,MATCH003,1,500000,FAILED,FILE_LOCK,2026-07-13 04:30:23,410
TXN00008416,FAN_SIM_8415,MATCH003,1,0,FAILED,FILE_LOCK,2026-07-13 04:30:23,244
TXN00008424,FAN_SIM_8425,MATCH003,1,500000,FAILED,FILE_LOCK,2026-07-13 04:30:23,247
TXN00008421,FAN_SIM_8421,MATCH003,1,0,FAILED,FILE_LOCK,2026-07-13 04:30:23,243
TXN00008465,FAN_SIM_8464,MATCH003,1,0,FAILED,FILE_LOCK,2026-07-13 04:30:23,233
TXN00008425,FAN_SIM_8424,MATCH003,1,0,FAILED,FILE_LOCK,2026-07-13 04:30:23,242
TXN00008426,FAN_SIM_8426,MATCH003,1,0,FAILED,FILE_LOCK,2026-07-13 04:30:23,242
TXN00008417,FAN_SIM_8417,MATCH003,1,0,FAILED,FILE_LOCK,2026-07-13 04:30:23,244
TXN00008456,FAN_SIM_8455,MATCH003,1,0,FAILED,FILE_LOCK,2026-07-13 04:30:23,240
TXN00008411,FAN_SIM_8410,MATCH003,1,0,FAILED,FILE_LOCK,2026-07-13 04:30:23,250
TXN00008435,FAN_SIM_8435,MATCH003,1,0,FAILED,FILE_LOCK,2026-07-13 04:30:23,242
TXN00008422,FAN_SIM_8422,MATCH003,1,0,FAILED,FILE_LOCK,2026-07-13 04:30:23,243
TXN00008481,FAN_SIM_8480,MATCH003,1,0,FAILED,FILE_LOCK,2026-07-13 04:30:23,124
TXN00008471,FAN_SIM_8470,MATCH003,1,0,FAILED,FILE_LOCK,2026-07-13 04:30:23,127
TXN00008473,FAN_SIM_8472,MATCH003,1,0,FAILED,FILE_LOCK,2026-07-13 04:30:23,127
TXN00008482,FAN_SIM_8481,MATCH003,1,0,FAILED,FILE_LOCK,2026-07-13 04:30:23,125
TXN00008477,FAN_SIM_8476,MATCH003,1,0,FAILED,FILE_LOCK,2026-07-13 04:30:23,126
TXN00008487,FAN_SIM_8486,MATCH003,1,0,FAILED,FILE_LOCK,2026-07-13 04:30:23,124
TXN00008492,FAN_SIM_8490,MATCH003,1,0,FAILED,FILE_LOCK,2026-07-13 04:30:23,128
TXN00008496,FAN_SIM_8495,MATCH003,1,0,FAILED,FILE_LOCK,2026-07-13 04:30:23,127
TXN00008499,FAN_SIM_8498,MATCH003,1,0,FAILED,FILE_LOCK,2026-07-13 04:30:23,123
TXN00008500,FAN_SIM_8499,MATCH003,1,0,FAILED,FILE_LOCK,2026-07-13 04:30:23,124
TXN00008480,FAN_SIM_8479,MATCH003,1,0,FAILED,FILE_LOCK,2026-07-13 04:30:23,127
TXN00008469,FAN_SIM_8468,MATCH003,1,500000,FAILED,FILE_LOCK,2026-07-13 04:30:23,144
TXN00008506,FAN_SIM_8505,MATCH003,1,0,FAILED,FILE_LOCK,2026-07-13 04:30:23,158
TXN00008504,FAN_SIM_8503,MATCH003,1,0,FAILED,FILE_LOCK,2026-07-13 04:30:23,158
TXN00008535,FAN_SIM_8534,MATCH003,1,0,FAILED,FILE_LOCK,2026-07-13 04:30:23,16
TXN00008493,FAN_SIM_8492,MATCH003,1,0,FAILED,FILE_LOCK,2026-07-13 04:30:23,160
TXN00008536,FAN_SIM_8535,MATCH003,1,0,FAILED,FILE_LOCK,2026-07-13 04:30:23,7
TXN00008470,FAN_SIM_8469,MATCH003,1,0,FAILED,FILE_LOCK,2026-07-13 04:30:23,164
TXN00008478,FAN_SIM_8477,MATCH003,1,0,FAILED,FILE_LOCK,2026-07-13 04:30:23,162
TXN00008468,FAN_SIM_8467,MATCH003,1,0,FAILED,FILE_LOCK,2026-07-13 04:30:23,170
TXN00008532,FAN_SIM_8531,MATCH003,1,0,FAILED,FILE_LOCK,2026-07-13 04:30:23,35
TXN00008537,FAN_SIM_8536,MATCH003,1,0,FAILED,FILE_LOCK,2026-07-13 04:30:23,2
TXN00008490,FAN_SIM_8489,MATCH003,1,0,FAILED,FILE_LOCK,2026-07-13 04:30:23,160
TXN00008526,FAN_SIM_8525,MATCH003,1,0,FAILED,FILE_LOCK,2026-07-13 04:30:23,153
TXN00008534,FAN_SIM_8533,MATCH003,1,0,FAILED,FILE_LOCK,2026-07-13 04:30:23,19
TXN00008489,FAN_SIM_8488,MATCH003,1,0,FAILED,FILE_LOCK,2026-07-13 04:30:23,161
TXN00008476,FAN_SIM_8475,MATCH003,1,500000,FAILED,FILE_LOCK,2026-07-13 04:30:23,221
TXN00008479,FAN_SIM_8478,MATCH003,1,500000,FAILED,FILE_LOCK,2026-07-13 04:30:23,260
TXN00008484,FAN_SIM_8483,MATCH003,1,500000,FAILED,FILE_LOCK,2026-07-13 04:30:23,262
TXN00008474,FAN_SIM_8473,MATCH003,1,500000,FAILED,FILE_LOCK,2026-07-13 04:30:23,264
TXN00008503,FAN_SIM_8502,MATCH003,1,0,FAILED,FILE_LOCK,2026-07-13 04:30:23,350
TXN00008505,FAN_SIM_8504,MATCH003,1,0,FAILED,FILE_LOCK,2026-07-13 04:30:23,350
TXN00008495,FAN_SIM_8494,MATCH003,1,0,FAILED,FILE_LOCK,2026-07-13 04:30:23,350
TXN00008527,FAN_SIM_8526,MATCH003,1,0,FAILED,FILE_LOCK,2026-07-13 04:30:23,333
TXN00008520,FAN_SIM_8519,MATCH003,1,0,FAILED,FILE_LOCK,2026-07-13 04:30:23,348
TXN00008485,FAN_SIM_8484,MATCH003,1,0,FAILED,FILE_LOCK,2026-07-13 04:30:24,353
TXN00008514,FAN_SIM_8513,MATCH003,1,0,FAILED,FILE_LOCK,2026-07-13 04:30:24,351
TXN00008530,FAN_SIM_8529,MATCH003,1,0,FAILED,FILE_LOCK,2026-07-13 04:30:24,334
TXN00008519,FAN_SIM_8518,MATCH003,1,0,FAILED,FILE_LOCK,2026-07-13 04:30:24,351
TXN00008497,FAN_SIM_8496,MATCH003,1,0,FAILED,FILE_LOCK,2026-07-13 04:30:24,352
TXN00008472,FAN_SIM_8471,MATCH003,1,500000,FAILED,FILE_LOCK,2026-07-13 04:30:24,357
TXN00008498,FAN_SIM_8497,MATCH003,1,500000,FAILED,FILE_LOCK,2026-07-13 04:30:24,460
TXN00008494,FAN_SIM_8493,MATCH003,1,500000,FAILED,FILE_LOCK,2026-07-13 04:30:24,461
TXN00008533,FAN_SIM_8532,MATCH003,1,500000,FAILED,FILE_LOCK,2026-07-13 04:30:24,322
TXN00008516,FAN_SIM_8515,MATCH003,1,500000,FAILED,FILE_LOCK,2026-07-13 04:30:24,460
TXN00008570,FAN_SIM_8574,MATCH003,1,0,FAILED,FILE_LOCK,2026-07-13 04:30:24,1
TXN00008571,FAN_SIM_8575,MATCH003,1,0,FAILED,FILE_LOCK,2026-07-13 04:30:24,0
TXN00008553,FAN_SIM_8550,MATCH003,1,0,FAILED,FILE_LOCK,2026-07-13 04:30:24,326
TXN00008551,FAN_SIM_8551,MATCH003,1,0,FAILED,FILE_LOCK,2026-07-13 04:30:24,327
TXN00008559,FAN_SIM_8558,MATCH003,1,0,FAILED,FILE_LOCK,2026-07-13 04:30:24,238
TXN00008542,FAN_SIM_8541,MATCH003,1,0,FAILED,FILE_LOCK,2026-07-13 04:30:24,334
TXN00008565,FAN_SIM_8564,MATCH003,1,0,FAILED,FILE_LOCK,2026-07-13 04:30:24,67
TXN00008528,FAN_SIM_8527,MATCH003,1,0,FAILED,FILE_LOCK,2026-07-13 04:30:24,480
TXN00008549,FAN_SIM_8548,MATCH003,1,0,FAILED,FILE_LOCK,2026-07-13 04:30:24,334
TXN00008541,FAN_SIM_8540,MATCH003,1,0,FAILED,FILE_LOCK,2026-07-13 04:30:24,335
TXN00008543,FAN_SIM_8542,MATCH003,1,0,FAILED,FILE_LOCK,2026-07-13 04:30:24,335
TXN00008517,FAN_SIM_8516,MATCH003,1,0,FAILED,FILE_LOCK,2026-07-13 04:30:24,496
TXN00008540,FAN_SIM_8539,MATCH003,1,0,FAILED,FILE_LOCK,2026-07-13 04:30:24,336
TXN00008511,FAN_SIM_8510,MATCH003,1,0,FAILED,FILE_LOCK,2026-07-13 04:30:24,496
TXN00008486,FAN_SIM_8485,MATCH003,1,0,FAILED,FILE_LOCK,2026-07-13 04:30:24,499
TXN00008512,FAN_SIM_8511,MATCH003,1,0,FAILED,FILE_LOCK,2026-07-13 04:30:24,498
TXN00008574,FAN_SIM_8578,MATCH003,1,0,FAILED,FILE_LOCK,2026-07-13 04:30:24,1
TXN00008545,FAN_SIM_8544,MATCH003,1,0,FAILED,FILE_LOCK,2026-07-13 04:30:24,335
TXN00008547,FAN_SIM_8545,MATCH003,1,0,FAILED,FILE_LOCK,2026-07-13 04:30:24,334
TXN00008508,FAN_SIM_8507,MATCH003,1,0,FAILED,FILE_LOCK,2026-07-13 04:30:24,499
TXN00008538,FAN_SIM_8537,MATCH003,1,0,FAILED,FILE_LOCK,2026-07-13 04:30:24,342
TXN00008544,FAN_SIM_8543,MATCH003,1,0,FAILED,FILE_LOCK,2026-07-13 04:30:24,336
TXN00008509,FAN_SIM_8508,MATCH003,1,0,FAILED,FILE_LOCK,2026-07-13 04:30:24,498
TXN00008524,FAN_SIM_8523,MATCH003,1,0,FAILED,FILE_LOCK,2026-07-13 04:30:24,498
TXN00008491,FAN_SIM_8491,MATCH003,1,0,FAILED,FILE_LOCK,2026-07-13 04:30:24,502
TXN00008501,FAN_SIM_8500,MATCH003,1,0,FAILED,FILE_LOCK,2026-07-13 04:30:24,501
TXN00008564,FAN_SIM_8563,MATCH003,1,0,FAILED,FILE_LOCK,2026-07-13 04:30:24,69
TXN00008556,FAN_SIM_8555,MATCH003,1,0,FAILED,FILE_LOCK,2026-07-13 04:30:24,282
TXN00008558,FAN_SIM_8557,MATCH003,1,0,FAILED,FILE_LOCK,2026-07-13 04:30:24,279
TXN00008555,FAN_SIM_8554,MATCH003,1,0,FAILED,FILE_LOCK,2026-07-13 04:30:24,283
TXN00008561,FAN_SIM_8560,MATCH003,1,0,FAILED,FILE_LOCK,2026-07-13 04:30:24,238
TXN00008557,FAN_SIM_8556,MATCH003,1,0,FAILED,FILE_LOCK,2026-07-13 04:30:24,282
TXN00008550,FAN_SIM_8549,MATCH003,1,0,FAILED,FILE_LOCK,2026-07-13 04:30:24,335
TXN00008563,FAN_SIM_8562,MATCH003,1,0,FAILED,FILE_LOCK,2026-07-13 04:30:24,116
TXN00008575,FAN_SIM_8579,MATCH003,1,0,FAILED,FILE_LOCK,2026-07-13 04:30:24,1
TXN00008475,FAN_SIM_8474,MATCH003,1,500000,FAILED,FILE_LOCK,2026-07-13 04:30:24,464
TXN00008568,FAN_SIM_8572,MATCH003,1,0,FAILED,FILE_LOCK,2026-07-13 04:30:24,0
TXN00008488,FAN_SIM_8487,MATCH003,1,500000,FAILED,FILE_LOCK,2026-07-13 04:30:24,462
TXN00008562,FAN_SIM_8561,MATCH003,1,500000,FAILED,FILE_LOCK,2026-07-13 04:30:24,109
TXN00008572,FAN_SIM_8576,MATCH003,1,0,FAILED,FILE_LOCK,2026-07-13 04:30:24,1
TXN00008548,FAN_SIM_8547,MATCH003,1,0,FAILED,FILE_LOCK,2026-07-13 04:30:24,337
TXN00008531,FAN_SIM_8530,MATCH003,1,0,FAILED,FILE_LOCK,2026-07-13 04:30:24,481
TXN00008483,FAN_SIM_8482,MATCH003,1,0,FAILED,FILE_LOCK,2026-07-13 04:30:24,503
TXN00008577,FAN_SIM_8566,MATCH003,1,0,FAILED,FILE_LOCK,2026-07-13 04:30:24,45
TXN00008521,FAN_SIM_8520,MATCH003,1,0,FAILED,FILE_LOCK,2026-07-13 04:30:24,500
TXN00008529,FAN_SIM_8528,MATCH003,1,0,FAILED,FILE_LOCK,2026-07-13 04:30:24,484
TXN00008552,FAN_SIM_8552,MATCH003,1,0,FAILED,FILE_LOCK,2026-07-13 04:30:24,333
TXN00008560,FAN_SIM_8559,MATCH003,1,0,FAILED,FILE_LOCK,2026-07-13 04:30:24,242
TXN00008522,FAN_SIM_8521,MATCH003,1,0,FAILED,FILE_LOCK,2026-07-13 04:30:24,500
TXN00008525,FAN_SIM_8524,MATCH003,1,0,FAILED,FILE_LOCK,2026-07-13 04:30:24,497
TXN00008546,FAN_SIM_8546,MATCH003,1,0,FAILED,FILE_LOCK,2026-07-13 04:30:24,339
TXN00008554,FAN_SIM_8553,MATCH003,1,0,FAILED,FILE_LOCK,2026-07-13 04:30:24,331
TXN00008566,FAN_SIM_8570,MATCH003,1,0,FAILED,FILE_LOCK,2026-07-13 04:30:24,46
TXN00008576,FAN_SIM_8565,MATCH003,1,0,FAILED,FILE_LOCK,2026-07-13 04:30:24,48
TXN00008582,FAN_SIM_8581,MATCH003,1,0,FAILED,FILE_LOCK,2026-07-13 04:30:24,1
TXN00008567,FAN_SIM_8571,MATCH003,1,0,FAILED,FILE_LOCK,2026-07-13 04:30:24,46
TXN00008502,FAN_SIM_8501,MATCH003,1,500000,FAILED,FILE_LOCK,2026-07-13 04:30:24,506
TXN00008569,FAN_SIM_8573,MATCH003,1,0,FAILED,FILE_LOCK,2026-07-13 04:30:24,44
TXN00008584,FAN_SIM_8583,MATCH003,1,0,FAILED,FILE_LOCK,2026-07-13 04:30:24,1
TXN00008578,FAN_SIM_8567,MATCH003,1,0,FAILED,FILE_LOCK,2026-07-13 04:30:24,46
TXN00008573,FAN_SIM_8577,MATCH003,1,0,FAILED,FILE_LOCK,2026-07-13 04:30:24,43
TXN00008581,FAN_SIM_8580,MATCH003,1,0,FAILED,FILE_LOCK,2026-07-13 04:30:24,2
TXN00008580,FAN_SIM_8569,MATCH003,1,0,FAILED,FILE_LOCK,2026-07-13 04:30:24,46
TXN00008579,FAN_SIM_8568,MATCH003,1,0,FAILED,FILE_LOCK,2026-07-13 04:30:24,46
TXN00008507,FAN_SIM_8506,MATCH003,1,500000,FAILED,FILE_LOCK,2026-07-13 04:30:24,508
TXN00008510,FAN_SIM_8509,MATCH003,1,500000,FAILED,FILE_LOCK,2026-07-13 04:30:24,507
TXN00008518,FAN_SIM_8517,MATCH003,1,500000,FAILED,FILE_LOCK,2026-07-13 04:30:24,507
TXN00008583,FAN_SIM_8582,MATCH003,1,0,FAILED,FILE_LOCK,2026-07-13 04:30:24,1
TXN00008523,FAN_SIM_8522,MATCH003,1,500000,FAILED,FILE_LOCK,2026-07-13 04:30:24,508
TXN00008513,FAN_SIM_8512,MATCH003,1,500000,FAILED,FILE_LOCK,2026-07-13 04:30:24,509
TXN00008515,FAN_SIM_8514,MATCH003,1,500000,FAILED,FILE_LOCK,2026-07-13 04:30:24,508
TXN00008539,FAN_SIM_8538,MATCH003,1,500000,FAILED,FILE_LOCK,2026-07-13 04:30:24,350
TXN00008645,FAN_SIM_8644,MATCH003,1,0,FAILED,FILE_LOCK,2026-07-13 04:30:24,299
TXN00008640,FAN_SIM_8639,MATCH003,1,0,FAILED,FILE_LOCK,2026-07-13 04:30:24,320
TXN00008639,FAN_SIM_8638,MATCH003,1,0,FAILED,FILE_LOCK,2026-07-13 04:30:24,320
TXN00008617,FAN_SIM_8616,MATCH003,1,0,FAILED,FILE_LOCK,2026-07-13 04:30:24,323
TXN00008632,FAN_SIM_8631,MATCH003,1,0,FAILED,FILE_LOCK,2026-07-13 04:30:24,322
TXN00008633,FAN_SIM_8632,MATCH003,1,0,FAILED,FILE_LOCK,2026-07-13 04:30:24,321
TXN00008592,FAN_SIM_8591,MATCH003,1,0,FAILED,FILE_LOCK,2026-07-13 04:30:24,355
TXN00008612,FAN_SIM_8611,MATCH003,1,0,FAILED,FILE_LOCK,2026-07-13 04:30:24,353
TXN00008630,FAN_SIM_8629,MATCH003,1,0,FAILED,FILE_LOCK,2026-07-13 04:30:24,353
TXN00008654,FAN_SIM_8653,MATCH003,1,0,FAILED,FILE_LOCK,2026-07-13 04:30:24,8
TXN00008601,FAN_SIM_8600,MATCH003,1,0,FAILED,FILE_LOCK,2026-07-13 04:30:24,356
TXN00008585,FAN_SIM_8584,MATCH003,1,0,FAILED,FILE_LOCK,2026-07-13 04:30:24,360
TXN00008588,FAN_SIM_8587,MATCH003,1,0,FAILED,FILE_LOCK,2026-07-13 04:30:24,358
TXN00008615,FAN_SIM_8614,MATCH003,1,0,FAILED,FILE_LOCK,2026-07-13 04:30:24,355
TXN00008614,FAN_SIM_8613,MATCH003,1,0,FAILED,FILE_LOCK,2026-07-13 04:30:24,354
TXN00008593,FAN_SIM_8592,MATCH003,1,0,FAILED,FILE_LOCK,2026-07-13 04:30:24,356
TXN00008603,FAN_SIM_8602,MATCH003,1,0,FAILED,FILE_LOCK,2026-07-13 04:30:24,357
TXN00008595,FAN_SIM_8594,MATCH003,1,0,FAILED,FILE_LOCK,2026-07-13 04:30:24,356
TXN00008608,FAN_SIM_8607,MATCH003,1,0,FAILED,FILE_LOCK,2026-07-13 04:30:24,377
TXN00008660,FAN_SIM_8659,MATCH003,1,0,FAILED,FILE_LOCK,2026-07-13 04:30:24,20
TXN00008663,FAN_SIM_8662,MATCH003,1,0,FAILED,FILE_LOCK,2026-07-13 04:30:24,18
TXN00008631,FAN_SIM_8630,MATCH003,1,0,FAILED,FILE_LOCK,2026-07-13 04:30:24,375
TXN00008661,FAN_SIM_8660,MATCH003,1,0,FAILED,FILE_LOCK,2026-07-13 04:30:24,18
TXN00008666,FAN_SIM_8665,MATCH003,1,0,FAILED,FILE_LOCK,2026-07-13 04:30:24,2
TXN00008589,FAN_SIM_8588,MATCH003,1,0,FAILED,FILE_LOCK,2026-07-13 04:30:24,397
TXN00008629,FAN_SIM_8628,MATCH003,1,0,FAILED,FILE_LOCK,2026-07-13 04:30:24,393
TXN00008609,FAN_SIM_8608,MATCH003,1,0,FAILED,FILE_LOCK,2026-07-13 04:30:24,395
TXN00008594,FAN_SIM_8593,MATCH003,1,0,FAILED,FILE_LOCK,2026-07-13 04:30:24,397
TXN00008634,FAN_SIM_8633,MATCH003,1,0,FAILED,FILE_LOCK,2026-07-13 04:30:24,394
TXN00008641,FAN_SIM_8640,MATCH003,1,0,FAILED,FILE_LOCK,2026-07-13 04:30:24,393
TXN00008674,FAN_SIM_8673,MATCH003,1,0,FAILED,FILE_LOCK,2026-07-13 04:30:24,11
TXN00008669,FAN_SIM_8668,MATCH003,1,0,FAILED,FILE_LOCK,2026-07-13 04:30:24,29
TXN00008590,FAN_SIM_8589,MATCH003,1,0,FAILED,FILE_LOCK,2026-07-13 04:30:24,409
TXN00008676,FAN_SIM_8675,MATCH003,1,0,FAILED,FILE_LOCK,2026-07-13 04:30:24,12
TXN00008677,FAN_SIM_8676,MATCH003,1,0,FAILED,FILE_LOCK,2026-07-13 04:30:24,10
TXN00008649,FAN_SIM_8648,MATCH003,1,0,FAILED,FILE_LOCK,2026-07-13 04:30:24,85
TXN00008597,FAN_SIM_8596,MATCH003,1,0,FAILED,FILE_LOCK,2026-07-13 04:30:24,408
TXN00008625,FAN_SIM_8624,MATCH003,1,0,FAILED,FILE_LOCK,2026-07-13 04:30:24,441
TXN00008652,FAN_SIM_8651,MATCH003,1,0,FAILED,FILE_LOCK,2026-07-13 04:30:24,117
TXN00008655,FAN_SIM_8654,MATCH003,1,0,FAILED,FILE_LOCK,2026-07-13 04:30:24,102
TXN00008604,FAN_SIM_8603,MATCH003,1,0,FAILED,FILE_LOCK,2026-07-13 04:30:24,459
TXN00008643,FAN_SIM_8642,MATCH003,1,0,FAILED,FILE_LOCK,2026-07-13 04:30:24,453
TXN00008686,FAN_SIM_8685,MATCH003,1,0,FAILED,FILE_LOCK,2026-07-13 04:30:24,14
TXN00008600,FAN_SIM_8599,MATCH003,1,0,FAILED,FILE_LOCK,2026-07-13 04:30:24,459
TXN00008587,FAN_SIM_8586,MATCH003,1,500000,FAILED,FILE_LOCK,2026-07-13 04:30:24,461
TXN00008621,FAN_SIM_8620,MATCH003,1,0,FAILED,FILE_LOCK,2026-07-13 04:30:24,457
TXN00008659,FAN_SIM_8658,MATCH003,1,0,FAILED,FILE_LOCK,2026-07-13 04:30:24,101
TXN00008662,FAN_SIM_8661,MATCH003,1,0,FAILED,FILE_LOCK,2026-07-13 04:30:24,98
TXN00008650,FAN_SIM_8649,MATCH003,1,0,FAILED,FILE_LOCK,2026-07-13 04:30:24,121
TXN00008628,FAN_SIM_8627,MATCH003,1,0,FAILED,FILE_LOCK,2026-07-13 04:30:24,456
TXN00008667,FAN_SIM_8666,MATCH003,1,0,FAILED,FILE_LOCK,2026-07-13 04:30:24,81
TXN00008611,FAN_SIM_8610,MATCH003,1,0,FAILED,FILE_LOCK,2026-07-13 04:30:24,457
TXN00008602,FAN_SIM_8601,MATCH003,1,0,FAILED,FILE_LOCK,2026-07-13 04:30:24,460
TXN00008644,FAN_SIM_8643,MATCH003,1,0,FAILED,FILE_LOCK,2026-07-13 04:30:24,441
TXN00008610,FAN_SIM_8609,MATCH003,1,0,FAILED,FILE_LOCK,2026-07-13 04:30:24,458
TXN00008658,FAN_SIM_8657,MATCH003,1,0,FAILED,FILE_LOCK,2026-07-13 04:30:24,102
TXN00008684,FAN_SIM_8683,MATCH003,1,0,FAILED,FILE_LOCK,2026-07-13 04:30:24,50
TXN00008638,FAN_SIM_8637,MATCH003,1,0,FAILED,FILE_LOCK,2026-07-13 04:30:24,456
TXN00008607,FAN_SIM_8606,MATCH003,1,0,FAILED,FILE_LOCK,2026-07-13 04:30:24,459
TXN00008673,FAN_SIM_8672,MATCH003,1,0,FAILED,FILE_LOCK,2026-07-13 04:30:24,64
TXN00008642,FAN_SIM_8641,MATCH003,1,0,FAILED,FILE_LOCK,2026-07-13 04:30:24,455
TXN00008605,FAN_SIM_8604,MATCH003,1,0,FAILED,FILE_LOCK,2026-07-13 04:30:24,459
TXN00008683,FAN_SIM_8682,MATCH003,1,0,FAILED,FILE_LOCK,2026-07-13 04:30:24,50
TXN00008637,FAN_SIM_8636,MATCH003,1,0,FAILED,FILE_LOCK,2026-07-13 04:30:24,456
TXN00008680,FAN_SIM_8679,MATCH003,1,0,FAILED,FILE_LOCK,2026-07-13 04:30:24,50
TXN00008599,FAN_SIM_8598,MATCH003,1,0,FAILED,FILE_LOCK,2026-07-13 04:30:24,460
TXN00008672,FAN_SIM_8671,MATCH003,1,0,FAILED,FILE_LOCK,2026-07-13 04:30:24,79
TXN00008598,FAN_SIM_8597,MATCH003,1,0,FAILED,FILE_LOCK,2026-07-13 04:30:24,460
TXN00008665,FAN_SIM_8664,MATCH003,1,0,FAILED,FILE_LOCK,2026-07-13 04:30:24,97
TXN00008653,FAN_SIM_8652,MATCH003,1,0,FAILED,FILE_LOCK,2026-07-13 04:30:24,114
TXN00008651,FAN_SIM_8650,MATCH003,1,0,FAILED,FILE_LOCK,2026-07-13 04:30:24,119
TXN00008679,FAN_SIM_8678,MATCH003,1,0,FAILED,FILE_LOCK,2026-07-13 04:30:24,50
TXN00008586,FAN_SIM_8585,MATCH003,1,500000,FAILED,FILE_LOCK,2026-07-13 04:30:24,529
TXN00008591,FAN_SIM_8590,MATCH003,1,500000,FAILED,FILE_LOCK,2026-07-13 04:30:24,531
TXN00008626,FAN_SIM_8625,MATCH003,1,0,FAILED,FILE_LOCK,2026-07-13 04:30:24,540
TXN00008719,FAN_SIM_8718,MATCH003,1,0,FAILED,FILE_LOCK,2026-07-13 04:30:24,17
TXN00008616,FAN_SIM_8615,MATCH003,1,0,FAILED,FILE_LOCK,2026-07-13 04:30:24,541
TXN00008710,FAN_SIM_8709,MATCH003,1,0,FAILED,FILE_LOCK,2026-07-13 04:30:24,77
TXN00008685,FAN_SIM_8684,MATCH003,1,0,FAILED,FILE_LOCK,2026-07-13 04:30:24,134
TXN00008657,FAN_SIM_8656,MATCH003,1,0,FAILED,FILE_LOCK,2026-07-13 04:30:24,103
TXN00008647,FAN_SIM_8646,MATCH003,1,500000,FAILED,FILE_LOCK,2026-07-13 04:30:24,519
TXN00008721,FAN_SIM_8720,MATCH003,1,0,FAILED,FILE_LOCK,2026-07-13 04:30:24,3
TXN00008720,FAN_SIM_8719,MATCH003,1,0,FAILED,FILE_LOCK,2026-07-13 04:30:24,12
TXN00008722,FAN_SIM_8721,MATCH003,1,0,FAILED,FILE_LOCK,2026-07-13 04:30:24,3
TXN00008712,FAN_SIM_8711,MATCH003,1,0,FAILED,FILE_LOCK,2026-07-13 04:30:24,78
TXN00008716,FAN_SIM_8715,MATCH003,1,0,FAILED,FILE_LOCK,2026-07-13 04:30:24,73
TXN00008704,FAN_SIM_8703,MATCH003,1,0,FAILED,FILE_LOCK,2026-07-13 04:30:24,78
TXN00008670,FAN_SIM_8669,MATCH003,1,0,FAILED,FILE_LOCK,2026-07-13 04:30:24,185
TXN00008623,FAN_SIM_8622,MATCH003,1,0,FAILED,FILE_LOCK,2026-07-13 04:30:24,564
TXN00008648,FAN_SIM_8647,MATCH003,1,500000,FAILED,FILE_LOCK,2026-07-13 04:30:24,518
TXN00008646,FAN_SIM_8645,MATCH003,1,500000,FAILED,FILE_LOCK,2026-07-13 04:30:24,522
TXN00008606,FAN_SIM_8605,MATCH003,1,500000,FAILED,FILE_LOCK,2026-07-13 04:30:24,545
TXN00008706,FAN_SIM_8705,MATCH003,1,0,FAILED,FILE_LOCK,2026-07-13 04:30:24,78
TXN00008682,FAN_SIM_8681,MATCH003,1,0,FAILED,FILE_LOCK,2026-07-13 04:30:24,136
TXN00008681,FAN_SIM_8680,MATCH003,1,0,FAILED,FILE_LOCK,2026-07-13 04:30:24,156
TXN00008664,FAN_SIM_8663,MATCH003,1,0,FAILED,FILE_LOCK,2026-07-13 04:30:24,204
TXN00008671,FAN_SIM_8670,MATCH003,1,0,FAILED,FILE_LOCK,2026-07-13 04:30:24,185
TXN00008596,FAN_SIM_8595,MATCH003,1,0,FAILED,FILE_LOCK,2026-07-13 04:30:24,566
TXN00008635,FAN_SIM_8634,MATCH003,1,0,FAILED,FILE_LOCK,2026-07-13 04:30:24,561
TXN00008697,FAN_SIM_8696,MATCH003,1,0,FAILED,FILE_LOCK,2026-07-13 04:30:24,101
TXN00008627,FAN_SIM_8626,MATCH003,1,0,FAILED,FILE_LOCK,2026-07-13 04:30:24,541
TXN00008618,FAN_SIM_8617,MATCH003,1,0,FAILED,FILE_LOCK,2026-07-13 04:30:24,542
TXN00008711,FAN_SIM_8710,MATCH003,1,0,FAILED,FILE_LOCK,2026-07-13 04:30:24,99
TXN00008709,FAN_SIM_8708,MATCH003,1,0,FAILED,FILE_LOCK,2026-07-13 04:30:24,100
TXN00008675,FAN_SIM_8674,MATCH003,1,0,FAILED,FILE_LOCK,2026-07-13 04:30:24,193
TXN00008713,FAN_SIM_8712,MATCH003,1,0,FAILED,FILE_LOCK,2026-07-13 04:30:24,100
TXN00008687,FAN_SIM_8686,MATCH003,1,0,FAILED,FILE_LOCK,2026-07-13 04:30:24,105
TXN00008656,FAN_SIM_8655,MATCH003,1,0,FAILED,FILE_LOCK,2026-07-13 04:30:24,211
TXN00008636,FAN_SIM_8635,MATCH003,1,0,FAILED,FILE_LOCK,2026-07-13 04:30:24,561
TXN00008700,FAN_SIM_8699,MATCH003,1,0,FAILED,FILE_LOCK,2026-07-13 04:30:24,99
TXN00008613,FAN_SIM_8612,MATCH003,1,0,FAILED,FILE_LOCK,2026-07-13 04:30:24,459
TXN00008714,FAN_SIM_8713,MATCH003,1,0,FAILED,FILE_LOCK,2026-07-13 04:30:24,78
TXN00008718,FAN_SIM_8717,MATCH003,1,0,FAILED,FILE_LOCK,2026-07-13 04:30:24,94
TXN00008717,FAN_SIM_8716,MATCH003,1,0,FAILED,FILE_LOCK,2026-07-13 04:30:24,94
TXN00008689,FAN_SIM_8688,MATCH003,1,0,FAILED,FILE_LOCK,2026-07-13 04:30:24,131
TXN00008620,FAN_SIM_8619,MATCH003,1,500000,FAILED,FILE_LOCK,2026-07-13 04:30:24,592
TXN00008619,FAN_SIM_8618,MATCH003,1,500000,FAILED,FILE_LOCK,2026-07-13 04:30:24,592
TXN00008692,FAN_SIM_8691,MATCH003,1,0,FAILED,FILE_LOCK,2026-07-13 04:30:24,129
TXN00008668,FAN_SIM_8667,MATCH003,1,0,FAILED,FILE_LOCK,2026-07-13 04:30:24,213
TXN00008624,FAN_SIM_8623,MATCH003,1,500000,FAILED,FILE_LOCK,2026-07-13 04:30:24,592
TXN00008707,FAN_SIM_8706,MATCH003,1,0,FAILED,FILE_LOCK,2026-07-13 04:30:24,126
TXN00008715,FAN_SIM_8714,MATCH003,1,0,FAILED,FILE_LOCK,2026-07-13 04:30:24,125
TXN00008688,FAN_SIM_8687,MATCH003,1,0,FAILED,FILE_LOCK,2026-07-13 04:30:24,130
TXN00008695,FAN_SIM_8694,MATCH003,1,0,FAILED,FILE_LOCK,2026-07-13 04:30:24,127
TXN00008622,FAN_SIM_8621,MATCH003,1,500000,FAILED,FILE_LOCK,2026-07-13 04:30:24,592
TXN00008701,FAN_SIM_8700,MATCH003,1,0,FAILED,FILE_LOCK,2026-07-13 04:30:24,125
TXN00008690,FAN_SIM_8689,MATCH003,1,0,FAILED,FILE_LOCK,2026-07-13 04:30:24,130
TXN00008678,FAN_SIM_8677,MATCH003,1,0,FAILED,FILE_LOCK,2026-07-13 04:30:24,194
TXN00008699,FAN_SIM_8698,MATCH003,1,0,FAILED,FILE_LOCK,2026-07-13 04:30:24,126
TXN00008694,FAN_SIM_8693,MATCH003,1,0,FAILED,FILE_LOCK,2026-07-13 04:30:24,128
TXN00008698,FAN_SIM_8697,MATCH003,1,0,FAILED,FILE_LOCK,2026-07-13 04:30:24,127
TXN00008779,FAN_SIM_8752,MATCH003,1,0,FAILED,FILE_LOCK,2026-07-13 04:30:25,399
TXN00008732,FAN_SIM_8731,MATCH003,1,0,FAILED,FILE_LOCK,2026-07-13 04:30:25,412
TXN00008741,FAN_SIM_8761,MATCH003,1,0,FAILED,FILE_LOCK,2026-07-13 04:30:25,399
TXN00008740,FAN_SIM_8762,MATCH003,1,0,FAILED,FILE_LOCK,2026-07-13 04:30:25,399
TXN00008743,FAN_SIM_8759,MATCH003,1,0,FAILED,FILE_LOCK,2026-07-13 04:30:25,399
TXN00008754,FAN_SIM_8772,MATCH003,1,0,FAILED,FILE_LOCK,2026-07-13 04:30:25,399
TXN00008771,FAN_SIM_8743,MATCH003,1,0,FAILED,FILE_LOCK,2026-07-13 04:30:25,400
TXN00008777,FAN_SIM_8738,MATCH003,1,0,FAILED,FILE_LOCK,2026-07-13 04:30:25,400
TXN00008738,FAN_SIM_8757,MATCH003,1,0,FAILED,FILE_LOCK,2026-07-13 04:30:25,399
TXN00008734,FAN_SIM_8733,MATCH003,1,0,FAILED,FILE_LOCK,2026-07-13 04:30:25,400
TXN00008726,FAN_SIM_8725,MATCH003,1,0,FAILED,FILE_LOCK,2026-07-13 04:30:25,414
TXN00008769,FAN_SIM_8741,MATCH003,1,0,FAILED,FILE_LOCK,2026-07-13 04:30:25,400
TXN00008750,FAN_SIM_8768,MATCH003,1,0,FAILED,FILE_LOCK,2026-07-13 04:30:25,399
TXN00008776,FAN_SIM_8751,MATCH003,1,0,FAILED,FILE_LOCK,2026-07-13 04:30:25,400
TXN00008760,FAN_SIM_8776,MATCH003,1,0,FAILED,FILE_LOCK,2026-07-13 04:30:25,399
TXN00008696,FAN_SIM_8695,MATCH003,1,0,FAILED,FILE_LOCK,2026-07-13 04:30:25,550
TXN00008778,FAN_SIM_8737,MATCH003,1,0,FAILED,FILE_LOCK,2026-07-13 04:30:25,400
TXN00008772,FAN_SIM_8739,MATCH003,1,0,FAILED,FILE_LOCK,2026-07-13 04:30:25,401
TXN00008757,FAN_SIM_8750,MATCH003,1,0,FAILED,FILE_LOCK,2026-07-13 04:30:25,400
TXN00008766,FAN_SIM_8742,MATCH003,1,0,FAILED,FILE_LOCK,2026-07-13 04:30:25,401
TXN00008770,FAN_SIM_8756,MATCH003,1,0,FAILED,FILE_LOCK,2026-07-13 04:30:25,400
TXN00008765,FAN_SIM_8744,MATCH003,1,0,FAILED,FILE_LOCK,2026-07-13 04:30:25,401
TXN00008735,FAN_SIM_8735,MATCH003,1,0,FAILED,FILE_LOCK,2026-07-13 04:30:25,401
TXN00008758,FAN_SIM_8747,MATCH003,1,0,FAILED,FILE_LOCK,2026-07-13 04:30:25,401
TXN00008768,FAN_SIM_8740,MATCH003,1,0,FAILED,FILE_LOCK,2026-07-13 04:30:25,401
TXN00008752,FAN_SIM_8770,MATCH003,1,0,FAILED,FILE_LOCK,2026-07-13 04:30:25,401
TXN00008705,FAN_SIM_8704,MATCH003,1,0,FAILED,FILE_LOCK,2026-07-13 04:30:25,550
TXN00008767,FAN_SIM_8778,MATCH003,1,0,FAILED,FILE_LOCK,2026-07-13 04:30:25,401
TXN00008773,FAN_SIM_8754,MATCH003,1,0,FAILED,FILE_LOCK,2026-07-13 04:30:25,400
TXN00008775,FAN_SIM_8755,MATCH003,1,0,FAILED,FILE_LOCK,2026-07-13 04:30:25,400
TXN00008762,FAN_SIM_8745,MATCH003,1,0,FAILED,FILE_LOCK,2026-07-13 04:30:25,402
TXN00008742,FAN_SIM_8749,MATCH003,1,0,FAILED,FILE_LOCK,2026-07-13 04:30:25,402
TXN00008774,FAN_SIM_8753,MATCH003,1,0,FAILED,FILE_LOCK,2026-07-13 04:30:25,401
TXN00008764,FAN_SIM_8746,MATCH003,1,0,FAILED,FILE_LOCK,2026-07-13 04:30:25,402
TXN00008785,FAN_SIM_8784,MATCH003,1,0,FAILED,FILE_LOCK,2026-07-13 04:30:25,3
TXN00008745,FAN_SIM_8758,MATCH003,1,500000,FAILED,FILE_LOCK,2026-07-13 04:30:25,408
TXN00008703,FAN_SIM_8702,MATCH003,1,500000,FAILED,FILE_LOCK,2026-07-13 04:30:25,552
TXN00008693,FAN_SIM_8692,MATCH003,1,500000,FAILED,FILE_LOCK,2026-07-13 04:30:25,556
TXN00008755,FAN_SIM_8773,MATCH003,1,500000,FAILED,FILE_LOCK,2026-07-13 04:30:25,405
TXN00008783,FAN_SIM_8782,MATCH003,1,0,FAILED,FILE_LOCK,2026-07-13 04:30:25,2
TXN00008708,FAN_SIM_8707,MATCH003,1,500000,FAILED,FILE_LOCK,2026-07-13 04:30:25,552
TXN00008780,FAN_SIM_8779,MATCH003,1,0,FAILED,FILE_LOCK,2026-07-13 04:30:25,1
TXN00008733,FAN_SIM_8732,MATCH003,1,500000,FAILED,FILE_LOCK,2026-07-13 04:30:25,418
TXN00008782,FAN_SIM_8781,MATCH003,1,0,FAILED,FILE_LOCK,2026-07-13 04:30:25,2
TXN00008781,FAN_SIM_8780,MATCH003,1,0,FAILED,FILE_LOCK,2026-07-13 04:30:25,4
TXN00008749,FAN_SIM_8767,MATCH003,1,500000,FAILED,FILE_LOCK,2026-07-13 04:30:25,404
TXN00008784,FAN_SIM_8783,MATCH003,1,0,FAILED,FILE_LOCK,2026-07-13 04:30:25,2
TXN00008786,FAN_SIM_8785,MATCH003,1,0,FAILED,FILE_LOCK,2026-07-13 04:30:25,0
TXN00008727,FAN_SIM_8726,MATCH003,1,500000,FAILED,FILE_LOCK,2026-07-13 04:30:25,421
TXN00008723,FAN_SIM_8722,MATCH003,1,500000,FAILED,FILE_LOCK,2026-07-13 04:30:25,433
TXN00008787,FAN_SIM_8786,MATCH003,1,0,FAILED,FILE_LOCK,2026-07-13 04:30:25,0
TXN00008789,FAN_SIM_8788,MATCH003,1,0,FAILED,FILE_LOCK,2026-07-13 04:30:25,1
TXN00008788,FAN_SIM_8787,MATCH003,1,0,FAILED,FILE_LOCK,2026-07-13 04:30:25,1
TXN00008724,FAN_SIM_8723,MATCH003,1,500000,FAILED,FILE_LOCK,2026-07-13 04:30:25,429
TXN00008792,FAN_SIM_8791,MATCH003,1,0,FAILED,FILE_LOCK,2026-07-13 04:30:25,2
TXN00008790,FAN_SIM_8789,MATCH003,1,0,FAILED,FILE_LOCK,2026-07-13 04:30:25,2
TXN00008791,FAN_SIM_8790,MATCH003,1,0,FAILED,FILE_LOCK,2026-07-13 04:30:25,2
TXN00008793,FAN_SIM_8792,MATCH003,1,0,FAILED,FILE_LOCK,2026-07-13 04:30:25,2
TXN00008794,FAN_SIM_8793,MATCH003,1,0,FAILED,FILE_LOCK,2026-07-13 04:30:25,2
TXN00008761,FAN_SIM_8777,MATCH003,1,500000,FAILED,FILE_LOCK,2026-07-13 04:30:25,416
TXN00008702,FAN_SIM_8701,MATCH003,1,500000,FAILED,FILE_LOCK,2026-07-13 04:30:25,565
TXN00008756,FAN_SIM_8774,MATCH003,1,500000,FAILED,FILE_LOCK,2026-07-13 04:30:25,416
TXN00008753,FAN_SIM_8771,MATCH003,1,500000,FAILED,FILE_LOCK,2026-07-13 04:30:25,416
TXN00008731,FAN_SIM_8730,MATCH003,1,500000,FAILED,FILE_LOCK,2026-07-13 04:30:25,430
TXN00008795,FAN_SIM_8794,MATCH003,1,0,FAILED,FILE_LOCK,2026-07-13 04:30:25,3
TXN00008691,FAN_SIM_8690,MATCH003,1,500000,FAILED,FILE_LOCK,2026-07-13 04:30:25,570
TXN00008796,FAN_SIM_8795,MATCH003,1,0,FAILED,FILE_LOCK,2026-07-13 04:30:25,3
TXN00008744,FAN_SIM_8763,MATCH003,1,500000,FAILED,FILE_LOCK,2026-07-13 04:30:25,417
TXN00008797,FAN_SIM_8796,MATCH003,1,0,FAILED,FILE_LOCK,2026-07-13 04:30:25,2
TXN00008798,FAN_SIM_8797,MATCH003,1,0,FAILED,FILE_LOCK,2026-07-13 04:30:25,2
TXN00008739,FAN_SIM_8760,MATCH003,1,500000,FAILED,FILE_LOCK,2026-07-13 04:30:25,418
TXN00008799,FAN_SIM_8798,MATCH003,1,0,FAILED,FILE_LOCK,2026-07-13 04:30:25,2
TXN00008736,FAN_SIM_8734,MATCH003,1,500000,FAILED,FILE_LOCK,2026-07-13 04:30:25,419
TXN00008751,FAN_SIM_8769,MATCH003,1,500000,FAILED,FILE_LOCK,2026-07-13 04:30:25,420
TXN00008725,FAN_SIM_8724,MATCH003,1,500000,FAILED,FILE_LOCK,2026-07-13 04:30:25,435
TXN00008802,FAN_SIM_8801,MATCH003,1,0,FAILED,FILE_LOCK,2026-07-13 04:30:25,1
TXN00008759,FAN_SIM_8775,MATCH003,1,500000,FAILED,FILE_LOCK,2026-07-13 04:30:25,419
TXN00008747,FAN_SIM_8765,MATCH003,1,500000,FAILED,FILE_LOCK,2026-07-13 04:30:25,420
TXN00008801,FAN_SIM_8800,MATCH003,1,0,FAILED,FILE_LOCK,2026-07-13 04:30:25,1
TXN00008803,FAN_SIM_8802,MATCH003,1,0,FAILED,FILE_LOCK,2026-07-13 04:30:25,1
TXN00008730,FAN_SIM_8728,MATCH003,1,500000,FAILED,FILE_LOCK,2026-07-13 04:30:25,434
TXN00008763,FAN_SIM_8748,MATCH003,1,500000,FAILED,FILE_LOCK,2026-07-13 04:30:25,419
TXN00008800,FAN_SIM_8799,MATCH003,1,0,FAILED,FILE_LOCK,2026-07-13 04:30:25,2
TXN00008748,FAN_SIM_8766,MATCH003,1,500000,FAILED,FILE_LOCK,2026-07-13 04:30:25,419
TXN00008737,FAN_SIM_8736,MATCH003,1,500000,FAILED,FILE_LOCK,2026-07-13 04:30:25,552
TXN00008746,FAN_SIM_8764,MATCH003,1,500000,FAILED,FILE_LOCK,2026-07-13 04:30:25,551
TXN00008729,FAN_SIM_8729,MATCH003,1,500000,FAILED,FILE_LOCK,2026-07-13 04:30:25,565
TXN00008853,FAN_SIM_8852,MATCH003,1,0,FAILED,FILE_LOCK,2026-07-13 04:30:25,124
TXN00008857,FAN_SIM_8856,MATCH003,1,0,FAILED,FILE_LOCK,2026-07-13 04:30:25,124
TXN00008847,FAN_SIM_8846,MATCH003,1,0,FAILED,FILE_LOCK,2026-07-13 04:30:25,125
TXN00008728,FAN_SIM_8727,MATCH003,1,500000,FAILED,FILE_LOCK,2026-07-13 04:30:25,565
TXN00008827,FAN_SIM_8826,MATCH003,1,0,FAILED,FILE_LOCK,2026-07-13 04:30:25,127
TXN00008862,FAN_SIM_8861,MATCH003,1,0,FAILED,FILE_LOCK,2026-07-13 04:30:25,123
TXN00008860,FAN_SIM_8859,MATCH003,1,0,FAILED,FILE_LOCK,2026-07-13 04:30:25,123
TXN00008818,FAN_SIM_8817,MATCH003,1,0,FAILED,FILE_LOCK,2026-07-13 04:30:25,129
TXN00008855,FAN_SIM_8854,MATCH003,1,0,FAILED,FILE_LOCK,2026-07-13 04:30:25,125
TXN00008846,FAN_SIM_8845,MATCH003,1,0,FAILED,FILE_LOCK,2026-07-13 04:30:25,126
TXN00008861,FAN_SIM_8860,MATCH003,1,0,FAILED,FILE_LOCK,2026-07-13 04:30:25,124
TXN00008859,FAN_SIM_8858,MATCH003,1,0,FAILED,FILE_LOCK,2026-07-13 04:30:25,124
TXN00008854,FAN_SIM_8853,MATCH003,1,0,FAILED,FILE_LOCK,2026-07-13 04:30:25,125
TXN00008836,FAN_SIM_8835,MATCH003,1,0,FAILED,FILE_LOCK,2026-07-13 04:30:25,127
TXN00008824,FAN_SIM_8823,MATCH003,1,0,FAILED,FILE_LOCK,2026-07-13 04:30:25,128
TXN00008851,FAN_SIM_8850,MATCH003,1,0,FAILED,FILE_LOCK,2026-07-13 04:30:25,126
TXN00008806,FAN_SIM_8805,MATCH003,1,0,FAILED,FILE_LOCK,2026-07-13 04:30:25,135
TXN00008838,FAN_SIM_8837,MATCH003,1,0,FAILED,FILE_LOCK,2026-07-13 04:30:25,128
TXN00008845,FAN_SIM_8844,MATCH003,1,0,FAILED,FILE_LOCK,2026-07-13 04:30:25,127
TXN00008841,FAN_SIM_8840,MATCH003,1,0,FAILED,FILE_LOCK,2026-07-13 04:30:25,127
TXN00008839,FAN_SIM_8838,MATCH003,1,0,FAILED,FILE_LOCK,2026-07-13 04:30:25,128
TXN00008840,FAN_SIM_8839,MATCH003,1,0,FAILED,FILE_LOCK,2026-07-13 04:30:25,127
TXN00008825,FAN_SIM_8824,MATCH003,1,0,FAILED,FILE_LOCK,2026-07-13 04:30:25,129
TXN00008833,FAN_SIM_8832,MATCH003,1,0,FAILED,FILE_LOCK,2026-07-13 04:30:25,129
TXN00008842,FAN_SIM_8841,MATCH003,1,0,FAILED,FILE_LOCK,2026-07-13 04:30:25,127
TXN00008837,FAN_SIM_8836,MATCH003,1,0,FAILED,FILE_LOCK,2026-07-13 04:30:25,128
TXN00008858,FAN_SIM_8857,MATCH003,1,0,FAILED,FILE_LOCK,2026-07-13 04:30:25,129
TXN00008808,FAN_SIM_8807,MATCH003,1,0,FAILED,FILE_LOCK,2026-07-13 04:30:25,134
TXN00008809,FAN_SIM_8808,MATCH003,1,0,FAILED,FILE_LOCK,2026-07-13 04:30:25,134
TXN00008826,FAN_SIM_8825,MATCH003,1,0,FAILED,FILE_LOCK,2026-07-13 04:30:25,132
TXN00008819,FAN_SIM_8818,MATCH003,1,0,FAILED,FILE_LOCK,2026-07-13 04:30:25,131
TXN00008828,FAN_SIM_8827,MATCH003,1,0,FAILED,FILE_LOCK,2026-07-13 04:30:25,130
TXN00008812,FAN_SIM_8811,MATCH003,1,0,FAILED,FILE_LOCK,2026-07-13 04:30:25,132
TXN00008848,FAN_SIM_8848,MATCH003,1,0,FAILED,FILE_LOCK,2026-07-13 04:30:25,130
TXN00008821,FAN_SIM_8820,MATCH003,1,0,FAILED,FILE_LOCK,2026-07-13 04:30:25,133
TXN00008810,FAN_SIM_8809,MATCH003,1,0,FAILED,FILE_LOCK,2026-07-13 04:30:25,133
TXN00008868,FAN_SIM_8867,MATCH003,1,0,FAILED,FILE_LOCK,2026-07-13 04:30:25,2
TXN00008835,FAN_SIM_8834,MATCH003,1,0,FAILED,FILE_LOCK,2026-07-13 04:30:25,129
TXN00008844,FAN_SIM_8843,MATCH003,1,0,FAILED,FILE_LOCK,2026-07-13 04:30:25,128
TXN00008816,FAN_SIM_8815,MATCH003,1,0,FAILED,FILE_LOCK,2026-07-13 04:30:25,133
TXN00008813,FAN_SIM_8812,MATCH003,1,0,FAILED,FILE_LOCK,2026-07-13 04:30:25,132
TXN00008831,FAN_SIM_8830,MATCH003,1,0,FAILED,FILE_LOCK,2026-07-13 04:30:25,132
TXN00008804,FAN_SIM_8803,MATCH003,1,500000,FAILED,FILE_LOCK,2026-07-13 04:30:25,140
TXN00008866,FAN_SIM_8865,MATCH003,1,0,FAILED,FILE_LOCK,2026-07-13 04:30:25,4
TXN00008820,FAN_SIM_8819,MATCH003,1,0,FAILED,FILE_LOCK,2026-07-13 04:30:25,133
TXN00008817,FAN_SIM_8816,MATCH003,1,0,FAILED,FILE_LOCK,2026-07-13 04:30:25,133
TXN00008843,FAN_SIM_8842,MATCH003,1,0,FAILED,FILE_LOCK,2026-07-13 04:30:25,130
TXN00008814,FAN_SIM_8813,MATCH003,1,0,FAILED,FILE_LOCK,2026-07-13 04:30:25,132
TXN00008867,FAN_SIM_8866,MATCH003,1,0,FAILED,FILE_LOCK,2026-07-13 04:30:25,3
TXN00008832,FAN_SIM_8831,MATCH003,1,0,FAILED,FILE_LOCK,2026-07-13 04:30:25,130
TXN00008823,FAN_SIM_8822,MATCH003,1,0,FAILED,FILE_LOCK,2026-07-13 04:30:25,133
TXN00008856,FAN_SIM_8855,MATCH003,1,0,FAILED,FILE_LOCK,2026-07-13 04:30:25,127
TXN00008849,FAN_SIM_8849,MATCH003,1,0,FAILED,FILE_LOCK,2026-07-13 04:30:25,128
TXN00008822,FAN_SIM_8821,MATCH003,1,0,FAILED,FILE_LOCK,2026-07-13 04:30:25,133
TXN00008807,FAN_SIM_8806,MATCH003,1,0,FAILED,FILE_LOCK,2026-07-13 04:30:25,135
TXN00008811,FAN_SIM_8810,MATCH003,1,0,FAILED,FILE_LOCK,2026-07-13 04:30:25,133
TXN00008834,FAN_SIM_8833,MATCH003,1,0,FAILED,FILE_LOCK,2026-07-13 04:30:25,128
TXN00008805,FAN_SIM_8804,MATCH003,1,500000,FAILED,FILE_LOCK,2026-07-13 04:30:25,139
TXN00008852,FAN_SIM_8851,MATCH003,1,0,FAILED,FILE_LOCK,2026-07-13 04:30:25,128
TXN00008863,FAN_SIM_8862,MATCH003,1,0,FAILED,FILE_LOCK,2026-07-13 04:30:25,126
TXN00008829,FAN_SIM_8828,MATCH003,1,0,FAILED,FILE_LOCK,2026-07-13 04:30:25,129
TXN00008815,FAN_SIM_8814,MATCH003,1,0,FAILED,FILE_LOCK,2026-07-13 04:30:25,131
TXN00008830,FAN_SIM_8829,MATCH003,1,0,FAILED,FILE_LOCK,2026-07-13 04:30:25,129
TXN00008865,FAN_SIM_8864,MATCH003,1,0,FAILED,FILE_LOCK,2026-07-13 04:30:25,4
TXN00008850,FAN_SIM_8847,MATCH003,1,0,FAILED,FILE_LOCK,2026-07-13 04:30:25,128
TXN00008864,FAN_SIM_8863,MATCH003,1,0,FAILED,FILE_LOCK,2026-07-13 04:30:25,5
TXN00008931,FAN_SIM_8930,MATCH003,1,0,FAILED,FILE_LOCK,2026-07-13 04:30:25,151
TXN00008932,FAN_SIM_8931,MATCH003,1,0,FAILED,FILE_LOCK,2026-07-13 04:30:25,151
TXN00008887,FAN_SIM_8886,MATCH003,1,0,FAILED,FILE_LOCK,2026-07-13 04:30:25,180
TXN00008873,FAN_SIM_8872,MATCH003,1,0,FAILED,FILE_LOCK,2026-07-13 04:30:25,188
TXN00008926,FAN_SIM_8925,MATCH003,1,0,FAILED,FILE_LOCK,2026-07-13 04:30:25,152
TXN00008897,FAN_SIM_8896,MATCH003,1,0,FAILED,FILE_LOCK,2026-07-13 04:30:25,179
TXN00008889,FAN_SIM_8888,MATCH003,1,0,FAILED,FILE_LOCK,2026-07-13 04:30:25,181
TXN00008905,FAN_SIM_8904,MATCH003,1,0,FAILED,FILE_LOCK,2026-07-13 04:30:25,179
TXN00008930,FAN_SIM_8929,MATCH003,1,0,FAILED,FILE_LOCK,2026-07-13 04:30:25,152
TXN00008898,FAN_SIM_8897,MATCH003,1,0,FAILED,FILE_LOCK,2026-07-13 04:30:25,179
TXN00008871,FAN_SIM_8870,MATCH003,1,0,FAILED,FILE_LOCK,2026-07-13 04:30:25,190
TXN00008892,FAN_SIM_8891,MATCH003,1,0,FAILED,FILE_LOCK,2026-07-13 04:30:25,181
TXN00008895,FAN_SIM_8894,MATCH003,1,0,FAILED,FILE_LOCK,2026-07-13 04:30:25,179
TXN00008906,FAN_SIM_8905,MATCH003,1,0,FAILED,FILE_LOCK,2026-07-13 04:30:25,180
TXN00008875,FAN_SIM_8875,MATCH003,1,0,FAILED,FILE_LOCK,2026-07-13 04:30:25,188
TXN00008894,FAN_SIM_8893,MATCH003,1,0,FAILED,FILE_LOCK,2026-07-13 04:30:25,180
TXN00008883,FAN_SIM_8882,MATCH003,1,0,FAILED,FILE_LOCK,2026-07-13 04:30:25,183
TXN00008891,FAN_SIM_8890,MATCH003,1,0,FAILED,FILE_LOCK,2026-07-13 04:30:25,182
TXN00008879,FAN_SIM_8878,MATCH003,1,0,FAILED,FILE_LOCK,2026-07-13 04:30:25,188
TXN00008877,FAN_SIM_8876,MATCH003,1,0,FAILED,FILE_LOCK,2026-07-13 04:30:25,187
TXN00008923,FAN_SIM_8922,MATCH003,1,0,FAILED,FILE_LOCK,2026-07-13 04:30:25,155
TXN00008917,FAN_SIM_8917,MATCH003,1,0,FAILED,FILE_LOCK,2026-07-13 04:30:25,178
TXN00008882,FAN_SIM_8881,MATCH003,1,0,FAILED,FILE_LOCK,2026-07-13 04:30:25,185
TXN00008928,FAN_SIM_8927,MATCH003,1,0,FAILED,FILE_LOCK,2026-07-13 04:30:25,152
TXN00008929,FAN_SIM_8928,MATCH003,1,0,FAILED,FILE_LOCK,2026-07-13 04:30:25,153
TXN00008908,FAN_SIM_8907,MATCH003,1,0,FAILED,FILE_LOCK,2026-07-13 04:30:25,180
TXN00008912,FAN_SIM_8911,MATCH003,1,0,FAILED,FILE_LOCK,2026-07-13 04:30:25,180
TXN00008899,FAN_SIM_8898,MATCH003,1,0,FAILED,FILE_LOCK,2026-07-13 04:30:25,181
TXN00008924,FAN_SIM_8923,MATCH003,1,0,FAILED,FILE_LOCK,2026-07-13 04:30:25,153
TXN00008909,FAN_SIM_8908,MATCH003,1,0,FAILED,FILE_LOCK,2026-07-13 04:30:25,182
TXN00008886,FAN_SIM_8885,MATCH003,1,0,FAILED,FILE_LOCK,2026-07-13 04:30:25,182
TXN00008907,FAN_SIM_8906,MATCH003,1,0,FAILED,FILE_LOCK,2026-07-13 04:30:25,183
TXN00008896,FAN_SIM_8895,MATCH003,1,0,FAILED,FILE_LOCK,2026-07-13 04:30:25,180
TXN00008933,FAN_SIM_8932,MATCH003,1,0,FAILED,FILE_LOCK,2026-07-13 04:30:25,3
TXN00008900,FAN_SIM_8899,MATCH003,1,0,FAILED,FILE_LOCK,2026-07-13 04:30:25,183
TXN00008920,FAN_SIM_8919,MATCH003,1,0,FAILED,FILE_LOCK,2026-07-13 04:30:25,160
TXN00008904,FAN_SIM_8903,MATCH003,1,0,FAILED,FILE_LOCK,2026-07-13 04:30:25,179
TXN00008881,FAN_SIM_8880,MATCH003,1,500000,FAILED,FILE_LOCK,2026-07-13 04:30:25,190
TXN00008870,FAN_SIM_8869,MATCH003,1,500000,FAILED,FILE_LOCK,2026-07-13 04:30:25,194
TXN00008876,FAN_SIM_8874,MATCH003,1,0,FAILED,FILE_LOCK,2026-07-13 04:30:25,193
TXN00008925,FAN_SIM_8924,MATCH003,1,0,FAILED,FILE_LOCK,2026-07-13 04:30:25,158
TXN00008893,FAN_SIM_8892,MATCH003,1,0,FAILED,FILE_LOCK,2026-07-13 04:30:25,181
TXN00008934,FAN_SIM_8933,MATCH003,1,0,FAILED,FILE_LOCK,2026-07-13 04:30:25,5
TXN00008880,FAN_SIM_8879,MATCH003,1,0,FAILED,FILE_LOCK,2026-07-13 04:30:25,192
TXN00008903,FAN_SIM_8902,MATCH003,1,0,FAILED,FILE_LOCK,2026-07-13 04:30:25,185
TXN00008935,FAN_SIM_8934,MATCH003,1,0,FAILED,FILE_LOCK,2026-07-13 04:30:25,4
TXN00008936,FAN_SIM_8935,MATCH003,1,0,FAILED,FILE_LOCK,2026-07-13 04:30:25,3
TXN00008878,FAN_SIM_8877,MATCH003,1,0,FAILED,FILE_LOCK,2026-07-13 04:30:25,192
TXN00008902,FAN_SIM_8901,MATCH003,1,0,FAILED,FILE_LOCK,2026-07-13 04:30:25,185
TXN00008888,FAN_SIM_8887,MATCH003,1,0,FAILED,FILE_LOCK,2026-07-13 04:30:25,186
TXN00008915,FAN_SIM_8914,MATCH003,1,0,FAILED,FILE_LOCK,2026-07-13 04:30:25,185
TXN00008874,FAN_SIM_8873,MATCH003,1,500000,FAILED,FILE_LOCK,2026-07-13 04:30:25,194
TXN00008922,FAN_SIM_8921,MATCH003,1,0,FAILED,FILE_LOCK,2026-07-13 04:30:25,162
TXN00008910,FAN_SIM_8909,MATCH003,1,0,FAILED,FILE_LOCK,2026-07-13 04:30:25,185
TXN00008911,FAN_SIM_8910,MATCH003,1,0,FAILED,FILE_LOCK,2026-07-13 04:30:25,184
TXN00008921,FAN_SIM_8920,MATCH003,1,0,FAILED,FILE_LOCK,2026-07-13 04:30:25,163
TXN00008890,FAN_SIM_8889,MATCH003,1,0,FAILED,FILE_LOCK,2026-07-13 04:30:25,187
TXN00008885,FAN_SIM_8884,MATCH003,1,0,FAILED,FILE_LOCK,2026-07-13 04:30:25,187
TXN00008927,FAN_SIM_8926,MATCH003,1,0,FAILED,FILE_LOCK,2026-07-13 04:30:25,159
TXN00008918,FAN_SIM_8916,MATCH003,1,0,FAILED,FILE_LOCK,2026-07-13 04:30:25,183
TXN00008919,FAN_SIM_8918,MATCH003,1,0,FAILED,FILE_LOCK,2026-07-13 04:30:25,182
TXN00008869,FAN_SIM_8868,MATCH003,1,0,FAILED,FILE_LOCK,2026-07-13 04:30:25,197
TXN00008914,FAN_SIM_8913,MATCH003,1,0,FAILED,FILE_LOCK,2026-07-13 04:30:25,185
TXN00008872,FAN_SIM_8871,MATCH003,1,0,FAILED,FILE_LOCK,2026-07-13 04:30:25,194
TXN00008884,FAN_SIM_8883,MATCH003,1,0,FAILED,FILE_LOCK,2026-07-13 04:30:25,189
TXN00008913,FAN_SIM_8912,MATCH003,1,0,FAILED,FILE_LOCK,2026-07-13 04:30:25,185
TXN00008916,FAN_SIM_8915,MATCH003,1,0,FAILED,FILE_LOCK,2026-07-13 04:30:25,184
TXN00008945,FAN_SIM_8944,MATCH003,1,0,FAILED,FILE_LOCK,2026-07-13 04:30:25,214
TXN00008953,FAN_SIM_8953,MATCH003,1,0,FAILED,FILE_LOCK,2026-07-13 04:30:25,213
TXN00008951,FAN_SIM_8951,MATCH003,1,0,FAILED,FILE_LOCK,2026-07-13 04:30:25,214
TXN00008972,FAN_SIM_8971,MATCH003,1,0,FAILED,FILE_LOCK,2026-07-13 04:30:25,213
TXN00008997,FAN_SIM_8996,MATCH003,1,0,FAILED,FILE_LOCK,2026-07-13 04:30:25,210
TXN00008973,FAN_SIM_8972,MATCH003,1,0,FAILED,FILE_LOCK,2026-07-13 04:30:25,212
TXN00008954,FAN_SIM_8954,MATCH003,1,0,FAILED,FILE_LOCK,2026-07-13 04:30:25,214
TXN00008991,FAN_SIM_8990,MATCH003,1,0,FAILED,FILE_LOCK,2026-07-13 04:30:25,211
TXN00008969,FAN_SIM_8968,MATCH003,1,0,FAILED,FILE_LOCK,2026-07-13 04:30:25,213
TXN00008970,FAN_SIM_8969,MATCH003,1,0,FAILED,FILE_LOCK,2026-07-13 04:30:25,213
TXN00008901,FAN_SIM_8900,MATCH003,1,0,FAILED,FILE_LOCK,2026-07-13 04:30:25,409
TXN00008941,FAN_SIM_8940,MATCH003,1,0,FAILED,FILE_LOCK,2026-07-13 04:30:25,219
TXN00008938,FAN_SIM_8937,MATCH003,1,0,FAILED,FILE_LOCK,2026-07-13 04:30:25,225
TXN00008990,FAN_SIM_8989,MATCH003,1,0,FAILED,FILE_LOCK,2026-07-13 04:30:25,212
TXN00008940,FAN_SIM_8939,MATCH003,1,0,FAILED,FILE_LOCK,2026-07-13 04:30:25,222
TXN00008959,FAN_SIM_8946,MATCH003,1,0,FAILED,FILE_LOCK,2026-07-13 04:30:25,215
TXN00008966,FAN_SIM_8965,MATCH003,1,0,FAILED,FILE_LOCK,2026-07-13 04:30:25,214
TXN00008942,FAN_SIM_8941,MATCH003,1,0,FAILED,FILE_LOCK,2026-07-13 04:30:25,219
TXN00008967,FAN_SIM_8966,MATCH003,1,0,FAILED,FILE_LOCK,2026-07-13 04:30:25,214
TXN00008952,FAN_SIM_8952,MATCH003,1,0,FAILED,FILE_LOCK,2026-07-13 04:30:25,215
TXN00008977,FAN_SIM_8976,MATCH003,1,0,FAILED,FILE_LOCK,2026-07-13 04:30:25,213
TXN00008937,FAN_SIM_8936,MATCH003,1,0,FAILED,FILE_LOCK,2026-07-13 04:30:25,226
TXN00008964,FAN_SIM_8962,MATCH003,1,0,FAILED,FILE_LOCK,2026-07-13 04:30:25,215
TXN00008996,FAN_SIM_8995,MATCH003,1,0,FAILED,FILE_LOCK,2026-07-13 04:30:25,212
TXN00008939,FAN_SIM_8938,MATCH003,1,0,FAILED,FILE_LOCK,2026-07-13 04:30:25,224
TXN00008985,FAN_SIM_8984,MATCH003,1,0,FAILED,FILE_LOCK,2026-07-13 04:30:25,213
TXN00008955,FAN_SIM_8955,MATCH003,1,0,FAILED,FILE_LOCK,2026-07-13 04:30:25,216
TXN00008957,FAN_SIM_8957,MATCH003,1,0,FAILED,FILE_LOCK,2026-07-13 04:30:25,216
TXN00008995,FAN_SIM_8994,MATCH003,1,0,FAILED,FILE_LOCK,2026-07-13 04:30:25,212
TXN00008998,FAN_SIM_8997,MATCH003,1,0,FAILED,FILE_LOCK,2026-07-13 04:30:25,212
TXN00008999,FAN_SIM_8998,MATCH003,1,0,FAILED,FILE_LOCK,2026-07-13 04:30:25,212
TXN00008971,FAN_SIM_8970,MATCH003,1,0,FAILED,FILE_LOCK,2026-07-13 04:30:25,215
TXN00008992,FAN_SIM_8991,MATCH003,1,0,FAILED,FILE_LOCK,2026-07-13 04:30:25,213
TXN00008958,FAN_SIM_8958,MATCH003,1,0,FAILED,FILE_LOCK,2026-07-13 04:30:25,216
TXN00008984,FAN_SIM_8983,MATCH003,1,0,FAILED,FILE_LOCK,2026-07-13 04:30:25,213
TXN00008943,FAN_SIM_8942,MATCH003,1,0,FAILED,FILE_LOCK,2026-07-13 04:30:25,220
TXN00008987,FAN_SIM_8986,MATCH003,1,500000,FAILED,FILE_LOCK,2026-07-13 04:30:25,215
TXN00008993,FAN_SIM_8992,MATCH003,1,0,FAILED,FILE_LOCK,2026-07-13 04:30:25,213
TXN00008980,FAN_SIM_8979,MATCH003,1,0,FAILED,FILE_LOCK,2026-07-13 04:30:25,216
TXN00008949,FAN_SIM_8949,MATCH003,1,0,FAILED,FILE_LOCK,2026-07-13 04:30:25,218
TXN00008950,FAN_SIM_8950,MATCH003,1,0,FAILED,FILE_LOCK,2026-07-13 04:30:25,218
TXN00008963,FAN_SIM_8963,MATCH003,1,0,FAILED,FILE_LOCK,2026-07-13 04:30:25,216
TXN00008994,FAN_SIM_8993,MATCH003,1,0,FAILED,FILE_LOCK,2026-07-13 04:30:25,213
TXN00008989,FAN_SIM_8988,MATCH003,1,0,FAILED,FILE_LOCK,2026-07-13 04:30:25,214
TXN00008944,FAN_SIM_8943,MATCH003,1,0,FAILED,FILE_LOCK,2026-07-13 04:30:25,219
TXN00008986,FAN_SIM_8985,MATCH003,1,0,FAILED,FILE_LOCK,2026-07-13 04:30:25,214
TXN00008962,FAN_SIM_8961,MATCH003,1,0,FAILED,FILE_LOCK,2026-07-13 04:30:25,217
TXN00008946,FAN_SIM_8945,MATCH003,1,0,FAILED,FILE_LOCK,2026-07-13 04:30:25,218
TXN00008983,FAN_SIM_8982,MATCH003,1,0,FAILED,FILE_LOCK,2026-07-13 04:30:25,215
TXN00008975,FAN_SIM_8974,MATCH003,1,0,FAILED,FILE_LOCK,2026-07-13 04:30:25,214
TXN00008948,FAN_SIM_8948,MATCH003,1,0,FAILED,FILE_LOCK,2026-07-13 04:30:25,217
TXN00008982,FAN_SIM_8981,MATCH003,1,0,FAILED,FILE_LOCK,2026-07-13 04:30:25,215
TXN00008947,FAN_SIM_8947,MATCH003,1,0,FAILED,FILE_LOCK,2026-07-13 04:30:25,218
TXN00008961,FAN_SIM_8960,MATCH003,1,0,FAILED,FILE_LOCK,2026-07-13 04:30:25,217
TXN00008978,FAN_SIM_8977,MATCH003,1,0,FAILED,FILE_LOCK,2026-07-13 04:30:25,214
TXN00008988,FAN_SIM_8987,MATCH003,1,0,FAILED,FILE_LOCK,2026-07-13 04:30:25,214
TXN00008974,FAN_SIM_8973,MATCH003,1,0,FAILED,FILE_LOCK,2026-07-13 04:30:25,215
TXN00008981,FAN_SIM_8980,MATCH003,1,0,FAILED,FILE_LOCK,2026-07-13 04:30:25,214
TXN00008956,FAN_SIM_8956,MATCH003,1,0,FAILED,FILE_LOCK,2026-07-13 04:30:25,217
TXN00008976,FAN_SIM_8975,MATCH003,1,0,FAILED,FILE_LOCK,2026-07-13 04:30:25,215
TXN00008965,FAN_SIM_8964,MATCH003,1,0,FAILED,FILE_LOCK,2026-07-13 04:30:25,216
TXN00008960,FAN_SIM_8959,MATCH003,1,0,FAILED,FILE_LOCK,2026-07-13 04:30:25,217
TXN00008968,FAN_SIM_8967,MATCH003,1,0,FAILED,FILE_LOCK,2026-07-13 04:30:25,216
TXN00008979,FAN_SIM_8978,MATCH003,1,0,FAILED,FILE_LOCK,2026-07-13 04:30:25,216
TXN00009006,FAN_SIM_9005,MATCH003,1,0,FAILED,FILE_LOCK,2026-07-13 04:30:25,226
TXN00009043,FAN_SIM_9042,MATCH003,1,0,FAILED,FILE_LOCK,2026-07-13 04:30:25,215
TXN00009056,FAN_SIM_9055,MATCH003,1,0,FAILED,FILE_LOCK,2026-07-13 04:30:25,214
TXN00009052,FAN_SIM_9051,MATCH003,1,0,FAILED,FILE_LOCK,2026-07-13 04:30:25,214
TXN00009046,FAN_SIM_9045,MATCH003,1,0,FAILED,FILE_LOCK,2026-07-13 04:30:25,214
TXN00009063,FAN_SIM_9062,MATCH003,1,0,FAILED,FILE_LOCK,2026-07-13 04:30:25,212
TXN00009022,FAN_SIM_9021,MATCH003,1,0,FAILED,FILE_LOCK,2026-07-13 04:30:25,216
TXN00009049,FAN_SIM_9048,MATCH003,1,0,FAILED,FILE_LOCK,2026-07-13 04:30:25,215
TXN00009036,FAN_SIM_9035,MATCH003,1,0,FAILED,FILE_LOCK,2026-07-13 04:30:25,216
TXN00009007,FAN_SIM_9006,MATCH003,1,0,FAILED,FILE_LOCK,2026-07-13 04:30:25,226
TXN00009045,FAN_SIM_9044,MATCH003,1,0,FAILED,FILE_LOCK,2026-07-13 04:30:25,216
TXN00009031,FAN_SIM_9030,MATCH003,1,0,FAILED,FILE_LOCK,2026-07-13 04:30:25,217
TXN00009018,FAN_SIM_9017,MATCH003,1,0,FAILED,FILE_LOCK,2026-07-13 04:30:25,218
TXN00009035,FAN_SIM_9034,MATCH003,1,0,FAILED,FILE_LOCK,2026-07-13 04:30:25,216
TXN00009020,FAN_SIM_9019,MATCH003,1,0,FAILED,FILE_LOCK,2026-07-13 04:30:25,217
TXN00009003,FAN_SIM_9002,MATCH003,1,0,FAILED,FILE_LOCK,2026-07-13 04:30:25,227
TXN00009025,FAN_SIM_9024,MATCH003,1,0,FAILED,FILE_LOCK,2026-07-13 04:30:25,217
TXN00009017,FAN_SIM_9016,MATCH003,1,0,FAILED,FILE_LOCK,2026-07-13 04:30:25,218
TXN00009050,FAN_SIM_9049,MATCH003,1,0,FAILED,FILE_LOCK,2026-07-13 04:30:25,215
TXN00009053,FAN_SIM_9052,MATCH003,1,0,FAILED,FILE_LOCK,2026-07-13 04:30:25,215
TXN00009021,FAN_SIM_9020,MATCH003,1,0,FAILED,FILE_LOCK,2026-07-13 04:30:25,217
TXN00009024,FAN_SIM_9023,MATCH003,1,0,FAILED,FILE_LOCK,2026-07-13 04:30:25,217
TXN00009044,FAN_SIM_9043,MATCH003,1,0,FAILED,FILE_LOCK,2026-07-13 04:30:25,216
TXN00009015,FAN_SIM_9014,MATCH003,1,0,FAILED,FILE_LOCK,2026-07-13 04:30:25,220
TXN00009033,FAN_SIM_9032,MATCH003,1,0,FAILED,FILE_LOCK,2026-07-13 04:30:25,216
TXN00009019,FAN_SIM_9018,MATCH003,1,0,FAILED,FILE_LOCK,2026-07-13 04:30:25,218
TXN00009060,FAN_SIM_9059,MATCH003,1,0,FAILED,FILE_LOCK,2026-07-13 04:30:25,217
TXN00009030,FAN_SIM_9029,MATCH003,1,0,FAILED,FILE_LOCK,2026-07-13 04:30:25,217
TXN00009001,FAN_SIM_9000,MATCH003,1,0,FAILED,FILE_LOCK,2026-07-13 04:30:25,232
TXN00009002,FAN_SIM_9001,MATCH003,1,0,FAILED,FILE_LOCK,2026-07-13 04:30:25,231
TXN00009026,FAN_SIM_9025,MATCH003,1,0,FAILED,FILE_LOCK,2026-07-13 04:30:25,219
TXN00009027,FAN_SIM_9026,MATCH003,1,0,FAILED,FILE_LOCK,2026-07-13 04:30:25,219
TXN00009037,FAN_SIM_9036,MATCH003,1,0,FAILED,FILE_LOCK,2026-07-13 04:30:25,219
TXN00009042,FAN_SIM_9041,MATCH003,1,0,FAILED,FILE_LOCK,2026-07-13 04:30:25,220
TXN00009040,FAN_SIM_9039,MATCH003,1,0,FAILED,FILE_LOCK,2026-07-13 04:30:25,219
TXN00009016,FAN_SIM_9015,MATCH003,1,0,FAILED,FILE_LOCK,2026-07-13 04:30:25,220
TXN00009062,FAN_SIM_9061,MATCH003,1,0,FAILED,FILE_LOCK,2026-07-13 04:30:25,217
TXN00009004,FAN_SIM_9003,MATCH003,1,500000,FAILED,FILE_LOCK,2026-07-13 04:30:25,231
TXN00009014,FAN_SIM_9013,MATCH003,1,0,FAILED,FILE_LOCK,2026-07-13 04:30:25,224
TXN00009054,FAN_SIM_9053,MATCH003,1,0,FAILED,FILE_LOCK,2026-07-13 04:30:25,217
TXN00009047,FAN_SIM_9046,MATCH003,1,0,FAILED,FILE_LOCK,2026-07-13 04:30:25,217
TXN00009005,FAN_SIM_9004,MATCH003,1,0,FAILED,FILE_LOCK,2026-07-13 04:30:25,231
TXN00009055,FAN_SIM_9054,MATCH003,1,0,FAILED,FILE_LOCK,2026-07-13 04:30:25,218
TXN00009039,FAN_SIM_9038,MATCH003,1,0,FAILED,FILE_LOCK,2026-07-13 04:30:25,218
TXN00009048,FAN_SIM_9047,MATCH003,1,0,FAILED,FILE_LOCK,2026-07-13 04:30:25,218
TXN00009034,FAN_SIM_9033,MATCH003,1,0,FAILED,FILE_LOCK,2026-07-13 04:30:25,219
TXN00009041,FAN_SIM_9040,MATCH003,1,0,FAILED,FILE_LOCK,2026-07-13 04:30:25,218
TXN00009009,FAN_SIM_9008,MATCH003,1,0,FAILED,FILE_LOCK,2026-07-13 04:30:25,229
TXN00009012,FAN_SIM_9011,MATCH003,1,0,FAILED,FILE_LOCK,2026-07-13 04:30:25,225
TXN00009013,FAN_SIM_9012,MATCH003,1,0,FAILED,FILE_LOCK,2026-07-13 04:30:25,225
TXN00009023,FAN_SIM_9022,MATCH003,1,0,FAILED,FILE_LOCK,2026-07-13 04:30:25,221
TXN00009010,FAN_SIM_9009,MATCH003,1,0,FAILED,FILE_LOCK,2026-07-13 04:30:25,227
TXN00009051,FAN_SIM_9050,MATCH003,1,0,FAILED,FILE_LOCK,2026-07-13 04:30:25,217
TXN00009028,FAN_SIM_9027,MATCH003,1,0,FAILED,FILE_LOCK,2026-07-13 04:30:25,220
TXN00009032,FAN_SIM_9031,MATCH003,1,0,FAILED,FILE_LOCK,2026-07-13 04:30:25,218
TXN00009029,FAN_SIM_9028,MATCH003,1,0,FAILED,FILE_LOCK,2026-07-13 04:30:25,219
TXN00009011,FAN_SIM_9010,MATCH003,1,0,FAILED,FILE_LOCK,2026-07-13 04:30:25,226
TXN00009059,FAN_SIM_9058,MATCH003,1,0,FAILED,FILE_LOCK,2026-07-13 04:30:25,218
TXN00009057,FAN_SIM_9056,MATCH003,1,0,FAILED,FILE_LOCK,2026-07-13 04:30:25,218
TXN00009000,FAN_SIM_8999,MATCH003,1,0,FAILED,FILE_LOCK,2026-07-13 04:30:25,234
TXN00009038,FAN_SIM_9037,MATCH003,1,0,FAILED,FILE_LOCK,2026-07-13 04:30:25,218
TXN00009058,FAN_SIM_9057,MATCH003,1,0,FAILED,FILE_LOCK,2026-07-13 04:30:25,218
TXN00009080,FAN_SIM_9079,MATCH003,1,0,FAILED,FILE_LOCK,2026-07-13 04:30:26,24
TXN00009073,FAN_SIM_9072,MATCH003,1,0,FAILED,FILE_LOCK,2026-07-13 04:30:26,32
TXN00009074,FAN_SIM_9073,MATCH003,1,0,FAILED,FILE_LOCK,2026-07-13 04:30:26,30
TXN00009081,FAN_SIM_9080,MATCH003,1,0,FAILED,FILE_LOCK,2026-07-13 04:30:26,24
TXN00009082,FAN_SIM_9081,MATCH003,1,0,FAILED,FILE_LOCK,2026-07-13 04:30:26,24
TXN00009072,FAN_SIM_9071,MATCH003,1,0,FAILED,FILE_LOCK,2026-07-13 04:30:26,33
TXN00009069,FAN_SIM_9068,MATCH003,1,0,FAILED,FILE_LOCK,2026-07-13 04:30:26,34
TXN00009078,FAN_SIM_9077,MATCH003,1,0,FAILED,FILE_LOCK,2026-07-13 04:30:26,27
TXN00009065,FAN_SIM_9064,MATCH003,1,0,FAILED,FILE_LOCK,2026-07-13 04:30:26,37
TXN00009071,FAN_SIM_9070,MATCH003,1,0,FAILED,FILE_LOCK,2026-07-13 04:30:26,33
TXN00009075,FAN_SIM_9074,MATCH003,1,0,FAILED,FILE_LOCK,2026-07-13 04:30:26,31
TXN00009085,FAN_SIM_9084,MATCH003,1,0,FAILED,FILE_LOCK,2026-07-13 04:30:26,24
TXN00009084,FAN_SIM_9083,MATCH003,1,0,FAILED,FILE_LOCK,2026-07-13 04:30:26,24
TXN00009086,FAN_SIM_9085,MATCH003,1,0,FAILED,FILE_LOCK,2026-07-13 04:30:26,24
TXN00009094,FAN_SIM_9093,MATCH003,1,0,FAILED,FILE_LOCK,2026-07-13 04:30:26,23
TXN00009070,FAN_SIM_9069,MATCH003,1,0,FAILED,FILE_LOCK,2026-07-13 04:30:26,34
TXN00009087,FAN_SIM_9086,MATCH003,1,0,FAILED,FILE_LOCK,2026-07-13 04:30:26,24
TXN00009096,FAN_SIM_9095,MATCH003,1,0,FAILED,FILE_LOCK,2026-07-13 04:30:26,23
TXN00009102,FAN_SIM_9101,MATCH003,1,0,FAILED,FILE_LOCK,2026-07-13 04:30:26,22
TXN00009088,FAN_SIM_9087,MATCH003,1,0,FAILED,FILE_LOCK,2026-07-13 04:30:26,24
TXN00009092,FAN_SIM_9091,MATCH003,1,0,FAILED,FILE_LOCK,2026-07-13 04:30:26,25
TXN00009093,FAN_SIM_9092,MATCH003,1,0,FAILED,FILE_LOCK,2026-07-13 04:30:26,25
TXN00009089,FAN_SIM_9088,MATCH003,1,0,FAILED,FILE_LOCK,2026-07-13 04:30:26,25
TXN00009113,FAN_SIM_9112,MATCH003,1,0,FAILED,FILE_LOCK,2026-07-13 04:30:26,24
TXN00009116,FAN_SIM_9115,MATCH003,1,0,FAILED,FILE_LOCK,2026-07-13 04:30:26,22
TXN00009108,FAN_SIM_9107,MATCH003,1,0,FAILED,FILE_LOCK,2026-07-13 04:30:26,24
TXN00009119,FAN_SIM_9118,MATCH003,1,0,FAILED,FILE_LOCK,2026-07-13 04:30:26,23
TXN00009101,FAN_SIM_9100,MATCH003,1,0,FAILED,FILE_LOCK,2026-07-13 04:30:26,26
TXN00009008,FAN_SIM_9007,MATCH003,1,500000,FAILED,FILE_LOCK,2026-07-13 04:30:26,268
TXN00009067,FAN_SIM_9066,MATCH003,1,0,FAILED,FILE_LOCK,2026-07-13 04:30:26,39
TXN00009104,FAN_SIM_9103,MATCH003,1,0,FAILED,FILE_LOCK,2026-07-13 04:30:26,25
TXN00009126,FAN_SIM_9125,MATCH003,1,0,FAILED,FILE_LOCK,2026-07-13 04:30:26,2
TXN00009114,FAN_SIM_9113,MATCH003,1,0,FAILED,FILE_LOCK,2026-07-13 04:30:26,24
TXN00009100,FAN_SIM_9099,MATCH003,1,0,FAILED,FILE_LOCK,2026-07-13 04:30:26,24
TXN00009123,FAN_SIM_9122,MATCH003,1,0,FAILED,FILE_LOCK,2026-07-13 04:30:26,9
TXN00009097,FAN_SIM_9096,MATCH003,1,0,FAILED,FILE_LOCK,2026-07-13 04:30:26,25
TXN00009111,FAN_SIM_9110,MATCH003,1,0,FAILED,FILE_LOCK,2026-07-13 04:30:26,23
TXN00009109,FAN_SIM_9108,MATCH003,1,0,FAILED,FILE_LOCK,2026-07-13 04:30:26,23
TXN00009099,FAN_SIM_9098,MATCH003,1,0,FAILED,FILE_LOCK,2026-07-13 04:30:26,25
TXN00009121,FAN_SIM_9119,MATCH003,1,0,FAILED,FILE_LOCK,2026-07-13 04:30:26,23
TXN00009083,FAN_SIM_9082,MATCH003,1,0,FAILED,FILE_LOCK,2026-07-13 04:30:26,25
TXN00009117,FAN_SIM_9116,MATCH003,1,0,FAILED,FILE_LOCK,2026-07-13 04:30:26,22
TXN00009105,FAN_SIM_9104,MATCH003,1,0,FAILED,FILE_LOCK,2026-07-13 04:30:26,25
TXN00009077,FAN_SIM_9076,MATCH003,1,0,FAILED,FILE_LOCK,2026-07-13 04:30:26,31
TXN00009118,FAN_SIM_9117,MATCH003,1,0,FAILED,FILE_LOCK,2026-07-13 04:30:26,22
TXN00009107,FAN_SIM_9106,MATCH003,1,0,FAILED,FILE_LOCK,2026-07-13 04:30:26,23
TXN00009079,FAN_SIM_9078,MATCH003,1,0,FAILED,FILE_LOCK,2026-07-13 04:30:26,29
TXN00009098,FAN_SIM_9097,MATCH003,1,0,FAILED,FILE_LOCK,2026-07-13 04:30:26,25
TXN00009124,FAN_SIM_9123,MATCH003,1,0,FAILED,FILE_LOCK,2026-07-13 04:30:26,8
TXN00009064,FAN_SIM_9063,MATCH003,1,0,FAILED,FILE_LOCK,2026-07-13 04:30:26,42
TXN00009120,FAN_SIM_9120,MATCH003,1,0,FAILED,FILE_LOCK,2026-07-13 04:30:26,23
TXN00009115,FAN_SIM_9114,MATCH003,1,0,FAILED,FILE_LOCK,2026-07-13 04:30:26,23
TXN00009091,FAN_SIM_9090,MATCH003,1,0,FAILED,FILE_LOCK,2026-07-13 04:30:26,25
TXN00009106,FAN_SIM_9105,MATCH003,1,0,FAILED,FILE_LOCK,2026-07-13 04:30:26,24
TXN00009110,FAN_SIM_9109,MATCH003,1,0,FAILED,FILE_LOCK,2026-07-13 04:30:26,24
TXN00009095,FAN_SIM_9094,MATCH003,1,0,FAILED,FILE_LOCK,2026-07-13 04:30:26,26
TXN00009068,FAN_SIM_9067,MATCH003,1,0,FAILED,FILE_LOCK,2026-07-13 04:30:26,37
TXN00009122,FAN_SIM_9121,MATCH003,1,0,FAILED,FILE_LOCK,2026-07-13 04:30:26,22
TXN00009127,FAN_SIM_9126,MATCH003,1,0,FAILED,FILE_LOCK,2026-07-13 04:30:26,2
TXN00009112,FAN_SIM_9111,MATCH003,1,0,FAILED,FILE_LOCK,2026-07-13 04:30:26,24
TXN00009103,FAN_SIM_9102,MATCH003,1,0,FAILED,FILE_LOCK,2026-07-13 04:30:26,25
TXN00009125,FAN_SIM_9124,MATCH003,1,0,FAILED,FILE_LOCK,2026-07-13 04:30:26,7
TXN00009066,FAN_SIM_9065,MATCH003,1,0,FAILED,FILE_LOCK,2026-07-13 04:30:26,39
TXN00009090,FAN_SIM_9089,MATCH003,1,0,FAILED,FILE_LOCK,2026-07-13 04:30:26,25
TXN00009061,FAN_SIM_9060,MATCH003,1,0,FAILED,FILE_LOCK,2026-07-13 04:30:26,256
TXN00009076,FAN_SIM_9075,MATCH003,1,0,FAILED,FILE_LOCK,2026-07-13 04:30:26,32
TXN00009181,FAN_SIM_9180,MATCH003,1,0,FAILED,FILE_LOCK,2026-07-13 04:30:26,264
TXN00009155,FAN_SIM_9154,MATCH003,1,0,FAILED,FILE_LOCK,2026-07-13 04:30:26,266
TXN00009168,FAN_SIM_9168,MATCH003,1,0,FAILED,FILE_LOCK,2026-07-13 04:30:26,265
TXN00009187,FAN_SIM_9186,MATCH003,1,0,FAILED,FILE_LOCK,2026-07-13 04:30:26,263
TXN00009186,FAN_SIM_9185,MATCH003,1,0,FAILED,FILE_LOCK,2026-07-13 04:30:26,263
TXN00009175,FAN_SIM_9174,MATCH003,1,0,FAILED,FILE_LOCK,2026-07-13 04:30:26,264
TXN00009132,FAN_SIM_9131,MATCH003,1,0,FAILED,FILE_LOCK,2026-07-13 04:30:26,281
TXN00009137,FAN_SIM_9136,MATCH003,1,0,FAILED,FILE_LOCK,2026-07-13 04:30:26,280
TXN00009179,FAN_SIM_9178,MATCH003,1,0,FAILED,FILE_LOCK,2026-07-13 04:30:26,264
TXN00009146,FAN_SIM_9145,MATCH003,1,0,FAILED,FILE_LOCK,2026-07-13 04:30:26,268
TXN00009178,FAN_SIM_9177,MATCH003,1,0,FAILED,FILE_LOCK,2026-07-13 04:30:26,265
TXN00009136,FAN_SIM_9135,MATCH003,1,0,FAILED,FILE_LOCK,2026-07-13 04:30:26,280
TXN00009185,FAN_SIM_9184,MATCH003,1,0,FAILED,FILE_LOCK,2026-07-13 04:30:26,264
TXN00009184,FAN_SIM_9183,MATCH003,1,0,FAILED,FILE_LOCK,2026-07-13 04:30:26,265
TXN00009183,FAN_SIM_9182,MATCH003,1,0,FAILED,FILE_LOCK,2026-07-13 04:30:26,266
TXN00009143,FAN_SIM_9142,MATCH003,1,0,FAILED,FILE_LOCK,2026-07-13 04:30:26,271
TXN00009149,FAN_SIM_9146,MATCH003,1,0,FAILED,FILE_LOCK,2026-07-13 04:30:26,269
TXN00009147,FAN_SIM_9147,MATCH003,1,0,FAILED,FILE_LOCK,2026-07-13 04:30:26,269
TXN00009145,FAN_SIM_9144,MATCH003,1,0,FAILED,FILE_LOCK,2026-07-13 04:30:26,268
TXN00009167,FAN_SIM_9167,MATCH003,1,0,FAILED,FILE_LOCK,2026-07-13 04:30:26,267
TXN00009180,FAN_SIM_9179,MATCH003,1,0,FAILED,FILE_LOCK,2026-07-13 04:30:26,266
TXN00009176,FAN_SIM_9175,MATCH003,1,0,FAILED,FILE_LOCK,2026-07-13 04:30:26,266
TXN00009173,FAN_SIM_9159,MATCH003,1,0,FAILED,FILE_LOCK,2026-07-13 04:30:26,267
TXN00009189,FAN_SIM_9188,MATCH003,1,0,FAILED,FILE_LOCK,2026-07-13 04:30:26,264
TXN00009133,FAN_SIM_9132,MATCH003,1,0,FAILED,FILE_LOCK,2026-07-13 04:30:26,283
TXN00009138,FAN_SIM_9137,MATCH003,1,0,FAILED,FILE_LOCK,2026-07-13 04:30:26,281
TXN00009191,FAN_SIM_9190,MATCH003,1,0,FAILED,FILE_LOCK,2026-07-13 04:30:26,97
TXN00009170,FAN_SIM_9170,MATCH003,1,0,FAILED,FILE_LOCK,2026-07-13 04:30:26,267
TXN00009171,FAN_SIM_9171,MATCH003,1,0,FAILED,FILE_LOCK,2026-07-13 04:30:26,268
TXN00009190,FAN_SIM_9189,MATCH003,1,0,FAILED,FILE_LOCK,2026-07-13 04:30:26,250
TXN00009162,FAN_SIM_9162,MATCH003,1,0,FAILED,FILE_LOCK,2026-07-13 04:30:26,268
TXN00009177,FAN_SIM_9176,MATCH003,1,0,FAILED,FILE_LOCK,2026-07-13 04:30:26,267
TXN00009188,FAN_SIM_9187,MATCH003,1,0,FAILED,FILE_LOCK,2026-07-13 04:30:26,265
TXN00009140,FAN_SIM_9139,MATCH003,1,0,FAILED,FILE_LOCK,2026-07-13 04:30:26,278
TXN00009154,FAN_SIM_9153,MATCH003,1,0,FAILED,FILE_LOCK,2026-07-13 04:30:26,269
TXN00009131,FAN_SIM_9130,MATCH003,1,0,FAILED,FILE_LOCK,2026-07-13 04:30:26,283
TXN00009194,FAN_SIM_9193,MATCH003,1,0,FAILED,FILE_LOCK,2026-07-13 04:30:26,16
TXN00009159,FAN_SIM_9158,MATCH003,1,0,FAILED,FILE_LOCK,2026-07-13 04:30:26,269
TXN00009148,FAN_SIM_9148,MATCH003,1,0,FAILED,FILE_LOCK,2026-07-13 04:30:26,270
TXN00009196,FAN_SIM_9195,MATCH003,1,0,FAILED,FILE_LOCK,2026-07-13 04:30:26,15
TXN00009182,FAN_SIM_9181,MATCH003,1,0,FAILED,FILE_LOCK,2026-07-13 04:30:26,267
TXN00009198,FAN_SIM_9197,MATCH003,1,0,FAILED,FILE_LOCK,2026-07-13 04:30:26,14
TXN00009195,FAN_SIM_9194,MATCH003,1,0,FAILED,FILE_LOCK,2026-07-13 04:30:26,16
TXN00009197,FAN_SIM_9196,MATCH003,1,0,FAILED,FILE_LOCK,2026-07-13 04:30:26,16
TXN00009201,FAN_SIM_9217,MATCH003,1,0,FAILED,FILE_LOCK,2026-07-13 04:30:26,2
TXN00009192,FAN_SIM_9191,MATCH003,1,0,FAILED,FILE_LOCK,2026-07-13 04:30:26,19
TXN00009200,FAN_SIM_9199,MATCH003,1,0,FAILED,FILE_LOCK,2026-07-13 04:30:26,14
TXN00009202,FAN_SIM_9218,MATCH003,1,0,FAILED,FILE_LOCK,2026-07-13 04:30:26,2
TXN00009193,FAN_SIM_9192,MATCH003,1,0,FAILED,FILE_LOCK,2026-07-13 04:30:26,18
TXN00009199,FAN_SIM_9198,MATCH003,1,0,FAILED,FILE_LOCK,2026-07-13 04:30:26,14
TXN00009204,FAN_SIM_9219,MATCH003,1,0,FAILED,FILE_LOCK,2026-07-13 04:30:26,5
TXN00009174,FAN_SIM_9173,MATCH003,1,0,FAILED,FILE_LOCK,2026-07-13 04:30:26,267
TXN00009211,FAN_SIM_9226,MATCH003,1,0,FAILED,FILE_LOCK,2026-07-13 04:30:26,3
TXN00009203,FAN_SIM_9200,MATCH003,1,0,FAILED,FILE_LOCK,2026-07-13 04:30:26,6
TXN00009130,FAN_SIM_9129,MATCH003,1,500000,FAILED,FILE_LOCK,2026-07-13 04:30:26,308
TXN00009210,FAN_SIM_9225,MATCH003,1,0,FAILED,FILE_LOCK,2026-07-13 04:30:26,4
TXN00009141,FAN_SIM_9140,MATCH003,1,500000,FAILED,FILE_LOCK,2026-07-13 04:30:26,303
TXN00009207,FAN_SIM_9222,MATCH003,1,0,FAILED,FILE_LOCK,2026-07-13 04:30:26,5
TXN00009205,FAN_SIM_9220,MATCH003,1,0,FAILED,FILE_LOCK,2026-07-13 04:30:26,5
TXN00009206,FAN_SIM_9221,MATCH003,1,0,FAILED,FILE_LOCK,2026-07-13 04:30:26,6
TXN00009208,FAN_SIM_9223,MATCH003,1,0,FAILED,FILE_LOCK,2026-07-13 04:30:26,6
TXN00009209,FAN_SIM_9224,MATCH003,1,0,FAILED,FILE_LOCK,2026-07-13 04:30:26,5
TXN00009212,FAN_SIM_9202,MATCH003,1,0,FAILED,FILE_LOCK,2026-07-13 04:30:26,7
TXN00009165,FAN_SIM_9165,MATCH003,1,500000,FAILED,FILE_LOCK,2026-07-13 04:30:26,307
TXN00009134,FAN_SIM_9133,MATCH003,1,500000,FAILED,FILE_LOCK,2026-07-13 04:30:26,318
TXN00009163,FAN_SIM_9163,MATCH003,1,500000,FAILED,FILE_LOCK,2026-07-13 04:30:26,309
TXN00009158,FAN_SIM_9157,MATCH003,1,500000,FAILED,FILE_LOCK,2026-07-13 04:30:26,312
TXN00009233,FAN_SIM_9233,MATCH003,1,0,FAILED,FILE_LOCK,2026-07-13 04:30:26,64
TXN00009234,FAN_SIM_9215,MATCH003,1,0,FAILED,FILE_LOCK,2026-07-13 04:30:26,74
TXN00009218,FAN_SIM_9205,MATCH003,1,0,FAILED,FILE_LOCK,2026-07-13 04:30:26,75
TXN00009221,FAN_SIM_9207,MATCH003,1,0,FAILED,FILE_LOCK,2026-07-13 04:30:26,74
TXN00009229,FAN_SIM_9214,MATCH003,1,0,FAILED,FILE_LOCK,2026-07-13 04:30:26,75
TXN00009235,FAN_SIM_9234,MATCH003,1,0,FAILED,FILE_LOCK,2026-07-13 04:30:26,65
TXN00009135,FAN_SIM_9134,MATCH003,1,500000,FAILED,FILE_LOCK,2026-07-13 04:30:26,374
TXN00009224,FAN_SIM_9208,MATCH003,1,0,FAILED,FILE_LOCK,2026-07-13 04:30:26,75
TXN00009226,FAN_SIM_9209,MATCH003,1,0,FAILED,FILE_LOCK,2026-07-13 04:30:26,75
TXN00009223,FAN_SIM_9213,MATCH003,1,0,FAILED,FILE_LOCK,2026-07-13 04:30:26,75
TXN00009142,FAN_SIM_9141,MATCH003,1,500000,FAILED,FILE_LOCK,2026-07-13 04:30:26,367
TXN00009230,FAN_SIM_9216,MATCH003,1,0,FAILED,FILE_LOCK,2026-07-13 04:30:26,75
TXN00009129,FAN_SIM_9128,MATCH003,1,500000,FAILED,FILE_LOCK,2026-07-13 04:30:26,378
TXN00009160,FAN_SIM_9160,MATCH003,1,500000,FAILED,FILE_LOCK,2026-07-13 04:30:26,363
TXN00009222,FAN_SIM_9211,MATCH003,1,0,FAILED,FILE_LOCK,2026-07-13 04:30:26,77
TXN00009156,FAN_SIM_9155,MATCH003,1,500000,FAILED,FILE_LOCK,2026-07-13 04:30:26,362
TXN00009161,FAN_SIM_9161,MATCH003,1,500000,FAILED,FILE_LOCK,2026-07-13 04:30:26,363
TXN00009256,FAN_SIM_9255,MATCH003,1,0,FAILED,FILE_LOCK,2026-07-13 04:30:26,52
TXN00009257,FAN_SIM_9256,MATCH003,1,0,FAILED,FILE_LOCK,2026-07-13 04:30:26,52
TXN00009216,FAN_SIM_9203,MATCH003,1,0,FAILED,FILE_LOCK,2026-07-13 04:30:26,77
TXN00009258,FAN_SIM_9257,MATCH003,1,0,FAILED,FILE_LOCK,2026-07-13 04:30:26,50
TXN00009151,FAN_SIM_9150,MATCH003,1,500000,FAILED,FILE_LOCK,2026-07-13 04:30:26,364
TXN00009228,FAN_SIM_9212,MATCH003,1,0,FAILED,FILE_LOCK,2026-07-13 04:30:26,77
TXN00009236,FAN_SIM_9235,MATCH003,1,0,FAILED,FILE_LOCK,2026-07-13 04:30:26,67
TXN00009215,FAN_SIM_9228,MATCH003,1,0,FAILED,FILE_LOCK,2026-07-13 04:30:26,71
TXN00009152,FAN_SIM_9151,MATCH003,1,500000,FAILED,FILE_LOCK,2026-07-13 04:30:26,364
TXN00009220,FAN_SIM_9206,MATCH003,1,0,FAILED,FILE_LOCK,2026-07-13 04:30:26,77
TXN00009128,FAN_SIM_9127,MATCH003,1,500000,FAILED,FILE_LOCK,2026-07-13 04:30:26,382
TXN00009237,FAN_SIM_9236,MATCH003,1,0,FAILED,FILE_LOCK,2026-07-13 04:30:26,67
TXN00009213,FAN_SIM_9227,MATCH003,1,0,FAILED,FILE_LOCK,2026-07-13 04:30:26,73
TXN00009244,FAN_SIM_9243,MATCH003,1,0,FAILED,FILE_LOCK,2026-07-13 04:30:26,67
TXN00009251,FAN_SIM_9251,MATCH003,1,0,FAILED,FILE_LOCK,2026-07-13 04:30:26,62
TXN00009153,FAN_SIM_9152,MATCH003,1,500000,FAILED,FILE_LOCK,2026-07-13 04:30:26,365
TXN00009169,FAN_SIM_9169,MATCH003,1,500000,FAILED,FILE_LOCK,2026-07-13 04:30:26,366
TXN00009259,FAN_SIM_9258,MATCH003,1,0,FAILED,FILE_LOCK,2026-07-13 04:30:26,5
TXN00009150,FAN_SIM_9149,MATCH003,1,500000,FAILED,FILE_LOCK,2026-07-13 04:30:26,367
TXN00009172,FAN_SIM_9172,MATCH003,1,500000,FAILED,FILE_LOCK,2026-07-13 04:30:26,364
TXN00009246,FAN_SIM_9245,MATCH003,1,0,FAILED,FILE_LOCK,2026-07-13 04:30:26,66
TXN00009261,FAN_SIM_9260,MATCH003,1,0,FAILED,FILE_LOCK,2026-07-13 04:30:26,3
TXN00009232,FAN_SIM_9232,MATCH003,1,0,FAILED,FILE_LOCK,2026-07-13 04:30:26,71
TXN00009249,FAN_SIM_9249,MATCH003,1,0,FAILED,FILE_LOCK,2026-07-13 04:30:26,62
TXN00009214,FAN_SIM_9201,MATCH003,1,0,FAILED,FILE_LOCK,2026-07-13 04:30:26,79
TXN00009219,FAN_SIM_9204,MATCH003,1,0,FAILED,FILE_LOCK,2026-07-13 04:30:26,77
TXN00009144,FAN_SIM_9143,MATCH003,1,500000,FAILED,FILE_LOCK,2026-07-13 04:30:26,368
TXN00009255,FAN_SIM_9254,MATCH003,1,0,FAILED,FILE_LOCK,2026-07-13 04:30:26,56
TXN00009157,FAN_SIM_9156,MATCH003,1,500000,FAILED,FILE_LOCK,2026-07-13 04:30:26,367
TXN00009231,FAN_SIM_9231,MATCH003,1,0,FAILED,FILE_LOCK,2026-07-13 04:30:26,70
TXN00009260,FAN_SIM_9259,MATCH003,1,0,FAILED,FILE_LOCK,2026-07-13 04:30:26,4
TXN00009247,FAN_SIM_9246,MATCH003,1,0,FAILED,FILE_LOCK,2026-07-13 04:30:26,66
TXN00009242,FAN_SIM_9241,MATCH003,1,0,FAILED,FILE_LOCK,2026-07-13 04:30:26,67
TXN00009240,FAN_SIM_9239,MATCH003,1,0,FAILED,FILE_LOCK,2026-07-13 04:30:26,68
TXN00009241,FAN_SIM_9240,MATCH003,1,0,FAILED,FILE_LOCK,2026-07-13 04:30:26,68
TXN00009252,FAN_SIM_9248,MATCH003,1,0,FAILED,FILE_LOCK,2026-07-13 04:30:26,62
TXN00009250,FAN_SIM_9250,MATCH003,1,0,FAILED,FILE_LOCK,2026-07-13 04:30:26,62
TXN00009248,FAN_SIM_9247,MATCH003,1,0,FAILED,FILE_LOCK,2026-07-13 04:30:26,65
TXN00009253,FAN_SIM_9252,MATCH003,1,0,FAILED,FILE_LOCK,2026-07-13 04:30:26,61
TXN00009254,FAN_SIM_9253,MATCH003,1,0,FAILED,FILE_LOCK,2026-07-13 04:30:26,59
TXN00009262,FAN_SIM_9261,MATCH003,1,0,FAILED,FILE_LOCK,2026-07-13 04:30:26,3
TXN00009139,FAN_SIM_9138,MATCH003,1,500000,FAILED,FILE_LOCK,2026-07-13 04:30:26,378
TXN00009239,FAN_SIM_9238,MATCH003,1,0,FAILED,FILE_LOCK,2026-07-13 04:30:26,68
TXN00009217,FAN_SIM_9229,MATCH003,1,0,FAILED,FILE_LOCK,2026-07-13 04:30:26,72
TXN00009227,FAN_SIM_9210,MATCH003,1,0,FAILED,FILE_LOCK,2026-07-13 04:30:26,79
TXN00009166,FAN_SIM_9166,MATCH003,1,500000,FAILED,FILE_LOCK,2026-07-13 04:30:26,366
TXN00009243,FAN_SIM_9242,MATCH003,1,0,FAILED,FILE_LOCK,2026-07-13 04:30:26,67
TXN00009164,FAN_SIM_9164,MATCH003,1,500000,FAILED,FILE_LOCK,2026-07-13 04:30:26,366
TXN00009245,FAN_SIM_9244,MATCH003,1,0,FAILED,FILE_LOCK,2026-07-13 04:30:26,66
TXN00009238,FAN_SIM_9237,MATCH003,1,0,FAILED,FILE_LOCK,2026-07-13 04:30:26,68
TXN00009225,FAN_SIM_9230,MATCH003,1,0,FAILED,FILE_LOCK,2026-07-13 04:30:26,72
TXN00009310,FAN_SIM_9309,MATCH003,1,0,FAILED,FILE_LOCK,2026-07-13 04:30:26,351
TXN00009300,FAN_SIM_9299,MATCH003,1,0,FAILED,FILE_LOCK,2026-07-13 04:30:26,355
TXN00009299,FAN_SIM_9298,MATCH003,1,0,FAILED,FILE_LOCK,2026-07-13 04:30:26,356
TXN00009282,FAN_SIM_9281,MATCH003,1,0,FAILED,FILE_LOCK,2026-07-13 04:30:26,358
TXN00009271,FAN_SIM_9270,MATCH003,1,0,FAILED,FILE_LOCK,2026-07-13 04:30:26,368
TXN00009264,FAN_SIM_9263,MATCH003,1,0,FAILED,FILE_LOCK,2026-07-13 04:30:26,379
TXN00009292,FAN_SIM_9291,MATCH003,1,0,FAILED,FILE_LOCK,2026-07-13 04:30:26,364
TXN00009312,FAN_SIM_9311,MATCH003,1,0,FAILED,FILE_LOCK,2026-07-13 04:30:26,352
TXN00009290,FAN_SIM_9289,MATCH003,1,0,FAILED,FILE_LOCK,2026-07-13 04:30:26,358
TXN00009301,FAN_SIM_9300,MATCH003,1,0,FAILED,FILE_LOCK,2026-07-13 04:30:26,416
TXN00009284,FAN_SIM_9283,MATCH003,1,0,FAILED,FILE_LOCK,2026-07-13 04:30:26,358
TXN00009326,FAN_SIM_9325,MATCH003,1,0,FAILED,FILE_LOCK,2026-07-13 04:30:26,332
TXN00009296,FAN_SIM_9295,MATCH003,1,0,FAILED,FILE_LOCK,2026-07-13 04:30:26,417
TXN00009288,FAN_SIM_9287,MATCH003,1,0,FAILED,FILE_LOCK,2026-07-13 04:30:26,418
TXN00009313,FAN_SIM_9312,MATCH003,1,0,FAILED,FILE_LOCK,2026-07-13 04:30:26,412
TXN00009309,FAN_SIM_9307,MATCH003,1,0,FAILED,FILE_LOCK,2026-07-13 04:30:26,412
TXN00009304,FAN_SIM_9303,MATCH003,1,0,FAILED,FILE_LOCK,2026-07-13 04:30:26,416
TXN00009305,FAN_SIM_9304,MATCH003,1,0,FAILED,FILE_LOCK,2026-07-13 04:30:26,416
TXN00009325,FAN_SIM_9324,MATCH003,1,0,FAILED,FILE_LOCK,2026-07-13 04:30:26,365
TXN00009328,FAN_SIM_9327,MATCH003,1,0,FAILED,FILE_LOCK,2026-07-13 04:30:26,2
TXN00009329,FAN_SIM_9328,MATCH003,1,0,FAILED,FILE_LOCK,2026-07-13 04:30:26,2
TXN00009302,FAN_SIM_9301,MATCH003,1,0,FAILED,FILE_LOCK,2026-07-13 04:30:26,356
TXN00009327,FAN_SIM_9326,MATCH003,1,0,FAILED,FILE_LOCK,2026-07-13 04:30:26,5
TXN00009306,FAN_SIM_9305,MATCH003,1,0,FAILED,FILE_LOCK,2026-07-13 04:30:26,353
TXN00009331,FAN_SIM_9330,MATCH003,1,0,FAILED,FILE_LOCK,2026-07-13 04:30:26,3
TXN00009334,FAN_SIM_9333,MATCH003,1,0,FAILED,FILE_LOCK,2026-07-13 04:30:26,2
TXN00009332,FAN_SIM_9331,MATCH003,1,0,FAILED,FILE_LOCK,2026-07-13 04:30:26,4
TXN00009330,FAN_SIM_9329,MATCH003,1,0,FAILED,FILE_LOCK,2026-07-13 04:30:26,4
TXN00009333,FAN_SIM_9332,MATCH003,1,0,FAILED,FILE_LOCK,2026-07-13 04:30:26,4
TXN00009307,FAN_SIM_9306,MATCH003,1,0,FAILED,FILE_LOCK,2026-07-13 04:30:26,422
TXN00009338,FAN_SIM_9337,MATCH003,1,0,FAILED,FILE_LOCK,2026-07-13 04:30:26,4
TXN00009341,FAN_SIM_9340,MATCH003,1,0,FAILED,FILE_LOCK,2026-07-13 04:30:26,3
TXN00009335,FAN_SIM_9334,MATCH003,1,0,FAILED,FILE_LOCK,2026-07-13 04:30:26,5
TXN00009342,FAN_SIM_9341,MATCH003,1,0,FAILED,FILE_LOCK,2026-07-13 04:30:26,3
TXN00009336,FAN_SIM_9335,MATCH003,1,0,FAILED,FILE_LOCK,2026-07-13 04:30:26,5
TXN00009339,FAN_SIM_9338,MATCH003,1,0,FAILED,FILE_LOCK,2026-07-13 04:30:26,4
TXN00009283,FAN_SIM_9282,MATCH003,1,0,FAILED,FILE_LOCK,2026-07-13 04:30:26,428
TXN00009349,FAN_SIM_9348,MATCH003,1,0,FAILED,FILE_LOCK,2026-07-13 04:30:26,3
TXN00009346,FAN_SIM_9345,MATCH003,1,0,FAILED,FILE_LOCK,2026-07-13 04:30:26,3
TXN00009343,FAN_SIM_9342,MATCH003,1,0,FAILED,FILE_LOCK,2026-07-13 04:30:26,4
TXN00009347,FAN_SIM_9346,MATCH003,1,0,FAILED,FILE_LOCK,2026-07-13 04:30:26,2
TXN00009350,FAN_SIM_9349,MATCH003,1,0,FAILED,FILE_LOCK,2026-07-13 04:30:26,3
TXN00009348,FAN_SIM_9347,MATCH003,1,0,FAILED,FILE_LOCK,2026-07-13 04:30:26,3
TXN00009344,FAN_SIM_9343,MATCH003,1,0,FAILED,FILE_LOCK,2026-07-13 04:30:26,5
TXN00009337,FAN_SIM_9336,MATCH003,1,0,FAILED,FILE_LOCK,2026-07-13 04:30:26,5
TXN00009345,FAN_SIM_9344,MATCH003,1,0,FAILED,FILE_LOCK,2026-07-13 04:30:26,4
TXN00009340,FAN_SIM_9339,MATCH003,1,0,FAILED,FILE_LOCK,2026-07-13 04:30:26,5
TXN00009351,FAN_SIM_9350,MATCH003,1,0,FAILED,FILE_LOCK,2026-07-13 04:30:26,1
TXN00009352,FAN_SIM_9351,MATCH003,1,0,FAILED,FILE_LOCK,2026-07-13 04:30:26,1
TXN00009322,FAN_SIM_9321,MATCH003,1,0,FAILED,FILE_LOCK,2026-07-13 04:30:26,410
TXN00009311,FAN_SIM_9310,MATCH003,1,0,FAILED,FILE_LOCK,2026-07-13 04:30:26,424
TXN00009354,FAN_SIM_9353,MATCH003,1,0,FAILED,FILE_LOCK,2026-07-13 04:30:26,3
TXN00009355,FAN_SIM_9354,MATCH003,1,0,FAILED,FILE_LOCK,2026-07-13 04:30:26,4
TXN00009321,FAN_SIM_9320,MATCH003,1,0,FAILED,FILE_LOCK,2026-07-13 04:30:26,339
TXN00009276,FAN_SIM_9275,MATCH003,1,500000,FAILED,FILE_LOCK,2026-07-13 04:30:26,439
TXN00009353,FAN_SIM_9352,MATCH003,1,0,FAILED,FILE_LOCK,2026-07-13 04:30:26,6
TXN00009266,FAN_SIM_9265,MATCH003,1,0,FAILED,FILE_LOCK,2026-07-13 04:30:26,371
TXN00009268,FAN_SIM_9267,MATCH003,1,500000,FAILED,FILE_LOCK,2026-07-13 04:30:26,449
TXN00009324,FAN_SIM_9323,MATCH003,1,0,FAILED,FILE_LOCK,2026-07-13 04:30:26,416
TXN00009274,FAN_SIM_9273,MATCH003,1,500000,FAILED,FILE_LOCK,2026-07-13 04:30:26,433
TXN00009357,FAN_SIM_9356,MATCH003,1,0,FAILED,FILE_LOCK,2026-07-13 04:30:26,5
TXN00009265,FAN_SIM_9264,MATCH003,1,500000,FAILED,FILE_LOCK,2026-07-13 04:30:26,452
TXN00009316,FAN_SIM_9315,MATCH003,1,0,FAILED,FILE_LOCK,2026-07-13 04:30:26,431
TXN00009358,FAN_SIM_9357,MATCH003,1,0,FAILED,FILE_LOCK,2026-07-13 04:30:26,4
TXN00009318,FAN_SIM_9317,MATCH003,1,0,FAILED,FILE_LOCK,2026-07-13 04:30:26,420
TXN00009287,FAN_SIM_9286,MATCH003,1,500000,FAILED,FILE_LOCK,2026-07-13 04:30:26,439
TXN00009269,FAN_SIM_9268,MATCH003,1,500000,FAILED,FILE_LOCK,2026-07-13 04:30:26,451
TXN00009360,FAN_SIM_9359,MATCH003,1,0,FAILED,FILE_LOCK,2026-07-13 04:30:26,4
TXN00009359,FAN_SIM_9358,MATCH003,1,0,FAILED,FILE_LOCK,2026-07-13 04:30:26,5
TXN00009356,FAN_SIM_9355,MATCH003,1,0,FAILED,FILE_LOCK,2026-07-13 04:30:26,6
TXN00009361,FAN_SIM_9360,MATCH003,1,0,FAILED,FILE_LOCK,2026-07-13 04:30:26,5
TXN00009317,FAN_SIM_9316,MATCH003,1,0,FAILED,FILE_LOCK,2026-07-13 04:30:26,424
TXN00009363,FAN_SIM_9362,MATCH003,1,0,FAILED,FILE_LOCK,2026-07-13 04:30:26,5
TXN00009315,FAN_SIM_9314,MATCH003,1,0,FAILED,FILE_LOCK,2026-07-13 04:30:26,434
TXN00009297,FAN_SIM_9296,MATCH003,1,500000,FAILED,FILE_LOCK,2026-07-13 04:30:26,440
TXN00009364,FAN_SIM_9363,MATCH003,1,0,FAILED,FILE_LOCK,2026-07-13 04:30:26,5
TXN00009369,FAN_SIM_9368,MATCH003,1,0,FAILED,FILE_LOCK,2026-07-13 04:30:26,3
TXN00009295,FAN_SIM_9294,MATCH003,1,0,FAILED,FILE_LOCK,2026-07-13 04:30:26,438
TXN00009286,FAN_SIM_9285,MATCH003,1,500000,FAILED,FILE_LOCK,2026-07-13 04:30:26,441
TXN00009362,FAN_SIM_9361,MATCH003,1,0,FAILED,FILE_LOCK,2026-07-13 04:30:26,5
TXN00009367,FAN_SIM_9366,MATCH003,1,0,FAILED,FILE_LOCK,2026-07-13 04:30:26,4
TXN00009365,FAN_SIM_9364,MATCH003,1,0,FAILED,FILE_LOCK,2026-07-13 04:30:26,5
TXN00009366,FAN_SIM_9365,MATCH003,1,0,FAILED,FILE_LOCK,2026-07-13 04:30:26,5
TXN00009368,FAN_SIM_9367,MATCH003,1,0,FAILED,FILE_LOCK,2026-07-13 04:30:26,4
TXN00009308,FAN_SIM_9308,MATCH003,1,500000,FAILED,FILE_LOCK,2026-07-13 04:30:26,440
TXN00009291,FAN_SIM_9290,MATCH003,1,500000,FAILED,FILE_LOCK,2026-07-13 04:30:26,539
TXN00009319,FAN_SIM_9318,MATCH003,1,500000,FAILED,FILE_LOCK,2026-07-13 04:30:27,631
TXN00009289,FAN_SIM_9288,MATCH003,1,500000,FAILED,FILE_LOCK,2026-07-13 04:30:27,788
TXN00009408,FAN_SIM_9407,MATCH003,1,0,FAILED,FILE_LOCK,2026-07-13 04:30:27,357
TXN00009401,FAN_SIM_9400,MATCH003,1,0,FAILED,FILE_LOCK,2026-07-13 04:30:27,359
TXN00009396,FAN_SIM_9395,MATCH003,1,0,FAILED,FILE_LOCK,2026-07-13 04:30:27,359
TXN00009405,FAN_SIM_9404,MATCH003,1,0,FAILED,FILE_LOCK,2026-07-13 04:30:27,358
TXN00009381,FAN_SIM_9380,MATCH003,1,0,FAILED,FILE_LOCK,2026-07-13 04:30:27,362
TXN00009413,FAN_SIM_9412,MATCH003,1,0,FAILED,FILE_LOCK,2026-07-13 04:30:27,18
TXN00009382,FAN_SIM_9381,MATCH003,1,0,FAILED,FILE_LOCK,2026-07-13 04:30:27,362
TXN00009399,FAN_SIM_9398,MATCH003,1,0,FAILED,FILE_LOCK,2026-07-13 04:30:27,359
TXN00009380,FAN_SIM_9379,MATCH003,1,0,FAILED,FILE_LOCK,2026-07-13 04:30:27,363
TXN00009370,FAN_SIM_9369,MATCH003,1,0,FAILED,FILE_LOCK,2026-07-13 04:30:27,368
TXN00009393,FAN_SIM_9393,MATCH003,1,0,FAILED,FILE_LOCK,2026-07-13 04:30:27,361
TXN00009409,FAN_SIM_9408,MATCH003,1,0,FAILED,FILE_LOCK,2026-07-13 04:30:27,359
TXN00009392,FAN_SIM_9392,MATCH003,1,0,FAILED,FILE_LOCK,2026-07-13 04:30:27,361
TXN00009412,FAN_SIM_9411,MATCH003,1,0,FAILED,FILE_LOCK,2026-07-13 04:30:27,267
TXN00009376,FAN_SIM_9375,MATCH003,1,0,FAILED,FILE_LOCK,2026-07-13 04:30:27,364
TXN00009374,FAN_SIM_9373,MATCH003,1,0,FAILED,FILE_LOCK,2026-07-13 04:30:27,366
TXN00009378,FAN_SIM_9377,MATCH003,1,0,FAILED,FILE_LOCK,2026-07-13 04:30:27,364
TXN00009407,FAN_SIM_9406,MATCH003,1,0,FAILED,FILE_LOCK,2026-07-13 04:30:27,359
TXN00009411,FAN_SIM_9410,MATCH003,1,0,FAILED,FILE_LOCK,2026-07-13 04:30:27,359
TXN00009387,FAN_SIM_9387,MATCH003,1,0,FAILED,FILE_LOCK,2026-07-13 04:30:27,362
TXN00009394,FAN_SIM_9394,MATCH003,1,0,FAILED,FILE_LOCK,2026-07-13 04:30:27,361
TXN00009391,FAN_SIM_9391,MATCH003,1,0,FAILED,FILE_LOCK,2026-07-13 04:30:27,362
TXN00009406,FAN_SIM_9405,MATCH003,1,0,FAILED,FILE_LOCK,2026-07-13 04:30:27,360
TXN00009398,FAN_SIM_9397,MATCH003,1,0,FAILED,FILE_LOCK,2026-07-13 04:30:27,361
TXN00009402,FAN_SIM_9401,MATCH003,1,0,FAILED,FILE_LOCK,2026-07-13 04:30:27,360
TXN00009410,FAN_SIM_9409,MATCH003,1,0,FAILED,FILE_LOCK,2026-07-13 04:30:27,361
TXN00009371,FAN_SIM_9370,MATCH003,1,0,FAILED,FILE_LOCK,2026-07-13 04:30:27,368
TXN00009372,FAN_SIM_9371,MATCH003,1,0,FAILED,FILE_LOCK,2026-07-13 04:30:27,368
TXN00009323,FAN_SIM_9322,MATCH003,1,500000,FAILED,FILE_LOCK,2026-07-13 04:30:27,788
TXN00009373,FAN_SIM_9372,MATCH003,1,0,FAILED,FILE_LOCK,2026-07-13 04:30:27,368
TXN00009377,FAN_SIM_9376,MATCH003,1,0,FAILED,FILE_LOCK,2026-07-13 04:30:27,366
TXN00009384,FAN_SIM_9383,MATCH003,1,0,FAILED,FILE_LOCK,2026-07-13 04:30:27,363
TXN00009403,FAN_SIM_9402,MATCH003,1,0,FAILED,FILE_LOCK,2026-07-13 04:30:27,361
TXN00009400,FAN_SIM_9399,MATCH003,1,0,FAILED,FILE_LOCK,2026-07-13 04:30:27,362
TXN00009397,FAN_SIM_9396,MATCH003,1,0,FAILED,FILE_LOCK,2026-07-13 04:30:27,362
TXN00009390,FAN_SIM_9390,MATCH003,1,0,FAILED,FILE_LOCK,2026-07-13 04:30:27,363
TXN00009389,FAN_SIM_9389,MATCH003,1,0,FAILED,FILE_LOCK,2026-07-13 04:30:27,362
TXN00009395,FAN_SIM_9384,MATCH003,1,0,FAILED,FILE_LOCK,2026-07-13 04:30:27,362
TXN00009383,FAN_SIM_9382,MATCH003,1,0,FAILED,FILE_LOCK,2026-07-13 04:30:27,364
TXN00009385,FAN_SIM_9385,MATCH003,1,0,FAILED,FILE_LOCK,2026-07-13 04:30:27,363
TXN00009298,FAN_SIM_9297,MATCH003,1,500000,FAILED,FILE_LOCK,2026-07-13 04:30:27,810
TXN00009414,FAN_SIM_9413,MATCH003,1,0,FAILED,FILE_LOCK,2026-07-13 04:30:27,3
TXN00009386,FAN_SIM_9386,MATCH003,1,0,FAILED,FILE_LOCK,2026-07-13 04:30:27,362
TXN00009388,FAN_SIM_9388,MATCH003,1,0,FAILED,FILE_LOCK,2026-07-13 04:30:27,362
TXN00009416,FAN_SIM_9415,MATCH003,1,0,FAILED,FILE_LOCK,2026-07-13 04:30:27,2
TXN00009415,FAN_SIM_9414,MATCH003,1,0,FAILED,FILE_LOCK,2026-07-13 04:30:27,3
TXN00009303,FAN_SIM_9302,MATCH003,1,500000,FAILED,FILE_LOCK,2026-07-13 04:30:27,811
TXN00009379,FAN_SIM_9378,MATCH003,1,0,FAILED,FILE_LOCK,2026-07-13 04:30:27,366
TXN00009279,FAN_SIM_9278,MATCH003,1,500000,FAILED,FILE_LOCK,2026-07-13 04:30:27,823
TXN00009277,FAN_SIM_9276,MATCH003,1,500000,FAILED,FILE_LOCK,2026-07-13 04:30:27,864
TXN00009275,FAN_SIM_9274,MATCH003,1,500000,FAILED,FILE_LOCK,2026-07-13 04:30:27,868
TXN00009436,FAN_SIM_9435,MATCH003,1,0,FAILED,FILE_LOCK,2026-07-13 04:30:27,49
TXN00009457,FAN_SIM_9456,MATCH003,1,0,FAILED,FILE_LOCK,2026-07-13 04:30:27,47
TXN00009421,FAN_SIM_9420,MATCH003,1,0,FAILED,FILE_LOCK,2026-07-13 04:30:27,57
TXN00009464,FAN_SIM_9463,MATCH003,1,0,FAILED,FILE_LOCK,2026-07-13 04:30:27,7
TXN00009294,FAN_SIM_9293,MATCH003,1,500000,FAILED,FILE_LOCK,2026-07-13 04:30:27,869
TXN00009456,FAN_SIM_9455,MATCH003,1,0,FAILED,FILE_LOCK,2026-07-13 04:30:27,48
TXN00009424,FAN_SIM_9423,MATCH003,1,0,FAILED,FILE_LOCK,2026-07-13 04:30:27,57
TXN00009465,FAN_SIM_9464,MATCH003,1,0,FAILED,FILE_LOCK,2026-07-13 04:30:27,6
TXN00009438,FAN_SIM_9437,MATCH003,1,0,FAILED,FILE_LOCK,2026-07-13 04:30:27,50
TXN00009435,FAN_SIM_9434,MATCH003,1,0,FAILED,FILE_LOCK,2026-07-13 04:30:27,50
TXN00009426,FAN_SIM_9425,MATCH003,1,0,FAILED,FILE_LOCK,2026-07-13 04:30:27,53
TXN00009433,FAN_SIM_9432,MATCH003,1,0,FAILED,FILE_LOCK,2026-07-13 04:30:27,51
TXN00009442,FAN_SIM_9441,MATCH003,1,0,FAILED,FILE_LOCK,2026-07-13 04:30:27,50
TXN00009417,FAN_SIM_9416,MATCH003,1,0,FAILED,FILE_LOCK,2026-07-13 04:30:27,61
TXN00009440,FAN_SIM_9439,MATCH003,1,0,FAILED,FILE_LOCK,2026-07-13 04:30:27,51
TXN00009439,FAN_SIM_9438,MATCH003,1,0,FAILED,FILE_LOCK,2026-07-13 04:30:27,50
TXN00009443,FAN_SIM_9442,MATCH003,1,0,FAILED,FILE_LOCK,2026-07-13 04:30:27,50
TXN00009422,FAN_SIM_9421,MATCH003,1,0,FAILED,FILE_LOCK,2026-07-13 04:30:27,59
TXN00009437,FAN_SIM_9436,MATCH003,1,0,FAILED,FILE_LOCK,2026-07-13 04:30:27,51
TXN00009419,FAN_SIM_9418,MATCH003,1,0,FAILED,FILE_LOCK,2026-07-13 04:30:27,61
TXN00009267,FAN_SIM_9266,MATCH003,1,500000,FAILED,FILE_LOCK,2026-07-13 04:30:27,900
TXN00009434,FAN_SIM_9433,MATCH003,1,0,FAILED,FILE_LOCK,2026-07-13 04:30:27,51
TXN00009448,FAN_SIM_9447,MATCH003,1,0,FAILED,FILE_LOCK,2026-07-13 04:30:27,154
TXN00009451,FAN_SIM_9450,MATCH003,1,0,FAILED,FILE_LOCK,2026-07-13 04:30:27,154
TXN00009446,FAN_SIM_9445,MATCH003,1,0,FAILED,FILE_LOCK,2026-07-13 04:30:27,155
TXN00009449,FAN_SIM_9448,MATCH003,1,0,FAILED,FILE_LOCK,2026-07-13 04:30:27,154
TXN00009450,FAN_SIM_9449,MATCH003,1,0,FAILED,FILE_LOCK,2026-07-13 04:30:27,154
TXN00009441,FAN_SIM_9440,MATCH003,1,0,FAILED,FILE_LOCK,2026-07-13 04:30:27,155
TXN00009452,FAN_SIM_9451,MATCH003,1,0,FAILED,FILE_LOCK,2026-07-13 04:30:27,153
TXN00009431,FAN_SIM_9430,MATCH003,1,0,FAILED,FILE_LOCK,2026-07-13 04:30:27,155
TXN00009463,FAN_SIM_9462,MATCH003,1,0,FAILED,FILE_LOCK,2026-07-13 04:30:27,152
TXN00009458,FAN_SIM_9457,MATCH003,1,0,FAILED,FILE_LOCK,2026-07-13 04:30:27,153
TXN00009314,FAN_SIM_9313,MATCH003,1,500000,FAILED,FILE_LOCK,2026-07-13 04:30:27,971
TXN00009270,FAN_SIM_9269,MATCH003,1,500000,FAILED,FILE_LOCK,2026-07-13 04:30:27,987
TXN00009461,FAN_SIM_9460,MATCH003,1,0,FAILED,FILE_LOCK,2026-07-13 04:30:27,153
TXN00009445,FAN_SIM_9444,MATCH003,1,0,FAILED,FILE_LOCK,2026-07-13 04:30:27,50
TXN00009285,FAN_SIM_9284,MATCH003,1,500000,FAILED,FILE_LOCK,2026-07-13 04:30:27,991
TXN00009453,FAN_SIM_9452,MATCH003,1,0,FAILED,FILE_LOCK,2026-07-13 04:30:27,174
TXN00009429,FAN_SIM_9428,MATCH003,1,0,FAILED,FILE_LOCK,2026-07-13 04:30:27,177
TXN00009467,FAN_SIM_9466,MATCH003,1,0,FAILED,FILE_LOCK,2026-07-13 04:30:27,107
TXN00009470,FAN_SIM_9469,MATCH003,1,0,FAILED,FILE_LOCK,2026-07-13 04:30:27,105
TXN00009468,FAN_SIM_9467,MATCH003,1,0,FAILED,FILE_LOCK,2026-07-13 04:30:27,107
TXN00009455,FAN_SIM_9454,MATCH003,1,0,FAILED,FILE_LOCK,2026-07-13 04:30:27,175
TXN00009466,FAN_SIM_9465,MATCH003,1,0,FAILED,FILE_LOCK,2026-07-13 04:30:27,109
TXN00009473,FAN_SIM_9472,MATCH003,1,0,FAILED,FILE_LOCK,2026-07-13 04:30:27,104
TXN00009471,FAN_SIM_9470,MATCH003,1,0,FAILED,FILE_LOCK,2026-07-13 04:30:27,106
TXN00009472,FAN_SIM_9471,MATCH003,1,0,FAILED,FILE_LOCK,2026-07-13 04:30:27,105
TXN00009428,FAN_SIM_9427,MATCH003,1,0,FAILED,FILE_LOCK,2026-07-13 04:30:27,179
TXN00009460,FAN_SIM_9459,MATCH003,1,0,FAILED,FILE_LOCK,2026-07-13 04:30:27,174
TXN00009454,FAN_SIM_9453,MATCH003,1,0,FAILED,FILE_LOCK,2026-07-13 04:30:27,174
TXN00009469,FAN_SIM_9468,MATCH003,1,0,FAILED,FILE_LOCK,2026-07-13 04:30:27,107
TXN00009475,FAN_SIM_9474,MATCH003,1,0,FAILED,FILE_LOCK,2026-07-13 04:30:27,103
TXN00009488,FAN_SIM_9487,MATCH003,1,0,FAILED,FILE_LOCK,2026-07-13 04:30:27,2
TXN00009474,FAN_SIM_9473,MATCH003,1,0,FAILED,FILE_LOCK,2026-07-13 04:30:27,106
TXN00009281,FAN_SIM_9280,MATCH003,1,500000,FAILED,FILE_LOCK,2026-07-13 04:30:27,999
TXN00009489,FAN_SIM_9488,MATCH003,1,0,FAILED,FILE_LOCK,2026-07-13 04:30:27,2
TXN00009490,FAN_SIM_9489,MATCH003,1,0,FAILED,FILE_LOCK,2026-07-13 04:30:27,5
TXN00009491,FAN_SIM_9490,MATCH003,1,0,FAILED,FILE_LOCK,2026-07-13 04:30:27,3
TXN00009511,FAN_SIM_9510,MATCH003,1,0,FAILED,FILE_LOCK,2026-07-13 04:30:27,3
TXN00009478,FAN_SIM_9477,MATCH003,1,0,FAILED,FILE_LOCK,2026-07-13 04:30:27,140
TXN00009263,FAN_SIM_9262,MATCH003,1,500000,FAILED,FILE_LOCK,2026-07-13 04:30:27,1053
TXN00009459,FAN_SIM_9458,MATCH003,1,0,FAILED,FILE_LOCK,2026-07-13 04:30:27,211
TXN00009512,FAN_SIM_9511,MATCH003,1,0,FAILED,FILE_LOCK,2026-07-13 04:30:27,4
TXN00009509,FAN_SIM_9508,MATCH003,1,0,FAILED,FILE_LOCK,2026-07-13 04:30:27,4
TXN00009515,FAN_SIM_9514,MATCH003,1,0,FAILED,FILE_LOCK,2026-07-13 04:30:27,4
TXN00009447,FAN_SIM_9446,MATCH003,1,0,FAILED,FILE_LOCK,2026-07-13 04:30:27,215
TXN00009514,FAN_SIM_9513,MATCH003,1,0,FAILED,FILE_LOCK,2026-07-13 04:30:27,4
TXN00009418,FAN_SIM_9417,MATCH003,1,0,FAILED,FILE_LOCK,2026-07-13 04:30:27,226
TXN00009484,FAN_SIM_9483,MATCH003,1,0,FAILED,FILE_LOCK,2026-07-13 04:30:27,142
TXN00009516,FAN_SIM_9515,MATCH003,1,0,FAILED,FILE_LOCK,2026-07-13 04:30:27,5
TXN00009280,FAN_SIM_9279,MATCH003,1,500000,FAILED,FILE_LOCK,2026-07-13 04:30:27,1039
TXN00009508,FAN_SIM_9495,MATCH003,1,0,FAILED,FILE_LOCK,2026-07-13 04:30:27,18
TXN00009510,FAN_SIM_9509,MATCH003,1,0,FAILED,FILE_LOCK,2026-07-13 04:30:27,6
TXN00009477,FAN_SIM_9476,MATCH003,1,0,FAILED,FILE_LOCK,2026-07-13 04:30:27,143
TXN00009486,FAN_SIM_9485,MATCH003,1,0,FAILED,FILE_LOCK,2026-07-13 04:30:27,142
TXN00009502,FAN_SIM_9502,MATCH003,1,0,FAILED,FILE_LOCK,2026-07-13 04:30:27,31
TXN00009485,FAN_SIM_9484,MATCH003,1,0,FAILED,FILE_LOCK,2026-07-13 04:30:27,142
TXN00009293,FAN_SIM_9292,MATCH003,1,500000,FAILED,FILE_LOCK,2026-07-13 04:30:27,1037
TXN00009483,FAN_SIM_9482,MATCH003,1,0,FAILED,FILE_LOCK,2026-07-13 04:30:27,143
TXN00009500,FAN_SIM_9500,MATCH003,1,0,FAILED,FILE_LOCK,2026-07-13 04:30:27,31
TXN00009517,FAN_SIM_9516,MATCH003,1,0,FAILED,FILE_LOCK,2026-07-13 04:30:27,5
TXN00009273,FAN_SIM_9272,MATCH003,1,500000,FAILED,FILE_LOCK,2026-07-13 04:30:27,1047
TXN00009496,FAN_SIM_9496,MATCH003,1,0,FAILED,FILE_LOCK,2026-07-13 04:30:27,32
TXN00009493,FAN_SIM_9492,MATCH003,1,0,FAILED,FILE_LOCK,2026-07-13 04:30:27,40
TXN00009497,FAN_SIM_9498,MATCH003,1,0,FAILED,FILE_LOCK,2026-07-13 04:30:27,32
TXN00009499,FAN_SIM_9497,MATCH003,1,0,FAILED,FILE_LOCK,2026-07-13 04:30:27,32
TXN00009320,FAN_SIM_9319,MATCH003,1,500000,FAILED,FILE_LOCK,2026-07-13 04:30:27,1020
TXN00009278,FAN_SIM_9277,MATCH003,1,500000,FAILED,FILE_LOCK,2026-07-13 04:30:27,1041
TXN00009518,FAN_SIM_9517,MATCH003,1,0,FAILED,FILE_LOCK,2026-07-13 04:30:27,5
TXN00009507,FAN_SIM_9507,MATCH003,1,0,FAILED,FILE_LOCK,2026-07-13 04:30:27,31
TXN00009501,FAN_SIM_9501,MATCH003,1,0,FAILED,FILE_LOCK,2026-07-13 04:30:27,32
TXN00009492,FAN_SIM_9491,MATCH003,1,0,FAILED,FILE_LOCK,2026-07-13 04:30:27,42
TXN00009520,FAN_SIM_9519,MATCH003,1,0,FAILED,FILE_LOCK,2026-07-13 04:30:27,4
TXN00009504,FAN_SIM_9504,MATCH003,1,0,FAILED,FILE_LOCK,2026-07-13 04:30:27,32
TXN00009506,FAN_SIM_9506,MATCH003,1,0,FAILED,FILE_LOCK,2026-07-13 04:30:27,31
TXN00009505,FAN_SIM_9505,MATCH003,1,0,FAILED,FILE_LOCK,2026-07-13 04:30:27,31
TXN00009498,FAN_SIM_9499,MATCH003,1,0,FAILED,FILE_LOCK,2026-07-13 04:30:27,33
TXN00009521,FAN_SIM_9520,MATCH003,1,0,FAILED,FILE_LOCK,2026-07-13 04:30:27,4
TXN00009487,FAN_SIM_9486,MATCH003,1,0,FAILED,FILE_LOCK,2026-07-13 04:30:27,145
TXN00009482,FAN_SIM_9481,MATCH003,1,0,FAILED,FILE_LOCK,2026-07-13 04:30:27,141
TXN00009404,FAN_SIM_9403,MATCH003,1,500000,FAILED,FILE_LOCK,2026-07-13 04:30:27,595
TXN00009476,FAN_SIM_9475,MATCH003,1,0,FAILED,FILE_LOCK,2026-07-13 04:30:27,148
TXN00009479,FAN_SIM_9478,MATCH003,1,0,FAILED,FILE_LOCK,2026-07-13 04:30:27,148
TXN00009524,FAN_SIM_9523,MATCH003,1,0,FAILED,FILE_LOCK,2026-07-13 04:30:27,4
TXN00009495,FAN_SIM_9494,MATCH003,1,0,FAILED,FILE_LOCK,2026-07-13 04:30:27,41
TXN00009523,FAN_SIM_9522,MATCH003,1,0,FAILED,FILE_LOCK,2026-07-13 04:30:27,4
TXN00009522,FAN_SIM_9521,MATCH003,1,0,FAILED,FILE_LOCK,2026-07-13 04:30:27,4
TXN00009519,FAN_SIM_9518,MATCH003,1,0,FAILED,FILE_LOCK,2026-07-13 04:30:27,5
TXN00009526,FAN_SIM_9525,MATCH003,1,0,FAILED,FILE_LOCK,2026-07-13 04:30:27,3
TXN00009272,FAN_SIM_9271,MATCH003,1,500000,FAILED,FILE_LOCK,2026-07-13 04:30:27,1053
TXN00009375,FAN_SIM_9374,MATCH003,1,500000,FAILED,FILE_LOCK,2026-07-13 04:30:27,603
TXN00009513,FAN_SIM_9512,MATCH003,1,0,FAILED,FILE_LOCK,2026-07-13 04:30:27,6
TXN00009503,FAN_SIM_9503,MATCH003,1,0,FAILED,FILE_LOCK,2026-07-13 04:30:27,32
TXN00009494,FAN_SIM_9493,MATCH003,1,0,FAILED,FILE_LOCK,2026-07-13 04:30:27,43
TXN00009480,FAN_SIM_9479,MATCH003,1,0,FAILED,FILE_LOCK,2026-07-13 04:30:27,146
TXN00009427,FAN_SIM_9426,MATCH003,1,500000,FAILED,FILE_LOCK,2026-07-13 04:30:27,232
TXN00009425,FAN_SIM_9424,MATCH003,1,500000,FAILED,FILE_LOCK,2026-07-13 04:30:27,235
TXN00009423,FAN_SIM_9422,MATCH003,1,500000,FAILED,FILE_LOCK,2026-07-13 04:30:27,236
TXN00009420,FAN_SIM_9419,MATCH003,1,500000,FAILED,FILE_LOCK,2026-07-13 04:30:27,238
TXN00009432,FAN_SIM_9431,MATCH003,1,500000,FAILED,FILE_LOCK,2026-07-13 04:30:27,230
TXN00009430,FAN_SIM_9429,MATCH003,1,500000,FAILED,FILE_LOCK,2026-07-13 04:30:27,232
TXN00009481,FAN_SIM_9480,MATCH003,1,0,FAILED,FILE_LOCK,2026-07-13 04:30:27,145
TXN00009525,FAN_SIM_9524,MATCH003,1,0,FAILED,FILE_LOCK,2026-07-13 04:30:27,3
TXN00009462,FAN_SIM_9461,MATCH003,1,500000,FAILED,FILE_LOCK,2026-07-13 04:30:27,226
TXN00009444,FAN_SIM_9443,MATCH003,1,500000,FAILED,FILE_LOCK,2026-07-13 04:30:27,229
TXN00009562,FAN_SIM_9561,MATCH003,1,0,FAILED,FILE_LOCK,2026-07-13 04:30:27,179
TXN00009535,FAN_SIM_9534,MATCH003,1,0,FAILED,FILE_LOCK,2026-07-13 04:30:27,295
TXN00009528,FAN_SIM_9527,MATCH003,1,0,FAILED,FILE_LOCK,2026-07-13 04:30:27,197
TXN00009563,FAN_SIM_9562,MATCH003,1,0,FAILED,FILE_LOCK,2026-07-13 04:30:27,179
TXN00009567,FAN_SIM_9566,MATCH003,1,0,FAILED,FILE_LOCK,2026-07-13 04:30:27,178
TXN00009582,FAN_SIM_9581,MATCH003,1,0,FAILED,FILE_LOCK,2026-07-13 04:30:27,167
TXN00009585,FAN_SIM_9584,MATCH003,1,0,FAILED,FILE_LOCK,2026-07-13 04:30:27,213
TXN00009538,FAN_SIM_9537,MATCH003,1,0,FAILED,FILE_LOCK,2026-07-13 04:30:27,204
TXN00009549,FAN_SIM_9548,MATCH003,1,0,FAILED,FILE_LOCK,2026-07-13 04:30:27,195
TXN00009532,FAN_SIM_9531,MATCH003,1,0,FAILED,FILE_LOCK,2026-07-13 04:30:27,206
TXN00009588,FAN_SIM_9587,MATCH003,1,0,FAILED,FILE_LOCK,2026-07-13 04:30:27,288
TXN00009551,FAN_SIM_9550,MATCH003,1,0,FAILED,FILE_LOCK,2026-07-13 04:30:27,288
TXN00009527,FAN_SIM_9526,MATCH003,1,500000,FAILED,FILE_LOCK,2026-07-13 04:30:27,304
TXN00009575,FAN_SIM_9573,MATCH003,1,0,FAILED,FILE_LOCK,2026-07-13 04:30:27,300
TXN00009564,FAN_SIM_9563,MATCH003,1,0,FAILED,FILE_LOCK,2026-07-13 04:30:27,311
TXN00009553,FAN_SIM_9552,MATCH003,1,0,FAILED,FILE_LOCK,2026-07-13 04:30:27,314
TXN00009580,FAN_SIM_9579,MATCH003,1,0,FAILED,FILE_LOCK,2026-07-13 04:30:27,301
TXN00009581,FAN_SIM_9580,MATCH003,1,0,FAILED,FILE_LOCK,2026-07-13 04:30:27,301
TXN00009589,FAN_SIM_9588,MATCH003,1,0,FAILED,FILE_LOCK,2026-07-13 04:30:27,274
TXN00009576,FAN_SIM_9575,MATCH003,1,0,FAILED,FILE_LOCK,2026-07-13 04:30:27,301
TXN00009543,FAN_SIM_9542,MATCH003,1,0,FAILED,FILE_LOCK,2026-07-13 04:30:27,316
TXN00009591,FAN_SIM_9590,MATCH003,1,0,FAILED,FILE_LOCK,2026-07-13 04:30:27,30
TXN00009554,FAN_SIM_9553,MATCH003,1,0,FAILED,FILE_LOCK,2026-07-13 04:30:27,315
TXN00009559,FAN_SIM_9558,MATCH003,1,0,FAILED,FILE_LOCK,2026-07-13 04:30:27,314
TXN00009571,FAN_SIM_9570,MATCH003,1,0,FAILED,FILE_LOCK,2026-07-13 04:30:27,312
TXN00009592,FAN_SIM_9591,MATCH003,1,0,FAILED,FILE_LOCK,2026-07-13 04:30:27,30
TXN00009546,FAN_SIM_9545,MATCH003,1,0,FAILED,FILE_LOCK,2026-07-13 04:30:27,317
TXN00009584,FAN_SIM_9583,MATCH003,1,0,FAILED,FILE_LOCK,2026-07-13 04:30:27,302
TXN00009593,FAN_SIM_9592,MATCH003,1,0,FAILED,FILE_LOCK,2026-07-13 04:30:27,29
TXN00009590,FAN_SIM_9589,MATCH003,1,0,FAILED,FILE_LOCK,2026-07-13 04:30:27,276
TXN00009552,FAN_SIM_9551,MATCH003,1,0,FAILED,FILE_LOCK,2026-07-13 04:30:27,316
TXN00009548,FAN_SIM_9547,MATCH003,1,0,FAILED,FILE_LOCK,2026-07-13 04:30:27,317
TXN00009583,FAN_SIM_9582,MATCH003,1,0,FAILED,FILE_LOCK,2026-07-13 04:30:27,303
TXN00009579,FAN_SIM_9578,MATCH003,1,0,FAILED,FILE_LOCK,2026-07-13 04:30:27,303
TXN00009594,FAN_SIM_9593,MATCH003,1,0,FAILED,FILE_LOCK,2026-07-13 04:30:27,3
TXN00009586,FAN_SIM_9585,MATCH003,1,0,FAILED,FILE_LOCK,2026-07-13 04:30:27,303
TXN00009573,FAN_SIM_9572,MATCH003,1,0,FAILED,FILE_LOCK,2026-07-13 04:30:27,314
TXN00009558,FAN_SIM_9557,MATCH003,1,0,FAILED,FILE_LOCK,2026-07-13 04:30:27,317
TXN00009596,FAN_SIM_9595,MATCH003,1,0,FAILED,FILE_LOCK,2026-07-13 04:30:27,3
TXN00009578,FAN_SIM_9577,MATCH003,1,0,FAILED,FILE_LOCK,2026-07-13 04:30:27,303
TXN00009595,FAN_SIM_9594,MATCH003,1,0,FAILED,FILE_LOCK,2026-07-13 04:30:27,3
TXN00009597,FAN_SIM_9596,MATCH003,1,0,FAILED,FILE_LOCK,2026-07-13 04:30:27,1
TXN00009598,FAN_SIM_9597,MATCH003,1,0,FAILED,FILE_LOCK,2026-07-13 04:30:27,0
TXN00009599,FAN_SIM_9598,MATCH003,1,0,FAILED,FILE_LOCK,2026-07-13 04:30:27,2
TXN00009600,FAN_SIM_9599,MATCH003,1,0,FAILED,FILE_LOCK,2026-07-13 04:30:27,2
TXN00009587,FAN_SIM_9586,MATCH003,1,0,FAILED,FILE_LOCK,2026-07-13 04:30:27,307
TXN00009572,FAN_SIM_9571,MATCH003,1,500000,FAILED,FILE_LOCK,2026-07-13 04:30:27,320
TXN00009577,FAN_SIM_9576,MATCH003,1,0,FAILED,FILE_LOCK,2026-07-13 04:30:27,308
TXN00009560,FAN_SIM_9559,MATCH003,1,500000,FAILED,FILE_LOCK,2026-07-13 04:30:27,321
TXN00009601,FAN_SIM_9600,MATCH003,1,0,FAILED,FILE_LOCK,2026-07-13 04:30:27,1
TXN00009602,FAN_SIM_9601,MATCH003,1,0,FAILED,FILE_LOCK,2026-07-13 04:30:27,1
TXN00009530,FAN_SIM_9529,MATCH003,1,500000,FAILED,FILE_LOCK,2026-07-13 04:30:27,336
TXN00009544,FAN_SIM_9543,MATCH003,1,0,FAILED,FILE_LOCK,2026-07-13 04:30:27,322
TXN00009565,FAN_SIM_9564,MATCH003,1,500000,FAILED,FILE_LOCK,2026-07-13 04:30:27,322
TXN00009541,FAN_SIM_9540,MATCH003,1,500000,FAILED,FILE_LOCK,2026-07-13 04:30:27,324
TXN00009555,FAN_SIM_9554,MATCH003,1,0,FAILED,FILE_LOCK,2026-07-13 04:30:27,321
TXN00009533,FAN_SIM_9532,MATCH003,1,500000,FAILED,FILE_LOCK,2026-07-13 04:30:27,336
TXN00009550,FAN_SIM_9549,MATCH003,1,500000,FAILED,FILE_LOCK,2026-07-13 04:30:27,327
TXN00009603,FAN_SIM_9602,MATCH003,1,0,FAILED,FILE_LOCK,2026-07-13 04:30:27,4
TXN00009547,FAN_SIM_9546,MATCH003,1,500000,FAILED,FILE_LOCK,2026-07-13 04:30:27,326
TXN00009557,FAN_SIM_9556,MATCH003,1,500000,FAILED,FILE_LOCK,2026-07-13 04:30:27,326
TXN00009610,FAN_SIM_9609,MATCH003,1,0,FAILED,FILE_LOCK,2026-07-13 04:30:27,2
TXN00009574,FAN_SIM_9574,MATCH003,1,500000,FAILED,FILE_LOCK,2026-07-13 04:30:27,313
TXN00009605,FAN_SIM_9604,MATCH003,1,0,FAILED,FILE_LOCK,2026-07-13 04:30:27,2
TXN00009608,FAN_SIM_9608,MATCH003,1,0,FAILED,FILE_LOCK,2026-07-13 04:30:27,1
TXN00009569,FAN_SIM_9568,MATCH003,1,500000,FAILED,FILE_LOCK,2026-07-13 04:30:27,327
TXN00009545,FAN_SIM_9544,MATCH003,1,500000,FAILED,FILE_LOCK,2026-07-13 04:30:27,331
TXN00009607,FAN_SIM_9606,MATCH003,1,0,FAILED,FILE_LOCK,2026-07-13 04:30:27,3
TXN00009568,FAN_SIM_9567,MATCH003,1,500000,FAILED,FILE_LOCK,2026-07-13 04:30:27,325
TXN00009609,FAN_SIM_9607,MATCH003,1,0,FAILED,FILE_LOCK,2026-07-13 04:30:27,2
TXN00009604,FAN_SIM_9603,MATCH003,1,0,FAILED,FILE_LOCK,2026-07-13 04:30:27,4
TXN00009611,FAN_SIM_9610,MATCH003,1,0,FAILED,FILE_LOCK,2026-07-13 04:30:27,2
TXN00009606,FAN_SIM_9605,MATCH003,1,0,FAILED,FILE_LOCK,2026-07-13 04:30:27,3
TXN00009612,FAN_SIM_9611,MATCH003,1,0,FAILED,FILE_LOCK,2026-07-13 04:30:27,2
TXN00009613,FAN_SIM_9612,MATCH003,1,0,FAILED,FILE_LOCK,2026-07-13 04:30:27,2
TXN00009540,FAN_SIM_9539,MATCH003,1,500000,FAILED,FILE_LOCK,2026-07-13 04:30:27,334
TXN00009539,FAN_SIM_9538,MATCH003,1,500000,FAILED,FILE_LOCK,2026-07-13 04:30:27,336
TXN00009537,FAN_SIM_9536,MATCH003,1,500000,FAILED,FILE_LOCK,2026-07-13 04:30:27,339
TXN00009561,FAN_SIM_9560,MATCH003,1,500000,FAILED,FILE_LOCK,2026-07-13 04:30:27,333
TXN00009556,FAN_SIM_9555,MATCH003,1,500000,FAILED,FILE_LOCK,2026-07-13 04:30:27,342
TXN00009570,FAN_SIM_9569,MATCH003,1,500000,FAILED,FILE_LOCK,2026-07-13 04:30:27,461
TXN00009651,FAN_SIM_9650,MATCH003,1,0,FAILED,FILE_LOCK,2026-07-13 04:30:27,126
TXN00009622,FAN_SIM_9621,MATCH003,1,0,FAILED,FILE_LOCK,2026-07-13 04:30:27,130
TXN00009626,FAN_SIM_9625,MATCH003,1,0,FAILED,FILE_LOCK,2026-07-13 04:30:27,135
TXN00009644,FAN_SIM_9643,MATCH003,1,0,FAILED,FILE_LOCK,2026-07-13 04:30:27,133
TXN00009643,FAN_SIM_9642,MATCH003,1,0,FAILED,FILE_LOCK,2026-07-13 04:30:27,133
TXN00009664,FAN_SIM_9663,MATCH003,1,0,FAILED,FILE_LOCK,2026-07-13 04:30:27,128
TXN00009617,FAN_SIM_9616,MATCH003,1,0,FAILED,FILE_LOCK,2026-07-13 04:30:27,135
TXN00009634,FAN_SIM_9633,MATCH003,1,0,FAILED,FILE_LOCK,2026-07-13 04:30:27,134
TXN00009663,FAN_SIM_9662,MATCH003,1,0,FAILED,FILE_LOCK,2026-07-13 04:30:27,127
TXN00009636,FAN_SIM_9635,MATCH003,1,0,FAILED,FILE_LOCK,2026-07-13 04:30:27,133
TXN00009632,FAN_SIM_9631,MATCH003,1,0,FAILED,FILE_LOCK,2026-07-13 04:30:27,133
TXN00009642,FAN_SIM_9641,MATCH003,1,0,FAILED,FILE_LOCK,2026-07-13 04:30:27,131
TXN00009654,FAN_SIM_9653,MATCH003,1,0,FAILED,FILE_LOCK,2026-07-13 04:30:27,129
TXN00009633,FAN_SIM_9632,MATCH003,1,0,FAILED,FILE_LOCK,2026-07-13 04:30:27,131
TXN00009624,FAN_SIM_9623,MATCH003,1,0,FAILED,FILE_LOCK,2026-07-13 04:30:27,133
TXN00009619,FAN_SIM_9618,MATCH003,1,0,FAILED,FILE_LOCK,2026-07-13 04:30:27,137
TXN00009615,FAN_SIM_9614,MATCH003,1,0,FAILED,FILE_LOCK,2026-07-13 04:30:27,140
TXN00009631,FAN_SIM_9630,MATCH003,1,0,FAILED,FILE_LOCK,2026-07-13 04:30:27,133
TXN00009620,FAN_SIM_9619,MATCH003,1,0,FAILED,FILE_LOCK,2026-07-13 04:30:27,136
TXN00009669,FAN_SIM_9668,MATCH003,1,0,FAILED,FILE_LOCK,2026-07-13 04:30:27,127
TXN00009660,FAN_SIM_9659,MATCH003,1,0,FAILED,FILE_LOCK,2026-07-13 04:30:27,125
TXN00009628,FAN_SIM_9627,MATCH003,1,0,FAILED,FILE_LOCK,2026-07-13 04:30:27,132
TXN00009658,FAN_SIM_9657,MATCH003,1,0,FAILED,FILE_LOCK,2026-07-13 04:30:27,130
TXN00009638,FAN_SIM_9637,MATCH003,1,0,FAILED,FILE_LOCK,2026-07-13 04:30:27,132
TXN00009630,FAN_SIM_9629,MATCH003,1,0,FAILED,FILE_LOCK,2026-07-13 04:30:27,133
TXN00009639,FAN_SIM_9638,MATCH003,1,0,FAILED,FILE_LOCK,2026-07-13 04:30:27,133
TXN00009668,FAN_SIM_9667,MATCH003,1,0,FAILED,FILE_LOCK,2026-07-13 04:30:27,127
TXN00009648,FAN_SIM_9647,MATCH003,1,0,FAILED,FILE_LOCK,2026-07-13 04:30:27,130
TXN00009629,FAN_SIM_9628,MATCH003,1,0,FAILED,FILE_LOCK,2026-07-13 04:30:27,132
TXN00009637,FAN_SIM_9636,MATCH003,1,0,FAILED,FILE_LOCK,2026-07-13 04:30:27,132
TXN00009667,FAN_SIM_9666,MATCH003,1,0,FAILED,FILE_LOCK,2026-07-13 04:30:27,127
TXN00009670,FAN_SIM_9669,MATCH003,1,0,FAILED,FILE_LOCK,2026-07-13 04:30:27,123
TXN00009659,FAN_SIM_9658,MATCH003,1,0,FAILED,FILE_LOCK,2026-07-13 04:30:27,129
TXN00009635,FAN_SIM_9634,MATCH003,1,0,FAILED,FILE_LOCK,2026-07-13 04:30:27,132
TXN00009647,FAN_SIM_9646,MATCH003,1,0,FAILED,FILE_LOCK,2026-07-13 04:30:27,131
TXN00009657,FAN_SIM_9656,MATCH003,1,0,FAILED,FILE_LOCK,2026-07-13 04:30:27,128
TXN00009646,FAN_SIM_9645,MATCH003,1,0,FAILED,FILE_LOCK,2026-07-13 04:30:27,132
TXN00009645,FAN_SIM_9644,MATCH003,1,0,FAILED,FILE_LOCK,2026-07-13 04:30:27,134
TXN00009531,FAN_SIM_9530,MATCH003,1,500000,FAILED,FILE_LOCK,2026-07-13 04:30:27,513
TXN00009621,FAN_SIM_9620,MATCH003,1,0,FAILED,FILE_LOCK,2026-07-13 04:30:27,135
TXN00009665,FAN_SIM_9664,MATCH003,1,0,FAILED,FILE_LOCK,2026-07-13 04:30:27,128
TXN00009623,FAN_SIM_9622,MATCH003,1,0,FAILED,FILE_LOCK,2026-07-13 04:30:27,135
TXN00009671,FAN_SIM_9670,MATCH003,1,0,FAILED,FILE_LOCK,2026-07-13 04:30:27,31
TXN00009652,FAN_SIM_9651,MATCH003,1,0,FAILED,FILE_LOCK,2026-07-13 04:30:27,161
TXN00009640,FAN_SIM_9639,MATCH003,1,0,FAILED,FILE_LOCK,2026-07-13 04:30:27,134
TXN00009641,FAN_SIM_9640,MATCH003,1,0,FAILED,FILE_LOCK,2026-07-13 04:30:27,165
TXN00009627,FAN_SIM_9626,MATCH003,1,0,FAILED,FILE_LOCK,2026-07-13 04:30:27,166
TXN00009625,FAN_SIM_9624,MATCH003,1,0,FAILED,FILE_LOCK,2026-07-13 04:30:27,135
TXN00009614,FAN_SIM_9613,MATCH003,1,0,FAILED,FILE_LOCK,2026-07-13 04:30:27,172
TXN00009655,FAN_SIM_9654,MATCH003,1,0,FAILED,FILE_LOCK,2026-07-13 04:30:27,161
TXN00009666,FAN_SIM_9665,MATCH003,1,0,FAILED,FILE_LOCK,2026-07-13 04:30:27,160
TXN00009616,FAN_SIM_9615,MATCH003,1,500000,FAILED,FILE_LOCK,2026-07-13 04:30:27,173
TXN00009529,FAN_SIM_9528,MATCH003,1,500000,FAILED,FILE_LOCK,2026-07-13 04:30:27,517
TXN00009566,FAN_SIM_9565,MATCH003,1,500000,FAILED,FILE_LOCK,2026-07-13 04:30:27,498
TXN00009650,FAN_SIM_9649,MATCH003,1,0,FAILED,FILE_LOCK,2026-07-13 04:30:27,162
TXN00009534,FAN_SIM_9533,MATCH003,1,500000,FAILED,FILE_LOCK,2026-07-13 04:30:27,514
TXN00009653,FAN_SIM_9652,MATCH003,1,0,FAILED,FILE_LOCK,2026-07-13 04:30:27,162
TXN00009618,FAN_SIM_9617,MATCH003,1,500000,FAILED,FILE_LOCK,2026-07-13 04:30:27,170
TXN00009536,FAN_SIM_9535,MATCH003,1,500000,FAILED,FILE_LOCK,2026-07-13 04:30:27,510
TXN00009542,FAN_SIM_9541,MATCH003,1,500000,FAILED,FILE_LOCK,2026-07-13 04:30:27,504
TXN00009661,FAN_SIM_9660,MATCH003,1,0,FAILED,FILE_LOCK,2026-07-13 04:30:27,161
TXN00009679,FAN_SIM_9678,MATCH003,1,0,FAILED,FILE_LOCK,2026-07-13 04:30:28,57
TXN00009649,FAN_SIM_9648,MATCH003,1,0,FAILED,FILE_LOCK,2026-07-13 04:30:28,235
TXN00009693,FAN_SIM_9692,MATCH003,1,0,FAILED,FILE_LOCK,2026-07-13 04:30:28,55
TXN00009662,FAN_SIM_9661,MATCH003,1,0,FAILED,FILE_LOCK,2026-07-13 04:30:28,233
TXN00009687,FAN_SIM_9686,MATCH003,1,0,FAILED,FILE_LOCK,2026-07-13 04:30:28,56
TXN00009708,FAN_SIM_9707,MATCH003,1,0,FAILED,FILE_LOCK,2026-07-13 04:30:28,55
TXN00009727,FAN_SIM_9726,MATCH003,1,0,FAILED,FILE_LOCK,2026-07-13 04:30:28,52
TXN00009672,FAN_SIM_9671,MATCH003,1,0,FAILED,FILE_LOCK,2026-07-13 04:30:28,65
TXN00009729,FAN_SIM_9728,MATCH003,1,0,FAILED,FILE_LOCK,2026-07-13 04:30:28,53
TXN00009689,FAN_SIM_9688,MATCH003,1,0,FAILED,FILE_LOCK,2026-07-13 04:30:28,57
TXN00009675,FAN_SIM_9674,MATCH003,1,0,FAILED,FILE_LOCK,2026-07-13 04:30:28,59
TXN00009678,FAN_SIM_9677,MATCH003,1,0,FAILED,FILE_LOCK,2026-07-13 04:30:28,59
TXN00009714,FAN_SIM_9713,MATCH003,1,0,FAILED,FILE_LOCK,2026-07-13 04:30:28,54
TXN00009680,FAN_SIM_9679,MATCH003,1,0,FAILED,FILE_LOCK,2026-07-13 04:30:28,59
TXN00009695,FAN_SIM_9694,MATCH003,1,0,FAILED,FILE_LOCK,2026-07-13 04:30:28,56
TXN00009677,FAN_SIM_9676,MATCH003,1,0,FAILED,FILE_LOCK,2026-07-13 04:30:28,59
TXN00009711,FAN_SIM_9710,MATCH003,1,0,FAILED,FILE_LOCK,2026-07-13 04:30:28,55
TXN00009691,FAN_SIM_9690,MATCH003,1,0,FAILED,FILE_LOCK,2026-07-13 04:30:28,56
TXN00009674,FAN_SIM_9673,MATCH003,1,0,FAILED,FILE_LOCK,2026-07-13 04:30:28,60
TXN00009703,FAN_SIM_9702,MATCH003,1,0,FAILED,FILE_LOCK,2026-07-13 04:30:28,56
TXN00009721,FAN_SIM_9720,MATCH003,1,0,FAILED,FILE_LOCK,2026-07-13 04:30:28,54
TXN00009676,FAN_SIM_9675,MATCH003,1,0,FAILED,FILE_LOCK,2026-07-13 04:30:28,58
TXN00009717,FAN_SIM_9716,MATCH003,1,0,FAILED,FILE_LOCK,2026-07-13 04:30:28,54
TXN00009682,FAN_SIM_9681,MATCH003,1,0,FAILED,FILE_LOCK,2026-07-13 04:30:28,60
TXN00009696,FAN_SIM_9695,MATCH003,1,0,FAILED,FILE_LOCK,2026-07-13 04:30:28,88
TXN00009704,FAN_SIM_9703,MATCH003,1,0,FAILED,FILE_LOCK,2026-07-13 04:30:28,56
TXN00009725,FAN_SIM_9724,MATCH003,1,0,FAILED,FILE_LOCK,2026-07-13 04:30:28,116
TXN00009715,FAN_SIM_9714,MATCH003,1,0,FAILED,FILE_LOCK,2026-07-13 04:30:28,117
TXN00009681,FAN_SIM_9680,MATCH003,1,0,FAILED,FILE_LOCK,2026-07-13 04:30:28,91
TXN00009673,FAN_SIM_9672,MATCH003,1,0,FAILED,FILE_LOCK,2026-07-13 04:30:28,62
TXN00009730,FAN_SIM_9729,MATCH003,1,0,FAILED,FILE_LOCK,2026-07-13 04:30:28,84
TXN00009712,FAN_SIM_9711,MATCH003,1,0,FAILED,FILE_LOCK,2026-07-13 04:30:28,54
TXN00009718,FAN_SIM_9717,MATCH003,1,0,FAILED,FILE_LOCK,2026-07-13 04:30:28,117
TXN00009709,FAN_SIM_9708,MATCH003,1,0,FAILED,FILE_LOCK,2026-07-13 04:30:28,119
TXN00009700,FAN_SIM_9699,MATCH003,1,0,FAILED,FILE_LOCK,2026-07-13 04:30:28,120
TXN00009716,FAN_SIM_9715,MATCH003,1,0,FAILED,FILE_LOCK,2026-07-13 04:30:28,118
TXN00009707,FAN_SIM_9706,MATCH003,1,0,FAILED,FILE_LOCK,2026-07-13 04:30:28,119
TXN00009713,FAN_SIM_9712,MATCH003,1,0,FAILED,FILE_LOCK,2026-07-13 04:30:28,118
TXN00009720,FAN_SIM_9719,MATCH003,1,0,FAILED,FILE_LOCK,2026-07-13 04:30:28,117
TXN00009726,FAN_SIM_9725,MATCH003,1,0,FAILED,FILE_LOCK,2026-07-13 04:30:28,116
TXN00009710,FAN_SIM_9709,MATCH003,1,0,FAILED,FILE_LOCK,2026-07-13 04:30:28,119
TXN00009702,FAN_SIM_9701,MATCH003,1,0,FAILED,FILE_LOCK,2026-07-13 04:30:28,120
TXN00009722,FAN_SIM_9721,MATCH003,1,0,FAILED,FILE_LOCK,2026-07-13 04:30:28,117
TXN00009692,FAN_SIM_9691,MATCH003,1,0,FAILED,FILE_LOCK,2026-07-13 04:30:28,121
TXN00009698,FAN_SIM_9697,MATCH003,1,0,FAILED,FILE_LOCK,2026-07-13 04:30:28,120
TXN00009723,FAN_SIM_9722,MATCH003,1,0,FAILED,FILE_LOCK,2026-07-13 04:30:28,117
TXN00009719,FAN_SIM_9718,MATCH003,1,0,FAILED,FILE_LOCK,2026-07-13 04:30:28,117
TXN00009697,FAN_SIM_9696,MATCH003,1,0,FAILED,FILE_LOCK,2026-07-13 04:30:28,120
TXN00009732,FAN_SIM_9731,MATCH003,1,0,FAILED,FILE_LOCK,2026-07-13 04:30:28,113
TXN00009731,FAN_SIM_9730,MATCH003,1,0,FAILED,FILE_LOCK,2026-07-13 04:30:28,120
TXN00009656,FAN_SIM_9655,MATCH003,1,500000,FAILED,FILE_LOCK,2026-07-13 04:30:28,303
TXN00009728,FAN_SIM_9727,MATCH003,1,0,FAILED,FILE_LOCK,2026-07-13 04:30:28,120
TXN00009724,FAN_SIM_9723,MATCH003,1,0,FAILED,FILE_LOCK,2026-07-13 04:30:28,121
TXN00009701,FAN_SIM_9700,MATCH003,1,0,FAILED,FILE_LOCK,2026-07-13 04:30:28,124
TXN00009735,FAN_SIM_9734,MATCH003,1,0,FAILED,FILE_LOCK,2026-07-13 04:30:28,1
TXN00009690,FAN_SIM_9689,MATCH003,1,0,FAILED,FILE_LOCK,2026-07-13 04:30:28,125
TXN00009706,FAN_SIM_9705,MATCH003,1,0,FAILED,FILE_LOCK,2026-07-13 04:30:28,123
TXN00009685,FAN_SIM_9684,MATCH003,1,500000,FAILED,FILE_LOCK,2026-07-13 04:30:28,127
TXN00009688,FAN_SIM_9687,MATCH003,1,500000,FAILED,FILE_LOCK,2026-07-13 04:30:28,133
TXN00009791,FAN_SIM_9790,MATCH003,1,0,FAILED,FILE_LOCK,2026-07-13 04:30:28,113
TXN00009740,FAN_SIM_9739,MATCH003,1,0,FAILED,FILE_LOCK,2026-07-13 04:30:28,144
TXN00009755,FAN_SIM_9754,MATCH003,1,0,FAILED,FILE_LOCK,2026-07-13 04:30:28,142
TXN00009787,FAN_SIM_9786,MATCH003,1,0,FAILED,FILE_LOCK,2026-07-13 04:30:28,139
TXN00009775,FAN_SIM_9774,MATCH003,1,0,FAILED,FILE_LOCK,2026-07-13 04:30:28,140
TXN00009734,FAN_SIM_9733,MATCH003,1,0,FAILED,FILE_LOCK,2026-07-13 04:30:28,149
TXN00009738,FAN_SIM_9737,MATCH003,1,0,FAILED,FILE_LOCK,2026-07-13 04:30:28,146
TXN00009790,FAN_SIM_9789,MATCH003,1,0,FAILED,FILE_LOCK,2026-07-13 04:30:28,139
TXN00009733,FAN_SIM_9732,MATCH003,1,0,FAILED,FILE_LOCK,2026-07-13 04:30:28,217
TXN00009788,FAN_SIM_9787,MATCH003,1,0,FAILED,FILE_LOCK,2026-07-13 04:30:28,140
TXN00009744,FAN_SIM_9743,MATCH003,1,0,FAILED,FILE_LOCK,2026-07-13 04:30:28,144
TXN00009784,FAN_SIM_9783,MATCH003,1,0,FAILED,FILE_LOCK,2026-07-13 04:30:28,140
TXN00009739,FAN_SIM_9738,MATCH003,1,0,FAILED,FILE_LOCK,2026-07-13 04:30:28,146
TXN00009789,FAN_SIM_9788,MATCH003,1,0,FAILED,FILE_LOCK,2026-07-13 04:30:28,140
TXN00009748,FAN_SIM_9747,MATCH003,1,0,FAILED,FILE_LOCK,2026-07-13 04:30:28,144
TXN00009743,FAN_SIM_9742,MATCH003,1,0,FAILED,FILE_LOCK,2026-07-13 04:30:28,144
TXN00009786,FAN_SIM_9785,MATCH003,1,0,FAILED,FILE_LOCK,2026-07-13 04:30:28,140
TXN00009686,FAN_SIM_9685,MATCH003,1,500000,FAILED,FILE_LOCK,2026-07-13 04:30:28,277
TXN00009683,FAN_SIM_9682,MATCH003,1,500000,FAILED,FILE_LOCK,2026-07-13 04:30:28,279
TXN00009756,FAN_SIM_9755,MATCH003,1,0,FAILED,FILE_LOCK,2026-07-13 04:30:28,148
TXN00009785,FAN_SIM_9784,MATCH003,1,0,FAILED,FILE_LOCK,2026-07-13 04:30:28,140
TXN00009737,FAN_SIM_9736,MATCH003,1,0,FAILED,FILE_LOCK,2026-07-13 04:30:28,147
TXN00009753,FAN_SIM_9752,MATCH003,1,0,FAILED,FILE_LOCK,2026-07-13 04:30:28,148
TXN00009746,FAN_SIM_9745,MATCH003,1,0,FAILED,FILE_LOCK,2026-07-13 04:30:28,144
TXN00009736,FAN_SIM_9735,MATCH003,1,0,FAILED,FILE_LOCK,2026-07-13 04:30:28,149
TXN00009761,FAN_SIM_9760,MATCH003,1,0,FAILED,FILE_LOCK,2026-07-13 04:30:28,203
TXN00009751,FAN_SIM_9750,MATCH003,1,0,FAILED,FILE_LOCK,2026-07-13 04:30:28,156
TXN00009752,FAN_SIM_9751,MATCH003,1,0,FAILED,FILE_LOCK,2026-07-13 04:30:28,156
TXN00009745,FAN_SIM_9744,MATCH003,1,0,FAILED,FILE_LOCK,2026-07-13 04:30:28,151
TXN00009754,FAN_SIM_9753,MATCH003,1,0,FAILED,FILE_LOCK,2026-07-13 04:30:28,150
TXN00009705,FAN_SIM_9704,MATCH003,1,0,FAILED,FILE_LOCK,2026-07-13 04:30:28,277
TXN00009747,FAN_SIM_9746,MATCH003,1,0,FAILED,FILE_LOCK,2026-07-13 04:30:28,213
TXN00009819,FAN_SIM_9818,MATCH003,1,0,FAILED,FILE_LOCK,2026-07-13 04:30:28,2
TXN00009816,FAN_SIM_9815,MATCH003,1,0,FAILED,FILE_LOCK,2026-07-13 04:30:28,3
TXN00009770,FAN_SIM_9768,MATCH003,1,0,FAILED,FILE_LOCK,2026-07-13 04:30:28,213
TXN00009793,FAN_SIM_9792,MATCH003,1,0,FAILED,FILE_LOCK,2026-07-13 04:30:28,71
TXN00009741,FAN_SIM_9740,MATCH003,1,0,FAILED,FILE_LOCK,2026-07-13 04:30:28,216
TXN00009800,FAN_SIM_9799,MATCH003,1,0,FAILED,FILE_LOCK,2026-07-13 04:30:28,9
TXN00009799,FAN_SIM_9798,MATCH003,1,0,FAILED,FILE_LOCK,2026-07-13 04:30:28,8
TXN00009815,FAN_SIM_9810,MATCH003,1,0,FAILED,FILE_LOCK,2026-07-13 04:30:28,4
TXN00009817,FAN_SIM_9816,MATCH003,1,0,FAILED,FILE_LOCK,2026-07-13 04:30:28,3
TXN00009820,FAN_SIM_9819,MATCH003,1,0,FAILED,FILE_LOCK,2026-07-13 04:30:28,32
TXN00009808,FAN_SIM_9807,MATCH003,1,0,FAILED,FILE_LOCK,2026-07-13 04:30:28,34
TXN00009818,FAN_SIM_9817,MATCH003,1,0,FAILED,FILE_LOCK,2026-07-13 04:30:28,3
TXN00009795,FAN_SIM_9794,MATCH003,1,0,FAILED,FILE_LOCK,2026-07-13 04:30:28,70
TXN00009802,FAN_SIM_9801,MATCH003,1,0,FAILED,FILE_LOCK,2026-07-13 04:30:28,9
TXN00009798,FAN_SIM_9797,MATCH003,1,0,FAILED,FILE_LOCK,2026-07-13 04:30:28,8
TXN00009757,FAN_SIM_9756,MATCH003,1,0,FAILED,FILE_LOCK,2026-07-13 04:30:28,212
TXN00009750,FAN_SIM_9749,MATCH003,1,0,FAILED,FILE_LOCK,2026-07-13 04:30:28,213
TXN00009782,FAN_SIM_9781,MATCH003,1,0,FAILED,FILE_LOCK,2026-07-13 04:30:28,310
TXN00009769,FAN_SIM_9769,MATCH003,1,0,FAILED,FILE_LOCK,2026-07-13 04:30:28,313
TXN00009759,FAN_SIM_9758,MATCH003,1,0,FAILED,FILE_LOCK,2026-07-13 04:30:28,315
TXN00009699,FAN_SIM_9698,MATCH003,1,500000,FAILED,FILE_LOCK,2026-07-13 04:30:28,445
TXN00009694,FAN_SIM_9693,MATCH003,1,500000,FAILED,FILE_LOCK,2026-07-13 04:30:28,548
TXN00009794,FAN_SIM_9793,MATCH003,1,0,FAILED,FILE_LOCK,2026-07-13 04:30:28,171
TXN00009838,FAN_SIM_9837,MATCH003,1,0,FAILED,FILE_LOCK,2026-07-13 04:30:28,134
TXN00009764,FAN_SIM_9763,MATCH003,1,0,FAILED,FILE_LOCK,2026-07-13 04:30:28,419
TXN00009684,FAN_SIM_9683,MATCH003,1,500000,FAILED,FILE_LOCK,2026-07-13 04:30:28,590
TXN00009834,FAN_SIM_9833,MATCH003,1,0,FAILED,FILE_LOCK,2026-07-13 04:30:28,214
TXN00009847,FAN_SIM_9846,MATCH003,1,0,FAILED,FILE_LOCK,2026-07-13 04:30:28,4
TXN00009813,FAN_SIM_9813,MATCH003,1,0,FAILED,FILE_LOCK,2026-07-13 04:30:28,251
TXN00009806,FAN_SIM_9805,MATCH003,1,0,FAILED,FILE_LOCK,2026-07-13 04:30:28,255
TXN00009809,FAN_SIM_9808,MATCH003,1,0,FAILED,FILE_LOCK,2026-07-13 04:30:28,252
TXN00009843,FAN_SIM_9842,MATCH003,1,0,FAILED,FILE_LOCK,2026-07-13 04:30:28,148
TXN00009796,FAN_SIM_9795,MATCH003,1,0,FAILED,FILE_LOCK,2026-07-13 04:30:28,317
TXN00009773,FAN_SIM_9772,MATCH003,1,0,FAILED,FILE_LOCK,2026-07-13 04:30:28,461
TXN00009823,FAN_SIM_9822,MATCH003,1,0,FAILED,FILE_LOCK,2026-07-13 04:30:28,216
TXN00009833,FAN_SIM_9832,MATCH003,1,0,FAILED,FILE_LOCK,2026-07-13 04:30:28,215
TXN00009776,FAN_SIM_9775,MATCH003,1,0,FAILED,FILE_LOCK,2026-07-13 04:30:28,461
TXN00009822,FAN_SIM_9821,MATCH003,1,0,FAILED,FILE_LOCK,2026-07-13 04:30:28,216
TXN00009774,FAN_SIM_9773,MATCH003,1,0,FAILED,FILE_LOCK,2026-07-13 04:30:28,461
TXN00009830,FAN_SIM_9829,MATCH003,1,0,FAILED,FILE_LOCK,2026-07-13 04:30:28,215
TXN00009758,FAN_SIM_9757,MATCH003,1,0,FAILED,FILE_LOCK,2026-07-13 04:30:28,463
TXN00009824,FAN_SIM_9823,MATCH003,1,0,FAILED,FILE_LOCK,2026-07-13 04:30:28,216
TXN00009810,FAN_SIM_9809,MATCH003,1,0,FAILED,FILE_LOCK,2026-07-13 04:30:28,252
TXN00009768,FAN_SIM_9767,MATCH003,1,0,FAILED,FILE_LOCK,2026-07-13 04:30:28,462
TXN00009778,FAN_SIM_9777,MATCH003,1,0,FAILED,FILE_LOCK,2026-07-13 04:30:28,461
TXN00009844,FAN_SIM_9843,MATCH003,1,0,FAILED,FILE_LOCK,2026-07-13 04:30:28,146
TXN00009825,FAN_SIM_9824,MATCH003,1,0,FAILED,FILE_LOCK,2026-07-13 04:30:28,217
TXN00009835,FAN_SIM_9834,MATCH003,1,0,FAILED,FILE_LOCK,2026-07-13 04:30:28,215
TXN00009832,FAN_SIM_9831,MATCH003,1,0,FAILED,FILE_LOCK,2026-07-13 04:30:28,216
TXN00009841,FAN_SIM_9840,MATCH003,1,0,FAILED,FILE_LOCK,2026-07-13 04:30:28,151
TXN00009840,FAN_SIM_9839,MATCH003,1,0,FAILED,FILE_LOCK,2026-07-13 04:30:28,153
TXN00009763,FAN_SIM_9761,MATCH003,1,0,FAILED,FILE_LOCK,2026-07-13 04:30:28,463
TXN00009845,FAN_SIM_9844,MATCH003,1,0,FAILED,FILE_LOCK,2026-07-13 04:30:28,42
TXN00009846,FAN_SIM_9845,MATCH003,1,0,FAILED,FILE_LOCK,2026-07-13 04:30:28,42
TXN00009749,FAN_SIM_9748,MATCH003,1,0,FAILED,FILE_LOCK,2026-07-13 04:30:28,465
TXN00009779,FAN_SIM_9778,MATCH003,1,0,FAILED,FILE_LOCK,2026-07-13 04:30:28,462
TXN00009792,FAN_SIM_9791,MATCH003,1,0,FAILED,FILE_LOCK,2026-07-13 04:30:28,321
TXN00009829,FAN_SIM_9828,MATCH003,1,0,FAILED,FILE_LOCK,2026-07-13 04:30:28,216
TXN00009828,FAN_SIM_9827,MATCH003,1,0,FAILED,FILE_LOCK,2026-07-13 04:30:28,217
TXN00009836,FAN_SIM_9835,MATCH003,1,0,FAILED,FILE_LOCK,2026-07-13 04:30:28,185
TXN00009766,FAN_SIM_9765,MATCH003,1,0,FAILED,FILE_LOCK,2026-07-13 04:30:28,463
TXN00009804,FAN_SIM_9803,MATCH003,1,0,FAILED,FILE_LOCK,2026-07-13 04:30:28,257
TXN00009811,FAN_SIM_9811,MATCH003,1,0,FAILED,FILE_LOCK,2026-07-13 04:30:28,255
TXN00009842,FAN_SIM_9841,MATCH003,1,0,FAILED,FILE_LOCK,2026-07-13 04:30:28,149
TXN00009848,FAN_SIM_9847,MATCH003,1,0,FAILED,FILE_LOCK,2026-07-13 04:30:28,5
TXN00009851,FAN_SIM_9850,MATCH003,1,0,FAILED,FILE_LOCK,2026-07-13 04:30:28,2
TXN00009850,FAN_SIM_9849,MATCH003,1,0,FAILED,FILE_LOCK,2026-07-13 04:30:28,2
TXN00009849,FAN_SIM_9848,MATCH003,1,0,FAILED,FILE_LOCK,2026-07-13 04:30:28,4
TXN00009854,FAN_SIM_9853,MATCH003,1,0,FAILED,FILE_LOCK,2026-07-13 04:30:28,1
TXN00009853,FAN_SIM_9852,MATCH003,1,0,FAILED,FILE_LOCK,2026-07-13 04:30:28,1
TXN00009852,FAN_SIM_9851,MATCH003,1,0,FAILED,FILE_LOCK,2026-07-13 04:30:28,1
TXN00009839,FAN_SIM_9838,MATCH003,1,0,FAILED,FILE_LOCK,2026-07-13 04:30:28,165
TXN00009760,FAN_SIM_9759,MATCH003,1,500000,FAILED,FILE_LOCK,2026-07-13 04:30:28,467
TXN00009855,FAN_SIM_9854,MATCH003,1,0,FAILED,FILE_LOCK,2026-07-13 04:30:28,1
TXN00009762,FAN_SIM_9762,MATCH003,1,500000,FAILED,FILE_LOCK,2026-07-13 04:30:28,468
TXN00009857,FAN_SIM_9856,MATCH003,1,0,FAILED,FILE_LOCK,2026-07-13 04:30:28,1
TXN00009812,FAN_SIM_9812,MATCH003,1,500000,FAILED,FILE_LOCK,2026-07-13 04:30:28,257
TXN00009859,FAN_SIM_9858,MATCH003,1,0,FAILED,FILE_LOCK,2026-07-13 04:30:28,1
TXN00009856,FAN_SIM_9855,MATCH003,1,0,FAILED,FILE_LOCK,2026-07-13 04:30:28,1
TXN00009742,FAN_SIM_9741,MATCH003,1,500000,FAILED,FILE_LOCK,2026-07-13 04:30:28,472
TXN00009821,FAN_SIM_9820,MATCH003,1,0,FAILED,FILE_LOCK,2026-07-13 04:30:28,220
TXN00009814,FAN_SIM_9814,MATCH003,1,500000,FAILED,FILE_LOCK,2026-07-13 04:30:28,259
TXN00009858,FAN_SIM_9857,MATCH003,1,0,FAILED,FILE_LOCK,2026-07-13 04:30:28,1
TXN00009777,FAN_SIM_9776,MATCH003,1,500000,FAILED,FILE_LOCK,2026-07-13 04:30:28,468
TXN00009861,FAN_SIM_9860,MATCH003,1,0,FAILED,FILE_LOCK,2026-07-13 04:30:28,5
TXN00009863,FAN_SIM_9862,MATCH003,1,0,FAILED,FILE_LOCK,2026-07-13 04:30:28,4
TXN00009860,FAN_SIM_9859,MATCH003,1,0,FAILED,FILE_LOCK,2026-07-13 04:30:28,7
TXN00009865,FAN_SIM_9864,MATCH003,1,0,FAILED,FILE_LOCK,2026-07-13 04:30:28,4
TXN00009864,FAN_SIM_9863,MATCH003,1,0,FAILED,FILE_LOCK,2026-07-13 04:30:28,5
TXN00009807,FAN_SIM_9806,MATCH003,1,500000,FAILED,FILE_LOCK,2026-07-13 04:30:28,270
TXN00009866,FAN_SIM_9865,MATCH003,1,0,FAILED,FILE_LOCK,2026-07-13 04:30:28,3
TXN00009862,FAN_SIM_9861,MATCH003,1,0,FAILED,FILE_LOCK,2026-07-13 04:30:28,6
TXN00009867,FAN_SIM_9866,MATCH003,1,0,FAILED,FILE_LOCK,2026-07-13 04:30:28,3
TXN00009781,FAN_SIM_9780,MATCH003,1,500000,FAILED,FILE_LOCK,2026-07-13 04:30:28,474
TXN00009827,FAN_SIM_9826,MATCH003,1,500000,FAILED,FILE_LOCK,2026-07-13 04:30:28,231
TXN00009803,FAN_SIM_9802,MATCH003,1,500000,FAILED,FILE_LOCK,2026-07-13 04:30:28,271
TXN00009868,FAN_SIM_9867,MATCH003,1,0,FAILED,FILE_LOCK,2026-07-13 04:30:28,3
TXN00009801,FAN_SIM_9800,MATCH003,1,500000,FAILED,FILE_LOCK,2026-07-13 04:30:28,272
TXN00009805,FAN_SIM_9804,MATCH003,1,500000,FAILED,FILE_LOCK,2026-07-13 04:30:28,272
TXN00009837,FAN_SIM_9836,MATCH003,1,500000,FAILED,FILE_LOCK,2026-07-13 04:30:28,194
TXN00009797,FAN_SIM_9796,MATCH003,1,500000,FAILED,FILE_LOCK,2026-07-13 04:30:28,331
TXN00009765,FAN_SIM_9764,MATCH003,1,500000,FAILED,FILE_LOCK,2026-07-13 04:30:28,479
TXN00009767,FAN_SIM_9766,MATCH003,1,500000,FAILED,FILE_LOCK,2026-07-13 04:30:28,479
TXN00009831,FAN_SIM_9830,MATCH003,1,500000,FAILED,FILE_LOCK,2026-07-13 04:30:28,231
TXN00009771,FAN_SIM_9770,MATCH003,1,500000,FAILED,FILE_LOCK,2026-07-13 04:30:28,478
TXN00009780,FAN_SIM_9779,MATCH003,1,500000,FAILED,FILE_LOCK,2026-07-13 04:30:28,478
TXN00009826,FAN_SIM_9825,MATCH003,1,500000,FAILED,FILE_LOCK,2026-07-13 04:30:28,240
TXN00009783,FAN_SIM_9782,MATCH003,1,500000,FAILED,FILE_LOCK,2026-07-13 04:30:28,485
TXN00009772,FAN_SIM_9771,MATCH003,1,500000,FAILED,FILE_LOCK,2026-07-13 04:30:28,487
TXN00009871,FAN_SIM_9870,MATCH003,1,0,FAILED,FILE_LOCK,2026-07-13 04:30:28,158
TXN00009904,FAN_SIM_9903,MATCH003,1,0,FAILED,FILE_LOCK,2026-07-13 04:30:28,151
TXN00009900,FAN_SIM_9899,MATCH003,1,0,FAILED,FILE_LOCK,2026-07-13 04:30:28,152
TXN00009898,FAN_SIM_9897,MATCH003,1,0,FAILED,FILE_LOCK,2026-07-13 04:30:28,152
TXN00009911,FAN_SIM_9910,MATCH003,1,0,FAILED,FILE_LOCK,2026-07-13 04:30:28,150
TXN00009906,FAN_SIM_9905,MATCH003,1,0,FAILED,FILE_LOCK,2026-07-13 04:30:28,151
TXN00009917,FAN_SIM_9916,MATCH003,1,0,FAILED,FILE_LOCK,2026-07-13 04:30:28,150
TXN00009891,FAN_SIM_9890,MATCH003,1,0,FAILED,FILE_LOCK,2026-07-13 04:30:28,152
TXN00009914,FAN_SIM_9913,MATCH003,1,0,FAILED,FILE_LOCK,2026-07-13 04:30:28,150
TXN00009875,FAN_SIM_9874,MATCH003,1,0,FAILED,FILE_LOCK,2026-07-13 04:30:28,155
TXN00009887,FAN_SIM_9886,MATCH003,1,0,FAILED,FILE_LOCK,2026-07-13 04:30:28,153
TXN00009916,FAN_SIM_9915,MATCH003,1,0,FAILED,FILE_LOCK,2026-07-13 04:30:28,150
TXN00009902,FAN_SIM_9901,MATCH003,1,0,FAILED,FILE_LOCK,2026-07-13 04:30:28,151
TXN00009896,FAN_SIM_9895,MATCH003,1,0,FAILED,FILE_LOCK,2026-07-13 04:30:28,152
TXN00009874,FAN_SIM_9873,MATCH003,1,0,FAILED,FILE_LOCK,2026-07-13 04:30:28,157
TXN00009919,FAN_SIM_9918,MATCH003,1,0,FAILED,FILE_LOCK,2026-07-13 04:30:28,149
TXN00009903,FAN_SIM_9902,MATCH003,1,0,FAILED,FILE_LOCK,2026-07-13 04:30:28,151
TXN00009881,FAN_SIM_9880,MATCH003,1,0,FAILED,FILE_LOCK,2026-07-13 04:30:28,154
TXN00009897,FAN_SIM_9896,MATCH003,1,0,FAILED,FILE_LOCK,2026-07-13 04:30:28,153
TXN00009869,FAN_SIM_9868,MATCH003,1,0,FAILED,FILE_LOCK,2026-07-13 04:30:28,161
TXN00009888,FAN_SIM_9887,MATCH003,1,0,FAILED,FILE_LOCK,2026-07-13 04:30:28,154
TXN00009892,FAN_SIM_9891,MATCH003,1,0,FAILED,FILE_LOCK,2026-07-13 04:30:28,153
TXN00009882,FAN_SIM_9881,MATCH003,1,0,FAILED,FILE_LOCK,2026-07-13 04:30:28,154
TXN00009870,FAN_SIM_9869,MATCH003,1,0,FAILED,FILE_LOCK,2026-07-13 04:30:28,160
TXN00009885,FAN_SIM_9884,MATCH003,1,0,FAILED,FILE_LOCK,2026-07-13 04:30:28,154
TXN00009901,FAN_SIM_9900,MATCH003,1,0,FAILED,FILE_LOCK,2026-07-13 04:30:28,153
TXN00009921,FAN_SIM_9920,MATCH003,1,0,FAILED,FILE_LOCK,2026-07-13 04:30:28,150
TXN00009879,FAN_SIM_9878,MATCH003,1,0,FAILED,FILE_LOCK,2026-07-13 04:30:28,155
TXN00009907,FAN_SIM_9906,MATCH003,1,0,FAILED,FILE_LOCK,2026-07-13 04:30:28,152
TXN00009890,FAN_SIM_9889,MATCH003,1,0,FAILED,FILE_LOCK,2026-07-13 04:30:28,154
TXN00009878,FAN_SIM_9877,MATCH003,1,0,FAILED,FILE_LOCK,2026-07-13 04:30:28,155
TXN00009908,FAN_SIM_9907,MATCH003,1,0,FAILED,FILE_LOCK,2026-07-13 04:30:28,154
TXN00009912,FAN_SIM_9911,MATCH003,1,0,FAILED,FILE_LOCK,2026-07-13 04:30:28,151
TXN00009905,FAN_SIM_9904,MATCH003,1,0,FAILED,FILE_LOCK,2026-07-13 04:30:28,152
TXN00009913,FAN_SIM_9912,MATCH003,1,0,FAILED,FILE_LOCK,2026-07-13 04:30:28,153
TXN00009920,FAN_SIM_9919,MATCH003,1,0,FAILED,FILE_LOCK,2026-07-13 04:30:28,152
TXN00009872,FAN_SIM_9871,MATCH003,1,0,FAILED,FILE_LOCK,2026-07-13 04:30:28,161
TXN00009910,FAN_SIM_9909,MATCH003,1,0,FAILED,FILE_LOCK,2026-07-13 04:30:28,154
TXN00009929,FAN_SIM_9928,MATCH003,1,0,FAILED,FILE_LOCK,2026-07-13 04:30:28,151
TXN00009926,FAN_SIM_9925,MATCH003,1,0,FAILED,FILE_LOCK,2026-07-13 04:30:28,152
TXN00009924,FAN_SIM_9923,MATCH003,1,0,FAILED,FILE_LOCK,2026-07-13 04:30:28,152
TXN00009883,FAN_SIM_9882,MATCH003,1,0,FAILED,FILE_LOCK,2026-07-13 04:30:28,157
TXN00009918,FAN_SIM_9917,MATCH003,1,0,FAILED,FILE_LOCK,2026-07-13 04:30:28,153
TXN00009873,FAN_SIM_9872,MATCH003,1,500000,FAILED,FILE_LOCK,2026-07-13 04:30:28,161
TXN00009930,FAN_SIM_9929,MATCH003,1,0,FAILED,FILE_LOCK,2026-07-13 04:30:28,151
TXN00009909,FAN_SIM_9908,MATCH003,1,0,FAILED,FILE_LOCK,2026-07-13 04:30:28,152
TXN00009927,FAN_SIM_9926,MATCH003,1,0,FAILED,FILE_LOCK,2026-07-13 04:30:28,152
TXN00009931,FAN_SIM_9930,MATCH003,1,0,FAILED,FILE_LOCK,2026-07-13 04:30:28,149
TXN00009923,FAN_SIM_9922,MATCH003,1,0,FAILED,FILE_LOCK,2026-07-13 04:30:28,152
TXN00009899,FAN_SIM_9898,MATCH003,1,0,FAILED,FILE_LOCK,2026-07-13 04:30:28,155
TXN00009894,FAN_SIM_9893,MATCH003,1,0,FAILED,FILE_LOCK,2026-07-13 04:30:28,155
TXN00009880,FAN_SIM_9879,MATCH003,1,0,FAILED,FILE_LOCK,2026-07-13 04:30:28,155
TXN00009886,FAN_SIM_9885,MATCH003,1,0,FAILED,FILE_LOCK,2026-07-13 04:30:28,156
TXN00009934,FAN_SIM_9933,MATCH003,1,0,FAILED,FILE_LOCK,2026-07-13 04:30:28,1
TXN00009915,FAN_SIM_9914,MATCH003,1,0,FAILED,FILE_LOCK,2026-07-13 04:30:28,151
TXN00009925,FAN_SIM_9924,MATCH003,1,0,FAILED,FILE_LOCK,2026-07-13 04:30:28,152
TXN00009884,FAN_SIM_9883,MATCH003,1,0,FAILED,FILE_LOCK,2026-07-13 04:30:28,156
TXN00009893,FAN_SIM_9892,MATCH003,1,0,FAILED,FILE_LOCK,2026-07-13 04:30:28,155
TXN00009877,FAN_SIM_9876,MATCH003,1,0,FAILED,FILE_LOCK,2026-07-13 04:30:28,157
TXN00009876,FAN_SIM_9875,MATCH003,1,0,FAILED,FILE_LOCK,2026-07-13 04:30:28,157
TXN00009932,FAN_SIM_9931,MATCH003,1,0,FAILED,FILE_LOCK,2026-07-13 04:30:28,152
TXN00009933,FAN_SIM_9932,MATCH003,1,0,FAILED,FILE_LOCK,2026-07-13 04:30:28,3
TXN00009928,FAN_SIM_9927,MATCH003,1,0,FAILED,FILE_LOCK,2026-07-13 04:30:28,152
TXN00009895,FAN_SIM_9894,MATCH003,1,0,FAILED,FILE_LOCK,2026-07-13 04:30:28,153
TXN00009889,FAN_SIM_9888,MATCH003,1,500000,FAILED,FILE_LOCK,2026-07-13 04:30:28,157
TXN00009922,FAN_SIM_9921,MATCH003,1,0,FAILED,FILE_LOCK,2026-07-13 04:30:28,152
TXN00009982,FAN_SIM_9981,MATCH003,1,0,FAILED,FILE_LOCK,2026-07-13 04:30:28,145
TXN00009988,FAN_SIM_9987,MATCH003,1,0,FAILED,FILE_LOCK,2026-07-13 04:30:28,144
TXN00009946,FAN_SIM_9945,MATCH003,1,0,FAILED,FILE_LOCK,2026-07-13 04:30:28,151
TXN00009943,FAN_SIM_9942,MATCH003,1,500000,FAILED,FILE_LOCK,2026-07-13 04:30:28,153
TXN00009950,FAN_SIM_9949,MATCH003,1,0,FAILED,FILE_LOCK,2026-07-13 04:30:28,147
TXN00009983,FAN_SIM_9982,MATCH003,1,0,FAILED,FILE_LOCK,2026-07-13 04:30:28,146
TXN00009957,FAN_SIM_9956,MATCH003,1,0,FAILED,FILE_LOCK,2026-07-13 04:30:28,147
TXN00009953,FAN_SIM_9952,MATCH003,1,0,FAILED,FILE_LOCK,2026-07-13 04:30:28,148
TXN00009961,FAN_SIM_9960,MATCH003,1,0,FAILED,FILE_LOCK,2026-07-13 04:30:28,147
TXN00009941,FAN_SIM_9940,MATCH003,1,0,FAILED,FILE_LOCK,2026-07-13 04:30:28,155
TXN00009997,FAN_SIM_9996,MATCH003,1,0,FAILED,FILE_LOCK,2026-07-13 04:30:28,132
TXN00009964,FAN_SIM_9963,MATCH003,1,0,FAILED,FILE_LOCK,2026-07-13 04:30:28,147
TXN00009966,FAN_SIM_9965,MATCH003,1,0,FAILED,FILE_LOCK,2026-07-13 04:30:28,147
TXN00009979,FAN_SIM_9978,MATCH003,1,0,FAILED,FILE_LOCK,2026-07-13 04:30:28,146
TXN00009996,FAN_SIM_9995,MATCH003,1,0,FAILED,FILE_LOCK,2026-07-13 04:30:28,132
TXN00009974,FAN_SIM_9973,MATCH003,1,0,FAILED,FILE_LOCK,2026-07-13 04:30:28,147
TXN00009984,FAN_SIM_9983,MATCH003,1,0,FAILED,FILE_LOCK,2026-07-13 04:30:28,147
TXN00009944,FAN_SIM_9943,MATCH003,1,0,FAILED,FILE_LOCK,2026-07-13 04:30:28,155
TXN00009993,FAN_SIM_9992,MATCH003,1,0,FAILED,FILE_LOCK,2026-07-13 04:30:28,146
TXN00009955,FAN_SIM_9954,MATCH003,1,0,FAILED,FILE_LOCK,2026-07-13 04:30:28,149
TXN00009991,FAN_SIM_9990,MATCH003,1,0,FAILED,FILE_LOCK,2026-07-13 04:30:28,146
TXN00009977,FAN_SIM_9976,MATCH003,1,0,FAILED,FILE_LOCK,2026-07-13 04:30:28,147
TXN00009965,FAN_SIM_9964,MATCH003,1,0,FAILED,FILE_LOCK,2026-07-13 04:30:28,148
TXN00009968,FAN_SIM_9967,MATCH003,1,0,FAILED,FILE_LOCK,2026-07-13 04:30:28,148
TXN00009962,FAN_SIM_9961,MATCH003,1,0,FAILED,FILE_LOCK,2026-07-13 04:30:28,148
TXN00009963,FAN_SIM_9962,MATCH003,1,0,FAILED,FILE_LOCK,2026-07-13 04:30:28,148
TXN00009967,FAN_SIM_9966,MATCH003,1,0,FAILED,FILE_LOCK,2026-07-13 04:30:28,148
TXN00009952,FAN_SIM_9951,MATCH003,1,0,FAILED,FILE_LOCK,2026-07-13 04:30:28,149
TXN00009995,FAN_SIM_9994,MATCH003,1,0,FAILED,FILE_LOCK,2026-07-13 04:30:28,134
TXN00009942,FAN_SIM_9941,MATCH003,1,0,FAILED,FILE_LOCK,2026-07-13 04:30:28,156
TXN00009989,FAN_SIM_9988,MATCH003,1,0,FAILED,FILE_LOCK,2026-07-13 04:30:28,146
TXN00009954,FAN_SIM_9953,MATCH003,1,0,FAILED,FILE_LOCK,2026-07-13 04:30:28,149
TXN00009994,FAN_SIM_9993,MATCH003,1,0,FAILED,FILE_LOCK,2026-07-13 04:30:28,135
TXN00009969,FAN_SIM_9968,MATCH003,1,0,FAILED,FILE_LOCK,2026-07-13 04:30:28,148
TXN00009956,FAN_SIM_9955,MATCH003,1,0,FAILED,FILE_LOCK,2026-07-13 04:30:28,150
TXN00009978,FAN_SIM_9977,MATCH003,1,0,FAILED,FILE_LOCK,2026-07-13 04:30:28,147
TXN00009973,FAN_SIM_9972,MATCH003,1,0,FAILED,FILE_LOCK,2026-07-13 04:30:28,147
TXN00009949,FAN_SIM_9948,MATCH003,1,500000,FAILED,FILE_LOCK,2026-07-13 04:30:28,152
TXN00009958,FAN_SIM_9957,MATCH003,1,0,FAILED,FILE_LOCK,2026-07-13 04:30:28,149
TXN00009938,FAN_SIM_9937,MATCH003,1,500000,FAILED,FILE_LOCK,2026-07-13 04:30:28,163
TXN00009999,FAN_SIM_9998,MATCH003,1,0,FAILED,FILE_LOCK,2026-07-13 04:30:28,3
TXN00009992,FAN_SIM_9991,MATCH003,1,0,FAILED,FILE_LOCK,2026-07-13 04:30:28,148
TXN00009951,FAN_SIM_9950,MATCH003,1,500000,FAILED,FILE_LOCK,2026-07-13 04:30:28,153
TXN00009975,FAN_SIM_9974,MATCH003,1,0,FAILED,FILE_LOCK,2026-07-13 04:30:28,148
TXN00009976,FAN_SIM_9975,MATCH003,1,500000,FAILED,FILE_LOCK,2026-07-13 04:30:28,158
TXN00009998,FAN_SIM_9997,MATCH003,1,0,FAILED,FILE_LOCK,2026-07-13 04:30:28,133
TXN00009971,FAN_SIM_9970,MATCH003,1,0,FAILED,FILE_LOCK,2026-07-13 04:30:28,149
TXN00010000,FAN_SIM_9999,MATCH003,1,0,FAILED,FILE_LOCK,2026-07-13 04:30:28,2
TXN00009948,FAN_SIM_9947,MATCH003,1,500000,FAILED,FILE_LOCK,2026-07-13 04:30:28,153
TXN00009987,FAN_SIM_9986,MATCH003,1,0,FAILED,FILE_LOCK,2026-07-13 04:30:28,148
TXN00009985,FAN_SIM_9984,MATCH003,1,500000,FAILED,FILE_LOCK,2026-07-13 04:30:28,150
TXN00009937,FAN_SIM_9936,MATCH003,1,0,FAILED,FILE_LOCK,2026-07-13 04:30:28,160
TXN00009980,FAN_SIM_9979,MATCH003,1,0,FAILED,FILE_LOCK,2026-07-13 04:30:28,148
TXN00009970,FAN_SIM_9969,MATCH003,1,500000,FAILED,FILE_LOCK,2026-07-13 04:30:28,151
TXN00009939,FAN_SIM_9938,MATCH003,1,500000,FAILED,FILE_LOCK,2026-07-13 04:30:28,164
TXN00009960,FAN_SIM_9959,MATCH003,1,0,FAILED,FILE_LOCK,2026-07-13 04:30:28,150
TXN00009945,FAN_SIM_9944,MATCH003,1,500000,FAILED,FILE_LOCK,2026-07-13 04:30:28,156
TXN00009940,FAN_SIM_9939,MATCH003,1,500000,FAILED,FILE_LOCK,2026-07-13 04:30:28,158
TXN00009935,FAN_SIM_9934,MATCH003,1,0,FAILED,FILE_LOCK,2026-07-13 04:30:28,163
TXN00009972,FAN_SIM_9971,MATCH003,1,500000,FAILED,FILE_LOCK,2026-07-13 04:30:28,157
TXN00009947,FAN_SIM_9946,MATCH003,1,0,FAILED,FILE_LOCK,2026-07-13 04:30:28,153
TXN00009990,FAN_SIM_9989,MATCH003,1,0,FAILED,FILE_LOCK,2026-07-13 04:30:28,148
TXN00009936,FAN_SIM_9935,MATCH003,1,0,FAILED,FILE_LOCK,2026-07-13 04:30:28,161
TXN00009981,FAN_SIM_9980,MATCH003,1,0,FAILED,FILE_LOCK,2026-07-13 04:30:28,148
TXN00009986,FAN_SIM_9985,MATCH003,1,0,FAILED,FILE_LOCK,2026-07-13 04:30:28,148
TXN00009959,FAN_SIM_9958,MATCH003,1,0,FAILED,FILE_LOCK,2026-07-13 04:30:28,150
